Price range,Aggregate rating,Votes,Restaurant_Name_Length,Address_Length,Cuisine_Count,Votes_per_Cost,Has_Table_Booking,Has_Online_Delivery
3,4.8,314,16,71,3,0.2851952770208901,1,0
3,4.5,591,16,67,1,0.492089925062448,1,0
4,4.4,270,22,56,4,0.0674831292176955,1,0
4,4.9,365,4,70,2,0.2431712191872085,0,0
4,4.8,229,11,64,2,0.1525649566955363,1,0
3,4.4,336,12,71,1,0.3356643356643357,0,0
4,4.0,520,10,83,2,0.2598700649675162,1,0
4,4.2,677,7,81,4,0.3383308345827086,1,0
4,4.9,621,40,69,3,0.1034827528745209,1,0
3,4.8,532,8,67,1,0.4831970935513169,1,0
3,4.9,1070,16,44,2,1.3358302122347063,0,0
3,4.2,488,31,44,3,0.5416204217536071,1,0
3,4.8,294,16,68,2,0.3670411985018726,0,0
3,4.2,458,10,68,1,0.4575424575424575,1,0
3,4.3,223,23,53,1,0.3181169757489301,0,0
3,3.6,29,13,77,4,0.0362047440699126,0,0
3,4.0,72,24,65,2,0.0846063454759107,0,0
3,4.5,211,10,32,1,0.1756869275603663,1,0
2,4.5,118,26,103,3,0.1963394342762063,0,0
4,4.4,392,23,97,4,0.2611592271818787,1,0
4,4.7,535,14,92,4,0.1782739086971009,1,0
4,4.5,618,29,87,4,0.3431426985008328,1,0
2,3.0,6,11,49,2,0.1071428571428571,0,0
1,3.8,9,19,48,1,0.2903225806451613,0,0
2,3.7,11,24,51,1,0.2391304347826087,0,0
3,3.8,11,5,47,1,0.180327868852459,0,0
2,3.2,11,14,45,1,0.2156862745098039,0,0
3,3.1,10,10,45,1,0.1234567901234567,0,0
3,3.7,8,7,46,1,0.0879120879120879,0,0
4,3.7,5,8,45,1,0.0248756218905472,0,0
1,0.0,2,14,67,2,0.064516129032258,0,0
4,4.1,12,12,44,1,0.0794701986754966,0,0
4,3.1,9,8,45,1,0.0891089108910891,0,0
3,3.6,9,11,59,2,0.1475409836065573,0,0
4,4.3,29,8,72,2,0.2871287128712871,0,0
4,4.2,17,10,65,1,0.0735930735930736,0,0
4,3.6,5,6,64,2,0.0495049504950495,0,0
4,4.0,10,18,61,2,0.0662251655629139,0,0
4,3.2,6,7,54,1,0.0248962655601659,0,0
4,4.9,30,10,73,1,0.1298701298701298,0,0
4,3.3,8,4,68,1,0.0227920227920227,0,0
2,3.6,9,26,47,2,0.1764705882352941,0,0
4,4.0,7,21,88,3,0.0496453900709219,0,0
4,4.8,29,19,47,2,0.2871287128712871,0,0
3,4.7,24,4,45,2,0.3934426229508196,0,0
3,4.5,29,9,55,3,0.3186813186813186,0,0
4,4.2,11,4,54,1,0.0643274853801169,0,0
3,4.8,19,9,69,1,0.3114754098360656,0,0
4,4.9,40,18,49,2,0.396039603960396,0,0
3,4.6,21,10,53,4,0.2307692307692307,0,0
4,4.9,49,17,51,2,0.4049586776859504,0,0
4,4.6,21,22,48,1,0.1228070175438596,0,0
3,4.3,14,13,66,1,0.1538461538461538,0,0
4,4.0,5,16,90,1,0.0331125827814569,0,0
4,4.6,25,12,46,1,0.099601593625498,0,0
4,4.4,13,14,67,3,0.1074380165289256,0,0
2,4.2,7,10,46,1,0.1707317073170731,0,0
4,4.2,8,7,46,2,0.0318725099601593,0,0
3,0.0,1,21,97,2,0.0140845070422535,0,0
4,4.7,44,10,48,1,0.1461794019933555,0,0
3,4.6,24,17,51,2,0.2790697674418604,0,0
3,4.3,10,17,45,2,0.1234567901234567,0,0
4,4.5,49,24,49,2,0.1952191235059761,0,0
4,4.4,17,30,55,2,0.0677290836653386,0,0
3,3.1,5,11,49,1,0.0704225352112676,0,0
4,4.1,15,9,50,1,0.1485148514851485,0,0
4,4.8,59,19,82,2,0.1960132890365448,0,0
4,4.6,30,15,48,3,0.2479338842975206,0,0
3,3.9,5,18,42,2,0.0657894736842105,0,0
2,0.0,0,16,54,1,0.0,0,0
4,3.4,73,17,69,1,0.36318407960199,0,0
4,3.5,9,10,48,2,0.0743801652892562,0,0
4,4.3,39,19,75,3,0.1295681063122923,0,0
4,3.9,12,9,65,1,0.0519480519480519,0,0
4,4.3,68,5,45,2,0.5619834710743802,0,0
4,4.3,46,7,57,2,0.304635761589404,0,0
4,4.4,37,16,77,1,0.0922693266832917,0,0
3,0.0,2,13,92,2,0.0303030303030303,0,0
2,0.0,2,11,91,1,0.0392156862745098,0,0
4,4.4,22,15,76,2,0.2178217821782178,0,0
3,4.6,58,6,52,3,0.8169014084507042,0,0
4,4.1,11,24,59,2,0.0909090909090909,0,0
2,3.3,35,27,34,3,1.3461538461538465,0,0
1,3.3,25,19,32,2,2.272727272727273,0,0
1,3.4,34,13,34,1,34.0,0,0
1,3.4,45,29,32,1,45.0,0,0
1,3.4,26,30,37,2,2.363636363636364,0,0
1,3.4,36,30,36,1,36.0,0,0
1,3.5,67,11,32,1,6.090909090909091,0,0
1,3.9,141,29,38,3,12.818181818181818,0,0
2,3.7,147,12,34,3,5.653846153846154,0,0
4,3.5,51,27,38,3,0.7183098591549296,0,0
2,3.6,88,14,32,3,3.3846153846153846,0,0
1,3.8,153,28,38,1,13.909090909090908,0,0
1,3.9,160,17,34,1,14.545454545454543,0,0
2,3.5,57,17,37,3,2.1923076923076925,0,0
2,3.5,58,19,32,2,2.230769230769231,0,0
3,3.6,115,26,32,3,2.804878048780488,0,0
3,3.5,51,27,37,3,1.2439024390243902,0,0
3,3.8,250,35,44,3,6.097560975609756,0,0
1,3.7,117,13,37,2,10.636363636363637,0,0
1,3.4,20,15,38,3,1.818181818181818,0,0
2,3.5,25,15,27,2,1.1904761904761905,0,0
3,4.5,1821,17,34,3,44.41463414634146,0,0
1,4.5,849,21,20,1,77.18181818181819,0,0
1,4.6,917,9,34,1,83.36363636363636,0,0
1,3.9,439,18,47,2,39.90909090909091,0,0
1,3.7,289,9,33,3,26.272727272727277,0,0
1,4.3,558,19,33,2,50.72727272727273,0,0
1,4.2,613,7,37,3,55.72727272727273,0,0
2,4.0,353,33,32,3,13.576923076923077,0,0
2,4.1,387,34,40,3,14.884615384615383,0,0
3,4.3,755,10,41,1,18.414634146341463,0,0
1,4.2,800,4,32,3,72.72727272727273,0,0
1,4.1,350,10,33,1,31.818181818181817,0,0
3,4.1,464,24,32,1,11.317073170731708,0,0
2,4.2,550,9,34,3,21.153846153846157,0,0
1,4.1,543,16,32,2,49.36363636363637,0,0
3,4.1,465,12,37,2,11.341463414634148,0,0
1,4.4,546,17,37,1,49.63636363636363,0,0
1,4.4,1098,17,34,3,99.8181818181818,0,0
2,4.2,579,12,31,2,22.26923076923077,0,0
1,4.1,374,23,32,3,34.0,0,0
3,4.6,717,33,41,2,17.48780487804878,0,0
3,4.9,548,18,38,3,13.365853658536585,0,0
2,4.5,631,15,34,3,24.26923076923077,0,0
1,3.9,372,16,28,3,33.81818181818182,0,0
2,3.9,201,15,32,2,7.730769230769231,0,0
3,3.8,332,19,41,2,8.097560975609756,0,0
2,3.5,304,18,36,1,11.692307692307692,0,0
3,4.3,368,18,36,1,8.975609756097562,0,0
2,4.1,430,39,34,3,16.53846153846154,0,0
2,4.4,433,15,32,3,16.653846153846153,0,0
1,4.0,380,20,31,1,34.54545454545455,0,0
2,4.0,456,22,37,3,17.53846153846154,0,0
3,4.2,647,9,35,3,15.78048780487805,0,0
3,4.0,360,14,31,1,8.78048780487805,0,0
2,4.0,227,16,37,1,8.73076923076923,0,0
2,3.9,290,13,37,1,11.153846153846152,0,0
1,4.1,270,7,34,1,24.545454545454547,0,0
2,4.0,326,22,37,2,12.538461538461538,0,0
3,4.3,317,12,37,1,8.805555555555555,0,0
1,4.2,300,28,40,1,27.272727272727277,0,0
2,3.2,21,17,34,1,1.0,0,0
2,4.6,237,19,55,2,11.285714285714286,0,0
2,4.5,879,8,31,2,33.80769230769231,0,0
2,4.6,615,29,37,2,23.653846153846157,0,0
2,4.5,879,24,35,2,33.80769230769231,0,0
4,3.9,379,20,31,3,5.338028169014085,0,0
1,4.3,303,31,35,2,27.545454545454547,0,0
4,4.1,538,19,32,2,7.577464788732394,0,0
1,4.2,334,9,32,3,30.363636363636363,0,0
2,4.3,555,21,29,2,21.346153846153847,0,0
1,4.4,823,17,35,2,74.81818181818181,0,0
2,4.1,550,19,36,1,21.153846153846157,0,0
2,4.4,650,4,29,2,25.0,0,0
1,4.3,410,37,29,1,37.27272727272727,0,0
1,4.4,660,10,36,1,60.0,0,0
2,4.4,360,27,32,3,13.846153846153848,0,0
3,4.0,340,19,31,2,8.292682926829269,0,0
2,4.1,393,22,29,3,15.115384615384617,0,0
1,4.3,422,15,36,1,38.36363636363637,0,0
3,4.0,435,7,41,1,10.609756097560975,0,0
2,4.0,369,15,49,3,14.192307692307692,0,0
3,4.4,487,8,34,1,11.878048780487806,0,0
3,3.7,98,9,39,3,2.3902439024390243,0,0
3,4.1,365,28,41,2,8.902439024390244,0,0
1,4.1,190,16,43,1,17.272727272727273,0,0
3,4.1,429,27,39,3,10.46341463414634,0,0
2,4.4,430,14,39,3,16.53846153846154,0,0
2,4.2,186,14,45,1,7.153846153846154,0,0
1,4.2,220,20,40,3,20.0,0,0
1,4.2,347,18,40,1,31.545454545454547,0,0
2,3.8,161,8,36,3,6.1923076923076925,0,0
2,4.1,160,12,33,1,6.153846153846154,0,0
1,4.9,820,23,36,1,74.54545454545455,0,0
1,4.5,488,26,34,3,44.36363636363637,0,0
2,3.6,253,14,36,2,9.73076923076923,0,0
3,3.8,220,5,40,3,5.365853658536586,0,0
2,4.3,485,21,41,1,18.653846153846157,0,0
3,4.3,428,17,33,1,10.439024390243905,0,0
2,4.1,294,10,42,2,11.307692307692308,0,0
3,4.0,380,7,34,3,9.268292682926829,0,0
2,4.2,259,22,44,1,9.961538461538462,0,0
2,4.7,433,14,29,2,16.653846153846153,0,0
2,3.7,176,11,40,2,6.769230769230769,0,0
1,4.3,96,22,31,3,8.727272727272727,0,0
2,3.1,6,20,48,2,0.2307692307692307,0,0
1,3.3,33,22,33,2,3.0,0,0
2,4.6,489,26,40,3,18.807692307692307,0,0
2,4.5,345,18,34,1,13.26923076923077,0,0
2,3.8,149,11,38,3,5.730769230769231,0,0
2,3.9,330,14,33,2,12.692307692307692,0,0
3,3.9,247,25,38,2,6.024390243902439,0,0
1,3.7,123,28,40,3,11.181818181818182,0,0
3,3.6,109,36,33,3,2.658536585365854,0,0
3,3.7,134,21,40,3,3.268292682926829,0,0
3,4.2,722,22,34,3,17.609756097560975,0,0
2,4.3,213,32,40,1,8.192307692307692,0,0
2,4.0,335,28,40,1,12.884615384615383,0,0
2,4.0,353,18,35,2,13.576923076923077,0,0
1,4.0,170,8,41,2,170.0,0,0
2,4.1,192,15,38,1,7.384615384615385,0,0
3,4.1,302,8,32,2,7.365853658536586,0,0
1,4.2,355,28,42,2,32.27272727272727,0,0
2,4.3,287,13,33,1,11.038461538461538,0,0
3,4.0,264,10,39,3,6.439024390243903,0,0
3,4.4,235,12,36,3,5.7317073170731705,0,0
2,3.0,6,18,37,2,0.2307692307692307,0,0
2,3.7,38,29,33,3,1.4615384615384617,0,0
1,4.4,122,27,37,2,11.090909090909092,0,0
2,4.4,207,21,32,1,7.961538461538462,0,0
1,3.9,66,27,39,2,6.0,0,0
1,4.9,249,12,40,3,22.63636363636364,0,0
2,3.8,63,19,32,1,2.423076923076923,0,0
3,3.8,145,24,35,2,3.5365853658536586,0,0
1,3.8,83,10,35,1,7.545454545454546,0,0
2,3.7,116,33,31,1,4.461538461538462,0,0
1,4.1,122,15,35,2,11.090909090909092,0,0
1,4.1,142,27,37,1,12.909090909090908,0,0
1,4.1,114,10,41,1,10.363636363636363,0,0
2,4.6,214,20,48,3,8.23076923076923,0,0
1,4.3,116,12,51,1,10.545454545454543,0,0
2,4.2,111,11,47,1,4.269230769230769,0,0
1,3.7,25,21,37,2,2.272727272727273,0,0
1,4.1,128,18,35,1,11.636363636363637,0,0
1,4.3,244,12,40,3,22.181818181818183,0,0
1,4.2,112,16,37,3,10.181818181818182,0,0
1,4.1,144,21,51,2,13.090909090909092,0,0
2,4.6,166,15,38,3,6.384615384615385,0,0
3,4.5,208,29,35,2,5.073170731707317,0,0
2,3.9,136,22,37,2,5.230769230769231,0,0
1,4.0,85,21,37,3,7.727272727272727,0,0
2,4.1,117,18,35,1,4.5,0,0
2,3.4,53,33,34,2,2.0384615384615383,0,0
2,4.9,474,19,37,1,18.23076923076923,0,0
1,3.9,125,11,38,1,11.363636363636363,0,0
4,3.7,201,16,33,2,2.830985915492957,0,0
2,0.0,2,11,27,3,0.0769230769230769,0,0
2,0.0,3,10,40,1,0.1153846153846153,0,0
1,4.3,167,6,42,1,167.0,0,0
2,4.0,112,10,35,1,4.307692307692308,0,0
2,4.1,256,22,35,1,9.846153846153848,0,0
1,4.3,123,20,35,1,11.181818181818182,0,0
2,4.0,199,27,40,1,7.653846153846154,0,0
2,4.1,157,10,36,1,6.038461538461538,0,0
2,4.1,100,23,40,1,3.8461538461538463,0,0
3,4.2,141,5,40,2,3.4390243902439024,0,0
2,4.2,197,15,39,3,7.576923076923077,0,0
2,4.5,1025,12,31,3,39.42307692307692,0,0
2,4.9,570,8,36,2,21.923076923076923,0,0
3,4.5,674,12,37,3,16.4390243902439,0,0
2,4.1,496,10,36,3,19.07692307692308,0,0
2,4.0,411,21,49,2,15.807692307692308,0,0
2,3.2,113,4,41,2,4.346153846153846,0,0
3,4.5,1109,6,36,2,27.04878048780488,0,0
2,4.6,728,12,36,2,28.0,0,0
1,4.4,659,17,38,4,59.90909090909091,0,0
3,4.2,370,28,35,3,9.024390243902438,0,0
3,4.3,532,6,37,1,12.975609756097562,0,0
2,4.8,860,8,37,2,33.07692307692308,0,0
1,4.2,943,25,39,3,85.72727272727273,0,0
4,4.1,476,18,38,2,6.704225352112676,0,0
1,4.1,218,16,35,1,19.818181818181817,0,0
1,4.0,214,14,39,3,19.454545454545453,0,0
2,4.3,699,12,37,2,26.884615384615383,0,0
2,3.8,308,27,39,2,11.846153846153848,0,0
2,4.0,157,9,40,1,6.038461538461538,0,0
3,4.2,530,25,46,2,12.926829268292684,0,0
1,3.6,29,17,34,3,3.625,0,0
1,3.4,33,16,31,1,3.0,0,0
2,3.3,40,17,33,1,1.5384615384615383,0,0
1,3.4,153,26,31,1,13.909090909090908,0,0
2,3.3,65,11,30,3,2.5,0,0
2,3.4,58,16,34,1,2.230769230769231,0,0
2,3.5,100,17,33,3,3.8461538461538463,0,0
1,3.6,156,13,35,1,14.181818181818182,0,0
1,3.5,74,29,33,3,74.0,0,0
2,3.6,117,10,41,2,4.5,0,0
3,3.7,83,38,38,3,2.024390243902439,0,0
2,3.6,48,28,34,2,1.8461538461538465,0,0
3,3.8,198,13,31,2,4.829268292682927,0,0
1,3.5,126,11,32,1,11.454545454545457,0,0
1,3.5,119,21,32,2,10.818181818181818,0,0
2,3.6,140,26,31,2,5.384615384615385,0,0
3,3.6,159,26,30,1,3.8780487804878048,0,0
2,3.6,131,14,32,2,5.038461538461538,0,0
1,3.5,60,26,34,3,5.454545454545454,0,0
2,3.7,89,14,35,4,3.423076923076923,0,0
4,3.6,72,15,34,3,1.0140845070422535,0,0
2,4.1,56,17,37,1,2.6666666666666665,0,0
1,3.7,83,36,37,1,7.545454545454546,0,0
3,3.5,37,15,31,2,1.1935483870967742,0,0
2,3.7,29,15,25,2,1.380952380952381,0,0
2,4.4,239,26,51,3,9.192307692307692,0,0
1,4.1,235,29,40,3,21.363636363636363,0,0
2,3.8,88,21,35,3,3.3846153846153846,0,0
3,3.9,209,14,33,1,5.097560975609756,0,0
1,3.9,133,15,33,1,12.090909090909092,0,0
1,4.4,267,32,43,3,24.272727272727277,0,0
2,4.1,171,22,40,3,6.576923076923077,0,0
2,3.8,107,26,46,1,4.115384615384615,0,0
3,4.3,164,10,44,2,4.0,0,0
1,4.1,182,23,46,2,16.545454545454547,0,0
2,4.9,681,30,52,3,26.192307692307693,0,0
1,4.6,357,11,42,1,32.45454545454545,0,0
2,3.8,89,28,73,1,3.423076923076923,0,0
2,4.2,350,5,39,3,13.461538461538462,0,0
1,4.3,298,15,45,1,27.09090909090909,0,0
2,4.2,319,7,41,2,12.26923076923077,0,0
3,3.8,114,8,34,1,2.7804878048780486,0,0
1,3.9,136,21,31,2,12.363636363636363,0,0
2,2.2,108,12,37,3,4.153846153846154,0,0
1,4.0,161,39,32,3,14.636363636363637,0,0
2,3.8,192,19,50,3,9.142857142857142,0,0
1,3.8,93,25,47,3,11.625,0,0
2,4.1,40,13,26,2,1.9047619047619049,0,0
1,3.7,100,14,30,3,12.5,0,0
1,3.8,97,13,35,2,12.125,0,0
1,3.6,41,21,30,3,3.727272727272727,0,0
2,4.5,799,27,32,1,30.73076923076923,0,0
2,3.6,18,21,25,2,0.8571428571428571,0,0
2,3.5,31,3,28,1,1.4761904761904765,0,0
2,3.9,146,19,38,3,5.615384615384615,0,0
1,4.9,478,23,35,2,43.45454545454545,0,0
2,4.6,467,30,35,1,17.96153846153846,0,0
2,4.5,302,27,34,2,11.615384615384617,0,0
2,4.5,289,7,30,3,11.115384615384617,0,0
3,3.8,102,8,30,1,2.4878048780487805,0,0
3,4.1,293,14,34,2,7.146341463414634,0,0
4,4.0,195,14,32,1,2.7464788732394365,0,0
1,4.3,244,17,30,3,22.181818181818183,0,0
4,4.2,379,9,36,3,5.338028169014085,0,0
1,4.2,223,37,37,3,20.272727272727277,0,0
2,3.7,243,24,47,3,9.346153846153848,0,0
2,3.7,104,16,38,1,4.0,0,0
1,3.7,153,21,47,3,13.909090909090908,0,0
2,3.8,323,19,42,3,12.423076923076923,0,0
1,4.1,181,33,42,1,16.454545454545453,0,0
2,4.0,316,13,41,3,12.153846153846152,0,0
2,4.2,288,12,53,1,11.076923076923077,0,0
1,4.0,232,11,45,3,21.09090909090909,0,0
3,4.1,314,37,41,3,7.658536585365853,0,0
2,2.9,11,11,28,1,0.5238095238095238,0,0
1,2.4,17,19,40,2,1.5454545454545454,0,0
3,3.8,176,13,35,2,5.67741935483871,0,0
1,3.4,11,20,36,1,11.0,0,0
2,3.6,65,29,29,2,2.5,0,0
3,2.4,193,10,27,2,6.225806451612903,0,0
3,3.6,30,23,83,3,0.7317073170731707,0,0
3,4.4,981,31,41,2,23.92682926829268,0,0
3,4.5,1151,6,49,1,25.02173913043478,0,0
3,4.7,1341,16,52,3,37.25,0,0
4,4.3,782,36,52,1,15.333333333333334,0,0
3,4.6,1293,17,43,2,31.536585365853657,0,0
4,4.6,2324,15,43,2,23.00990099009901,0,0
3,4.3,910,27,43,1,19.782608695652176,0,0
4,4.4,886,23,42,1,17.372549019607842,0,0
3,4.6,1293,25,38,2,35.916666666666664,0,0
1,4.4,570,22,41,3,51.81818181818182,0,0
4,4.4,1685,22,43,1,27.62295081967213,0,0
3,4.8,1699,30,38,1,41.4390243902439,0,0
2,4.9,1457,35,40,3,56.03846153846154,0,0
3,4.9,1252,15,34,3,34.77777777777778,0,0
2,4.7,1412,27,40,1,54.30769230769231,0,0
2,3.6,432,8,44,3,16.615384615384617,0,0
3,4.2,568,26,37,2,13.853658536585366,0,0
2,4.4,797,19,50,3,30.653846153846157,0,0
3,4.4,1158,9,47,1,28.24390243902439,0,0
3,4.4,1998,16,45,1,48.73170731707317,0,0
3,4.4,381,18,37,2,12.290322580645162,0,0
4,2.6,16,7,29,1,0.1322314049586777,0,0
2,3.4,19,6,24,3,0.9047619047619048,0,0
2,4.2,635,26,38,3,24.423076923076923,0,0
3,4.9,2238,29,41,3,54.58536585365854,0,0
1,4.6,792,26,40,3,72.0,0,0
1,4.5,828,27,37,2,75.27272727272727,0,0
3,3.7,292,24,37,3,7.121951219512195,0,0
2,3.9,502,30,38,1,19.307692307692307,0,0
2,3.7,559,11,31,2,21.5,0,0
2,4.2,1268,18,36,3,48.76923076923077,0,0
3,4.1,669,11,41,2,16.317073170731707,0,0
3,4.4,900,12,40,3,21.951219512195124,0,0
2,4.3,765,7,43,2,29.423076923076923,0,0
3,4.0,1270,14,38,3,30.97560975609756,0,0
2,4.1,502,11,35,3,19.307692307692307,0,0
3,3.9,724,23,50,1,17.658536585365855,0,0
3,3.5,479,24,50,3,11.682926829268292,0,0
2,4.2,591,11,46,2,22.73076923076923,0,0
3,4.4,1408,14,47,3,34.34146341463415,0,0
3,4.3,905,16,56,2,22.07317073170732,0,0
1,4.7,816,38,41,1,74.18181818181819,0,0
3,4.4,747,18,41,3,18.21951219512195,0,0
2,3.7,351,14,30,3,16.714285714285715,0,0
1,3.7,104,13,35,2,9.454545454545457,0,0
3,3.5,83,15,39,3,1.8043478260869563,0,0
1,3.6,91,14,41,2,8.272727272727273,0,0
1,3.6,59,11,40,2,59.0,0,0
3,3.7,222,26,35,3,5.414634146341464,0,0
3,3.6,121,11,43,2,3.903225806451613,0,0
1,3.5,93,12,51,1,8.454545454545455,0,0
1,3.8,136,20,34,2,12.363636363636363,0,0
1,3.8,160,12,34,2,14.545454545454543,0,0
2,3.7,152,22,34,2,5.846153846153846,0,0
1,3.5,57,21,37,3,5.181818181818182,0,0
2,3.7,191,23,30,2,7.346153846153846,0,0
3,3.6,85,29,34,3,2.073170731707317,0,0
1,3.6,108,13,34,1,108.0,0,0
2,3.6,132,12,40,3,5.076923076923077,0,0
2,3.8,141,20,38,3,5.423076923076923,0,0
2,3.7,162,13,32,2,6.230769230769231,0,0
3,3.6,144,10,37,1,3.5121951219512195,0,0
2,0.0,1,10,28,2,0.0384615384615384,0,0
1,4.1,365,12,38,1,33.18181818181818,0,0
2,3.3,9,21,39,3,0.3461538461538461,0,0
4,4.0,542,16,34,1,7.633802816901408,0,0
2,4.5,691,23,39,1,26.57692307692308,0,0
3,4.7,764,20,46,3,21.22222222222222,0,0
1,4.7,707,16,36,1,64.27272727272727,0,0
3,4.5,487,18,34,1,15.709677419354838,0,0
1,4.5,695,11,34,2,63.18181818181818,0,0
3,4.2,485,29,59,1,11.829268292682928,0,0
3,4.2,807,37,32,3,19.682926829268293,0,0
1,4.6,723,11,33,1,65.72727272727273,0,0
1,4.2,874,17,32,3,79.45454545454545,0,0
2,4.4,552,6,45,2,21.23076923076923,0,0
3,4.3,1056,10,38,3,25.75609756097561,0,0
3,4.3,707,6,31,3,17.24390243902439,0,0
4,4.9,1343,17,27,2,18.91549295774648,0,0
1,4.9,602,13,37,1,54.72727272727273,0,0
3,4.6,1078,10,33,3,26.29268292682927,0,0
2,3.9,232,14,37,1,8.923076923076923,0,0
4,4.4,1492,14,37,3,21.01408450704225,0,0
1,4.0,535,14,37,1,48.63636363636363,0,0
4,4.2,531,5,33,3,7.47887323943662,0,0
2,4.2,694,20,39,3,26.692307692307693,0,0
3,3.3,1201,15,37,1,29.29268292682927,0,0
3,4.7,906,15,41,1,22.09756097560976,0,0
1,4.6,880,19,42,3,80.0,0,0
3,4.5,1014,24,34,2,24.73170731707317,0,0
2,4.5,796,7,37,3,30.615384615384617,0,0
2,3.7,747,26,31,3,28.73076923076923,0,0
3,3.8,566,25,33,3,13.804878048780488,0,0
2,4.1,683,19,32,2,26.26923076923077,0,0
2,4.4,690,19,34,2,26.53846153846154,0,0
1,4.2,680,30,33,2,61.81818181818182,0,0
1,4.1,287,7,33,2,26.09090909090909,0,0
3,4.1,802,19,34,2,19.5609756097561,0,0
2,4.3,710,16,34,3,27.307692307692307,0,0
1,4.3,456,20,35,2,41.45454545454545,0,0
4,4.0,687,18,36,3,9.67605633802817,0,0
2,4.3,719,15,35,3,27.653846153846157,0,0
4,4.4,1803,19,34,3,25.3943661971831,0,0
4,4.1,558,18,31,1,7.859154929577465,0,0
3,3.8,883,14,44,1,21.536585365853657,0,0
1,3.9,309,24,39,1,28.09090909090909,0,0
4,3.4,34,9,46,3,0.1129568106312292,0,0
4,4.0,33,20,48,2,0.1217712177121771,0,0
4,3.8,33,16,26,3,0.0658682634730539,0,0
4,3.1,34,16,25,1,0.419753086419753,0,0
4,3.8,35,4,48,1,0.0812064965197215,0,0
4,3.9,33,21,28,1,0.1044303797468354,0,0
2,4.2,29,16,19,1,1.380952380952381,0,0
4,4.1,35,20,42,1,0.3465346534653465,0,0
3,3.2,29,19,44,4,0.5686274509803921,0,0
4,3.2,30,22,67,3,0.3703703703703703,0,0
3,3.7,33,23,24,1,0.8048780487804879,0,0
3,3.0,25,23,48,5,0.8064516129032258,0,0
4,3.8,30,6,56,3,0.1357466063348416,0,0
4,3.9,34,15,64,4,0.1129568106312292,0,0
4,3.1,33,9,20,3,0.5409836065573771,0,0
4,3.2,32,4,46,3,0.5245901639344263,0,0
4,3.2,30,10,44,2,0.3125,0,0
3,3.8,28,8,22,5,0.5490196078431373,0,0
3,3.9,35,14,28,1,0.8536585365853658,0,0
4,3.2,33,14,40,4,0.4342105263157895,0,0
3,3.7,100,16,33,3,2.4390243902439024,0,0
1,3.6,92,15,38,3,8.363636363636363,0,0
1,3.8,182,17,34,3,16.545454545454547,0,0
1,3.6,76,13,35,1,6.909090909090909,0,0
3,3.7,129,28,32,2,3.1463414634146343,0,0
2,3.6,94,21,40,2,3.615384615384616,0,0
2,3.8,129,12,45,1,4.961538461538462,0,0
2,3.8,178,13,42,1,6.846153846153846,0,0
1,3.7,97,13,35,1,8.818181818181818,0,0
1,3.9,161,12,33,3,14.636363636363637,0,0
1,3.7,122,9,36,1,11.090909090909092,0,0
1,3.8,195,22,36,2,17.727272727272727,0,0
3,3.7,146,26,40,3,3.5609756097560976,0,0
1,3.7,117,28,45,1,10.636363636363637,0,0
2,3.8,187,5,33,3,7.1923076923076925,0,0
3,3.9,239,37,47,3,5.829268292682927,0,0
1,4.0,303,20,34,3,27.545454545454547,0,0
3,4.0,280,14,35,1,6.829268292682927,0,0
2,4.0,271,16,37,1,10.423076923076923,0,0
4,3.5,58,29,40,3,0.8169014084507042,0,0
2,4.6,1321,24,43,3,50.80769230769231,0,0
2,4.6,1629,16,37,3,62.65384615384615,0,0
2,4.1,921,10,50,3,35.42307692307692,0,0
2,4.1,986,30,36,2,37.92307692307692,0,0
2,4.1,1020,20,40,3,39.23076923076923,0,0
4,4.7,3157,18,34,3,44.46478873239437,0,0
3,3.9,665,23,33,1,16.21951219512195,0,0
4,3.9,373,22,35,1,5.253521126760563,0,0
2,4.4,1007,30,33,3,38.73076923076923,0,0
2,4.4,803,10,36,2,30.884615384615383,0,0
3,4.2,1363,15,40,3,33.24390243902439,0,0
1,4.9,1424,24,40,2,129.45454545454547,0,0
3,4.5,844,20,48,3,20.585365853658537,0,0
3,4.9,1413,42,41,2,34.46341463414634,0,0
3,4.5,1203,19,38,2,29.341463414634145,0,0
3,4.7,3074,4,38,2,74.97560975609755,0,0
3,4.8,1715,30,36,3,41.829268292682926,0,0
1,4.5,1868,8,39,2,169.8181818181818,0,0
3,4.0,875,12,37,2,21.341463414634145,0,0
3,4.4,1746,19,31,2,42.58536585365854,0,0
3,4.4,339,19,25,2,10.935483870967742,0,0
2,4.1,87,15,31,1,4.142857142857143,0,0
2,3.4,98,18,36,1,3.769230769230769,0,0
2,3.1,83,27,34,1,3.1923076923076925,0,0
3,3.9,231,20,38,2,5.634146341463414,0,0
3,3.7,216,17,35,3,5.2682926829268295,0,0
3,3.8,185,12,39,3,5.138888888888889,0,0
2,3.7,185,9,38,2,7.115384615384615,0,0
1,3.8,281,8,34,3,25.545454545454547,0,0
3,3.7,137,20,35,2,3.341463414634146,0,0
2,3.7,209,25,36,1,8.038461538461538,0,0
1,3.7,168,10,38,1,15.272727272727272,0,0
2,3.9,243,22,32,2,9.346153846153848,0,0
3,3.8,221,34,32,2,5.390243902439025,0,0
1,3.5,46,23,38,1,4.181818181818182,0,0
2,3.9,262,15,35,2,10.076923076923077,0,0
2,3.7,183,30,38,1,7.038461538461538,0,0
4,3.5,208,38,34,3,2.9295774647887325,0,0
2,3.8,245,15,42,2,9.423076923076923,0,0
2,3.8,199,24,36,1,7.653846153846154,0,0
3,3.8,225,15,39,1,5.487804878048781,0,0
2,4.1,575,16,38,1,22.115384615384617,0,0
1,4.3,88,15,33,2,8.0,0,0
2,3.6,96,34,37,3,4.571428571428571,0,0
4,4.3,204,21,46,3,2.8732394366197185,0,0
1,3.2,18,27,36,2,1.6363636363636365,0,0
2,3.7,134,28,37,3,5.153846153846154,0,0
1,3.9,190,23,36,1,17.272727272727273,0,0
1,3.8,136,28,42,1,12.363636363636363,0,0
2,3.7,113,21,42,2,4.346153846153846,0,0
1,3.6,69,21,44,2,6.2727272727272725,0,0
3,3.6,89,7,34,3,2.1707317073170733,0,0
2,3.6,80,27,36,3,3.076923076923077,0,0
3,3.8,175,6,45,2,4.2682926829268295,0,0
1,3.7,136,7,34,3,12.363636363636363,0,0
2,3.6,114,21,34,3,4.384615384615385,0,0
2,3.6,93,15,42,3,3.576923076923077,0,0
2,3.6,89,18,34,2,3.423076923076923,0,0
2,3.6,69,7,37,1,2.6538461538461537,0,0
3,3.6,86,16,41,1,2.097560975609756,0,0
1,3.7,73,12,27,1,6.636363636363637,0,0
2,3.6,104,12,27,1,4.0,0,0
1,3.7,101,19,33,2,9.181818181818182,0,0
1,3.5,58,13,39,1,5.2727272727272725,0,0
2,3.9,156,26,37,3,6.0,0,0
2,3.9,156,40,35,3,6.0,0,0
2,3.2,16,25,43,3,0.6153846153846154,0,0
2,3.3,26,13,40,1,1.0,0,0
4,4.6,207,7,57,1,1.0837696335078535,0,0
4,4.6,376,22,80,1,1.440613026819923,0,1
3,4.4,471,14,90,2,3.119205298013245,1,1
2,4.3,224,14,64,3,3.1549295774647885,0,0
3,4.2,228,4,42,2,2.257425742574257,0,0
4,4.6,81,13,57,1,0.4475138121546961,0,0
4,4.1,422,12,53,2,1.826839826839827,0,0
4,4.4,246,32,82,5,0.7008547008547008,1,1
3,4.0,355,6,68,4,2.9338842975206614,1,1
2,3.6,268,31,83,2,4.39344262295082,0,1
3,4.5,162,11,76,3,1.603960396039604,0,1
4,4.0,205,10,44,3,0.8167330677290837,0,1
2,4.0,277,13,58,4,5.431372549019608,0,1
2,4.0,380,15,33,3,5.352112676056338,0,1
3,4.3,180,16,93,1,2.2222222222222223,1,1
3,4.0,525,9,96,3,5.198019801980198,0,1
4,4.9,216,12,75,2,0.6525679758308157,1,0
4,4.7,201,5,59,1,0.4011976047904191,1,0
4,4.2,435,12,73,1,1.7330677290836654,0,0
4,4.6,586,22,56,2,2.915422885572139,0,0
3,3.9,927,8,56,4,3.298932384341637,1,0
2,4.1,1448,13,66,2,15.912087912087912,1,1
2,4.3,1281,10,90,1,14.076923076923077,1,1
3,4.5,307,15,59,2,2.033112582781457,1,0
3,4.5,909,10,62,2,4.522388059701493,1,0
3,4.9,641,23,69,2,3.981366459627329,1,0
4,4.9,322,19,37,1,0.6427145708582834,1,0
3,4.8,2510,23,103,2,15.590062111801242,1,0
4,4.5,1388,14,47,2,4.6112956810631225,0,0
3,4.5,403,15,93,1,2.858156028368794,0,1
3,4.3,1351,4,40,2,13.376237623762377,0,0
3,4.3,661,12,56,2,4.105590062111801,0,0
3,4.4,281,9,71,3,1.8609271523178808,1,0
4,4.9,1352,29,73,1,2.698602794411177,1,0
3,4.4,552,32,62,2,3.655629139072848,1,1
3,3.2,506,11,76,2,1.7692307692307692,0,0
3,4.7,2424,22,66,2,8.944649446494465,0,0
3,4.3,386,8,37,2,2.257309941520468,0,0
3,3.7,500,10,62,3,1.99203187250996,0,1
3,4.3,544,10,98,4,4.152671755725191,1,1
3,3.9,285,5,66,4,3.313953488372093,0,1
3,3.8,210,15,54,1,2.9577464788732395,0,1
4,4.1,372,6,76,4,3.074380165289256,0,1
3,4.3,316,16,56,3,4.787878787878788,0,0
4,3.9,69,6,67,1,0.6216216216216216,0,1
2,4.1,33,5,45,2,0.8048780487804879,0,0
4,4.1,449,13,107,2,4.445544554455446,0,1
3,4.2,504,24,61,3,6.222222222222222,0,1
3,4.1,192,7,52,4,2.10989010989011,0,1
3,2.4,154,9,38,2,1.9012345679012344,0,0
2,4.2,142,17,35,3,2.784313725490196,0,0
3,4.2,444,14,84,2,7.278688524590164,0,0
4,4.2,265,7,55,2,1.6459627329192548,0,1
4,3.8,227,25,69,2,1.732824427480916,0,1
4,3.9,357,12,66,2,1.4223107569721116,0,1
3,4.8,459,19,63,2,7.524590163934426,0,0
4,4.1,197,10,69,3,0.7848605577689243,0,1
4,4.5,143,9,59,3,0.9470198675496688,0,0
2,3.8,12,10,75,2,0.2352941176470588,0,0
4,4.2,43,14,83,1,0.3873873873873873,0,0
3,3.9,140,10,53,2,0.1645123384253819,0,0
2,3.5,71,19,53,2,0.101283880171184,0,0
2,3.6,94,23,43,1,0.1876247504990019,0,0
2,4.0,87,37,61,1,0.2169576059850374,0,0
3,4.2,177,14,78,3,0.1768231768231768,0,0
4,4.0,45,9,66,2,0.0224887556221889,0,0
4,4.3,133,21,41,2,0.0531787285085965,0,0
4,4.0,41,21,41,1,0.0163934426229508,0,0
3,3.6,59,6,64,3,0.0736579275905118,0,0
4,3.8,46,28,47,2,0.0127742293807275,0,0
1,3.9,103,27,47,3,103.0,0,0
2,4.1,121,22,51,2,0.219600725952813,0,0
3,3.4,70,20,44,4,0.0635785649409627,0,0
1,4.9,77,15,57,3,77.0,0,0
4,3.8,57,12,71,3,0.0379746835443038,0,0
1,3.9,98,14,68,5,98.0,0,0
3,3.7,175,13,53,2,0.1942286348501664,0,0
2,4.4,134,9,50,2,0.1911554921540656,0,0
3,4.2,166,32,56,4,0.1658341658341658,0,0
2,4.1,168,10,55,2,0.2396576319543509,0,0
3,4.2,1582,24,96,6,1.755826859045505,0,0
4,3.7,1315,33,60,3,0.7301499167129373,0,0
1,4.5,217,13,88,3,0.7209302325581395,0,1
3,4.1,769,6,43,4,0.9600499375780276,0,0
3,4.3,731,18,86,4,0.8113207547169812,0,1
2,4.4,113,15,50,2,0.2255489021956087,0,1
3,4.4,944,5,89,3,0.9430569430569432,0,1
3,3.8,63,38,81,5,0.0629370629370629,0,1
3,3.6,375,34,67,4,0.2676659528907923,0,0
2,4.6,166,8,81,2,0.4729344729344729,0,0
2,4.4,697,12,40,3,1.5454545454545454,0,0
3,4.3,325,13,79,3,0.3607103218645949,0,0
2,3.8,432,16,72,6,0.718801996672213,0,1
2,4.3,744,8,88,2,1.0613409415121255,0,1
2,4.0,404,13,107,4,0.5763195435092725,0,1
2,4.4,317,15,74,2,0.5274542429284526,0,1
3,4.5,1138,14,88,7,1.196635120925342,0,1
3,4.1,1041,14,91,3,0.8667776852622814,0,0
3,4.1,192,26,60,4,0.1598667776852622,0,0
2,3.9,166,5,62,5,0.3012704174228675,0,1
3,4.0,535,15,66,1,0.4454621149042465,0,0
3,3.4,57,22,76,3,0.1137724550898203,0,0
2,3.3,76,9,67,2,0.2165242165242165,0,0
3,3.2,51,11,53,3,0.1017964071856287,0,0
3,3.4,99,6,59,2,0.1647254575707154,0,0
3,3.4,83,15,48,2,0.1381031613976705,0,0
3,3.4,18,25,55,3,0.0299500831946755,0,0
3,3.4,58,3,37,2,0.1157684630738523,0,0
2,3.3,53,10,46,1,0.1321695760598503,0,0
3,3.2,6,13,46,2,0.0074906367041198,0,0
3,3.4,35,9,48,2,0.0499286733238231,0,0
2,3.4,32,6,51,4,0.0798004987531172,0,0
3,3.2,151,18,51,2,0.3013972055888224,0,0
1,3.3,49,14,44,3,49.0,0,0
3,3.4,106,17,44,2,0.2115768463073852,0,0
4,3.6,59,13,42,2,0.0589410589410589,0,0
1,3.7,105,6,68,1,0.5223880597014925,0,0
3,3.5,105,9,54,2,0.2095808383233532,0,0
3,3.6,57,8,38,2,0.1137724550898203,0,0
2,3.5,134,11,65,4,0.3341645885286783,0,0
3,3.3,58,16,71,3,0.0724094881398252,0,0
2,3.4,345,30,64,2,0.4921540656205421,0,0
1,3.9,151,16,73,1,0.5016611295681063,0,0
1,4.0,52,18,55,1,0.5148514851485149,0,0
3,3.4,122,18,48,2,0.1523096129837703,0,0
1,3.6,56,21,43,1,0.3708609271523179,0,0
1,3.5,91,27,53,1,0.3023255813953488,0,0
2,3.4,26,10,47,3,0.0518962075848303,0,0
3,3.4,98,17,66,3,0.0815986677768526,0,0
2,3.5,111,16,57,2,0.2768079800498753,0,0
2,3.6,51,17,43,2,0.0727532097004279,0,0
1,3.9,206,15,69,2,1.0248756218905473,0,0
2,3.4,44,16,88,4,0.0732113144758735,0,0
2,3.7,94,28,56,2,0.1876247504990019,0,0
2,3.5,461,17,56,2,0.9201596806387226,0,0
2,3.8,276,14,84,1,0.5508982035928144,0,0
2,3.8,71,25,34,1,0.1770573566084788,0,0
1,4.1,104,22,39,1,1.0297029702970295,0,0
2,4.1,878,15,80,1,1.7524950099800398,0,0
2,3.8,192,20,82,1,0.3832335329341317,0,0
3,3.5,96,17,69,1,0.0959040959040959,0,0
1,4.1,140,12,77,1,0.9271523178807948,0,0
3,3.6,240,14,73,4,0.299625468164794,0,0
3,3.3,65,23,67,4,0.0763807285546415,0,0
2,3.3,63,19,62,2,0.1048252911813644,0,0
2,3.1,19,14,95,1,0.0271041369472182,0,0
2,3.4,46,12,65,2,0.131054131054131,0,0
2,3.4,75,22,47,4,0.1662971175166297,0,0
4,3.4,94,54,72,5,0.0521932259855635,0,0
2,3.3,47,15,79,4,0.0938123752495009,0,0
2,3.4,71,8,43,1,0.1417165668662674,0,0
3,3.6,73,14,66,4,0.0729270729270729,0,0
1,3.5,21,19,69,2,0.0697674418604651,0,0
2,3.3,46,23,75,3,0.1147132169576059,0,0
2,3.3,45,20,71,2,0.0641940085592011,0,0
2,3.4,34,9,69,1,0.0753880266075388,0,0
2,3.7,89,15,81,1,0.1973392461197339,0,0
2,3.2,8,11,60,3,0.0199501246882793,0,0
2,3.4,39,24,84,1,0.0599078341013824,0,0
2,3.3,74,22,49,2,0.1231281198003327,0,0
2,3.3,76,18,62,4,0.1685144124168514,0,0
2,3.3,71,11,62,2,0.1417165668662674,0,0
3,4.1,2416,16,77,2,1.8570330514988471,1,1
4,4.7,2369,32,67,1,0.9866722199083716,1,1
4,4.8,10934,4,65,3,5.464267866066966,0,0
3,3.9,1354,19,63,2,1.0407378939277478,1,0
3,4.2,231,16,61,1,0.1538974017321785,0,1
2,4.0,3533,16,42,3,4.4107365792759055,0,0
2,4.3,1413,6,74,3,2.35108153078203,0,1
2,4.6,781,6,66,3,1.2995008319467554,0,0
2,4.7,276,18,49,6,0.2902208201892745,0,0
2,4.7,9667,8,51,3,12.068664169787766,0,1
3,4.1,5385,15,82,3,3.8436830835117775,1,0
1,4.3,753,10,83,5,1.8778054862842888,0,1
3,4.5,1288,18,66,2,0.8580946035976016,0,0
3,4.6,6907,25,79,3,4.930049964311206,0,0
3,4.4,983,8,86,3,0.8184845961698585,1,0
2,4.6,627,6,73,3,1.043261231281198,0,0
3,4.2,334,9,82,1,0.2781015820149875,0,0
3,4.5,5705,11,73,6,3.1676846196557467,1,1
3,3.9,405,4,78,3,0.2890792291220557,0,0
3,4.4,754,10,66,1,0.5023317788141239,0,0
1,3.3,51,18,52,3,0.2537313432835821,0,0
2,3.4,63,11,99,1,0.1048252911813644,0,0
1,4.9,427,21,39,1,1.701195219123506,0,0
2,3.9,126,10,76,2,0.1797432239657632,0,0
2,4.2,223,12,49,1,0.4451097804391217,0,0
3,4.0,257,17,56,2,0.2567432567432567,0,0
3,4.0,103,11,62,1,0.1028971028971029,0,0
2,4.1,118,9,69,1,0.1812596006144393,0,0
2,3.8,98,12,76,2,0.1630615640599001,0,0
2,3.8,33,11,86,1,0.0658682634730539,0,0
2,3.5,175,13,60,4,0.3176043557168784,0,0
2,3.6,111,11,42,3,0.2215568862275449,0,0
2,3.6,20,13,44,3,0.0569800569800569,0,0
2,4.1,103,12,58,1,0.2055888223552894,0,0
2,4.4,243,28,42,4,0.6059850374064838,0,0
2,4.1,238,28,65,4,0.5935162094763092,0,0
4,4.3,128,26,46,1,0.0710716268739589,0,0
2,3.9,161,19,32,1,0.3213572854291417,0,0
3,3.8,79,19,66,3,0.0876803551609323,0,0
2,4.3,120,12,57,1,0.2395209580838323,0,0
2,3.9,289,10,54,1,0.5768463073852296,0,0
2,4.1,379,13,57,1,0.6878402903811253,0,0
3,4.6,154,15,91,5,0.1282264779350541,0,0
2,4.5,145,14,59,3,0.2412645590682196,0,0
2,3.9,247,19,67,3,0.4930139720558882,0,0
2,4.0,145,14,52,1,0.2894211576846307,0,0
2,3.7,118,17,83,3,0.1386603995299647,0,0
3,4.1,256,26,48,4,0.1827266238401142,0,0
1,3.6,173,19,63,2,0.3835920177383592,0,0
2,3.8,424,4,61,4,0.7054908485856906,0,0
1,3.7,338,10,76,3,0.7494456762749445,0,0
2,3.7,228,8,68,3,0.4550898203592814,0,0
1,3.8,253,30,55,4,0.5609756097560976,0,0
2,4.0,90,14,61,3,0.099889012208657,0,0
1,4.0,197,25,37,1,0.4912718204488778,0,0
2,4.3,69,10,40,4,0.0861423220973782,0,0
1,4.1,199,10,44,2,0.6611295681063123,0,0
2,3.8,56,8,58,2,0.1117764471057884,0,0
2,4.2,49,10,56,2,0.0543840177580466,0,0
3,4.3,345,14,56,1,0.2298467688207861,0,0
1,3.5,89,12,69,2,0.2219451371571072,0,0
2,3.7,665,17,47,4,0.781433607520564,0,1
3,4.2,676,16,71,2,0.4222361024359775,0,0
3,4.3,970,7,78,3,0.6923625981441828,0,1
3,4.1,300,16,78,6,0.1873828856964397,0,0
3,4.0,428,5,74,4,0.3054960742326909,0,0
3,4.0,1022,16,78,3,0.8509575353871773,0,0
3,4.5,1450,15,42,2,1.1145272867025364,0,0
3,4.3,228,12,42,2,0.1265963353692393,0,0
2,3.8,982,9,49,1,1.4008559201141226,0,0
3,3.4,502,13,46,5,0.5014985014985015,0,1
2,4.1,698,11,49,3,1.0721966205837177,0,0
2,4.1,397,9,49,2,0.6098310291858678,0,0
1,4.0,265,12,42,4,0.5875831485587583,0,1
2,4.2,252,9,46,2,0.4193011647254576,0,1
2,3.3,86,7,41,2,0.1073657927590511,0,0
4,4.4,817,16,51,1,0.3711949114039073,0,0
2,4.5,249,8,30,2,0.497005988023952,0,1
2,4.0,356,12,30,2,0.5923460898502496,0,0
2,4.2,1810,17,54,3,2.2596754057428217,1,1
2,3.8,519,7,64,3,0.6479400749063671,1,1
2,4.4,1504,11,62,4,2.0026631158455395,1,1
2,4.2,841,9,63,4,0.9882491186839012,1,1
3,4.8,1262,7,65,4,0.7419165196942975,1,1
1,4.2,191,13,70,2,0.4235033259423503,0,1
1,4.6,1510,15,55,1,4.301994301994302,0,0
3,4.1,1004,10,46,2,0.9118982742960944,0,0
3,4.0,1820,13,46,5,1.2125249833444371,1,1
3,4.6,1753,16,38,1,1.4596169858451291,1,1
3,4.2,1714,6,42,2,1.7122877122877125,1,0
2,3.8,1317,8,62,2,1.4617092119866817,0,1
3,4.3,1607,10,36,3,1.3380516236469608,1,1
2,4.4,645,9,67,4,0.7579318448883666,1,1
2,4.3,742,9,64,4,0.8719153936545241,1,1
3,4.5,1210,18,40,7,0.8061292471685543,1,1
4,4.4,3848,15,77,2,1.92303848075962,0,0
3,4.9,859,25,63,3,0.5365396627108058,0,0
3,4.6,1267,14,84,4,0.9043540328336902,0,0
2,4.0,2272,4,51,2,2.5216426193118755,1,0
3,4.6,202,13,72,3,0.2521847690387016,0,1
2,3.9,318,18,41,3,0.5291181364392679,0,0
2,3.8,124,10,82,1,0.3092269326683292,0,1
2,3.5,274,14,72,1,0.4559068219633943,0,1
2,4.3,147,14,68,1,0.2934131736526946,0,0
3,4.1,243,22,74,1,0.20233139050791,0,1
2,3.8,24,25,54,4,0.0532150776053215,0,0
2,4.5,380,29,67,2,1.0826210826210827,0,0
3,3.8,221,12,64,5,0.1840133222314737,0,0
2,3.9,85,12,46,2,0.1212553495007132,0,1
3,4.2,40,21,68,2,0.0333055786844296,0,0
2,4.0,132,12,66,2,0.2196339434276206,0,1
3,4.0,203,12,119,4,0.2027972027972027,0,0
4,4.0,215,9,59,3,0.1432378414390406,0,0
2,4.3,225,15,46,3,0.5610972568578554,0,0
3,4.2,299,13,73,2,0.2134189864382583,0,0
2,4.9,200,7,42,2,0.5698005698005698,0,1
2,4.2,221,4,56,3,0.3152639087018545,0,0
1,4.3,161,11,85,2,0.5348837209302325,0,0
3,4.4,505,15,85,3,0.3604568165596002,0,0
3,3.6,102,30,59,2,0.1273408239700374,0,0
3,3.8,115,19,70,3,0.2295409181636726,0,0
3,3.9,141,7,62,6,0.216589861751152,0,0
4,3.9,173,21,48,3,0.1728271728271728,0,0
3,4.2,406,22,84,3,0.5406125166444741,0,0
4,4.9,50,20,38,1,0.0333111259160559,0,0
1,4.3,63,20,36,3,63.0,0,0
4,4.0,98,12,29,2,0.0783373301358912,0,0
3,3.8,230,7,49,2,0.4174228675136116,0,0
3,4.0,94,19,80,1,0.1876247504990019,0,0
2,4.1,64,18,70,1,0.1823361823361823,0,0
3,3.9,131,15,45,2,0.1868758915834522,0,0
3,3.9,101,13,50,2,0.168053244592346,0,0
3,3.9,121,11,40,2,0.2013311148086522,0,0
2,3.9,39,10,53,1,0.0972568578553615,0,0
4,4.4,66,15,46,4,0.0412242348532167,0,0
4,4.0,175,23,45,2,0.1457119067443796,0,0
3,4.1,104,13,60,3,0.2075848303393213,0,0
3,4.2,68,9,64,2,0.1357285429141716,0,0
3,4.2,89,16,68,1,0.1480865224625624,0,0
1,2.9,4,12,76,3,0.0159362549800796,0,0
2,2.8,16,11,77,2,0.0319361277445109,0,0
1,2.8,8,17,66,1,0.0529801324503311,0,0
1,2.9,8,10,66,1,0.0529801324503311,0,0
1,2.8,7,14,66,1,0.0693069306930693,0,0
1,3.0,4,11,76,3,0.0132890365448504,0,0
1,0.0,1,21,54,1,0.0099009900990099,0,0
1,0.0,3,21,64,1,0.0297029702970297,0,0
1,0.0,3,16,64,3,0.0074812967581047,0,0
1,0.0,0,13,66,1,0.0,0,0
1,2.9,4,13,66,2,0.0132890365448504,0,0
1,3.0,7,16,89,3,0.0199430199430199,0,0
1,2.9,11,23,62,2,0.0365448504983388,0,0
1,0.0,1,11,66,1,0.0049751243781094,0,0
1,0.0,0,18,70,2,0.0,0,0
1,0.0,0,13,52,1,0.0,0,0
2,2.8,49,12,65,2,0.08153078202995,0,1
2,3.4,58,10,59,2,0.1157684630738523,0,0
2,3.4,233,7,57,4,0.3323823109843081,0,0
3,3.8,508,7,63,2,0.4613987284287011,0,1
2,3.6,98,14,74,3,0.1630615640599001,0,1
2,3.6,59,18,57,2,0.0654827968923418,0,1
1,0.0,0,13,56,1,0.0,0,0
1,0.0,1,14,42,1,0.0049751243781094,0,0
2,0.0,2,6,38,4,0.0039920159680638,0,0
2,2.1,57,3,66,3,0.1137724550898203,0,1
3,4.0,299,15,53,1,0.1867582760774516,0,0
3,4.1,239,9,58,1,0.1837048424289008,0,1
1,3.2,16,7,70,2,0.0399002493765586,0,0
1,2.7,16,8,38,1,0.0796019900497512,0,1
2,3.4,48,13,58,3,0.0599250936329588,0,1
3,2.4,25,17,62,2,0.0249750249750249,1,0
1,0.0,3,19,45,1,0.0149253731343283,0,0
1,2.8,12,12,50,2,0.047808764940239,0,0
1,0.0,2,11,52,1,0.0099502487562189,0,0
3,0.0,0,6,80,2,0.0,1,0
3,0.0,0,5,80,1,0.0,0,0
3,0.0,0,13,80,3,0.0,1,0
1,0.0,2,27,51,1,0.0198019801980198,0,0
3,0.0,3,6,59,3,0.0019986675549633,1,0
1,0.0,0,14,47,1,0.0,0,0
2,0.0,0,18,41,2,0.0,0,0
2,0.0,0,22,40,1,0.0,0,0
1,0.0,0,18,20,2,0.0,0,0
3,3.0,15,27,45,1,0.0149850149850149,0,0
2,3.2,19,9,50,1,0.0379241516966067,0,0
2,2.8,8,10,70,3,0.0159680638722554,0,0
1,0.0,0,11,70,2,0.0,0,0
1,2.8,20,8,47,2,0.0443458980044345,0,0
2,3.1,11,13,62,3,0.0219560878243512,0,0
1,3.0,11,12,48,1,0.0728476821192053,0,0
1,3.1,7,9,52,1,0.0155210643015521,0,1
2,2.9,13,7,26,2,0.0185449358059914,1,0
1,0.0,0,7,20,2,0.0,0,0
2,0.0,3,10,56,1,0.0042796005706134,0,0
2,0.0,0,11,29,3,0.0,0,0
2,3.3,25,7,47,3,0.031210986267166,1,1
1,3.0,22,9,30,1,0.0730897009966777,0,0
1,2.6,26,24,36,2,0.0576496674057649,0,0
2,2.9,16,13,43,2,0.0228245363766048,0,1
1,2.9,7,8,55,1,0.0348258706467661,0,0
3,3.1,28,10,56,3,0.0186542305129913,1,1
2,0.0,0,10,41,2,0.0,0,0
1,0.0,0,12,58,2,0.0,0,0
1,0.0,0,16,35,1,0.0,0,0
2,3.2,31,7,42,2,0.0515806988352745,0,1
1,3.4,70,12,46,5,0.1745635910224439,0,0
1,3.3,67,15,63,1,0.1485587583148558,0,0
2,2.7,35,13,51,1,0.0582362728785357,0,0
2,3.4,22,12,65,3,0.0439121756487025,0,1
1,3.3,17,8,41,1,0.0845771144278607,0,0
2,2.6,39,5,42,5,0.064891846921797,0,1
2,3.3,35,19,33,2,0.0698602794411177,0,0
2,3.4,35,16,25,1,0.0698602794411177,0,0
1,2.7,32,8,43,2,0.0798004987531172,0,0
2,2.6,14,8,58,4,0.0147213459516298,0,0
2,2.7,17,14,41,4,0.0282861896838602,0,0
1,3.4,35,17,29,2,0.1162790697674418,0,0
3,4.5,799,13,48,1,0.7982017982017982,0,0
1,3.6,62,7,42,2,0.1546134663341646,0,1
1,3.5,24,12,30,2,0.0797342192691029,0,1
2,3.8,134,12,52,5,0.148723640399556,1,0
1,3.5,26,17,36,1,0.0648379052369077,0,0
1,3.6,93,20,33,1,0.2319201995012468,0,0
2,3.7,280,11,42,4,0.4301075268817204,0,0
1,3.6,70,5,41,2,0.1745635910224439,0,0
1,3.5,31,16,38,3,0.0883190883190883,0,0
1,3.6,25,9,30,1,0.099601593625498,0,0
1,3.5,18,11,68,2,0.119205298013245,0,0
1,3.6,27,9,60,1,0.0673316708229426,0,0
2,3.8,27,21,70,3,0.0359520639147802,0,1
1,3.5,39,12,41,2,0.0972568578553615,0,0
1,3.6,126,12,41,2,0.314214463840399,0,0
1,3.8,75,16,41,2,0.4966887417218543,0,0
2,3.5,143,6,41,4,0.2854291417165668,0,0
2,4.1,153,12,58,4,0.2350230414746544,0,1
1,2.9,43,17,33,1,0.1072319201995012,0,0
1,2.9,4,14,48,1,0.0132890365448504,0,1
1,2.5,25,13,43,2,0.0623441396508728,0,0
1,3.1,26,18,59,1,0.0648379052369077,0,0
2,3.0,4,8,61,3,0.0079840319361277,0,0
1,3.4,22,18,38,1,0.0876494023904382,0,0
2,3.3,14,9,44,3,0.0174781523096129,1,0
1,3.1,8,14,42,1,0.0265780730897009,0,0
1,3.1,8,13,43,2,0.0199501246882793,0,0
1,0.0,0,15,44,1,0.0,0,0
1,0.0,0,25,43,2,0.0,0,0
1,0.0,0,14,53,1,0.0,0,0
1,0.0,0,14,55,1,0.0,0,0
1,0.0,2,13,47,1,0.0079681274900398,0,0
1,0.0,0,14,41,1,0.0,0,0
1,0.0,0,18,48,2,0.0,0,0
2,0.0,0,14,52,1,0.0,0,0
1,2.8,20,11,38,2,0.0498753117206982,0,0
2,2.7,39,11,29,3,0.0556348074179743,0,0
2,2.7,56,8,62,2,0.0931780366056572,0,1
2,2.7,43,12,69,3,0.0858283433133732,0,0
1,2.8,9,10,54,1,0.0299003322259136,0,0
1,2.7,20,15,44,1,0.0498753117206982,0,0
1,3.2,41,22,31,1,0.4059405940594059,0,0
2,3.4,18,18,50,1,0.0359281437125748,0,0
2,3.3,76,17,38,2,0.108416547788873,0,1
2,0.0,1,16,43,1,0.0014265335235378,1,1
1,3.0,6,13,42,2,0.0298507462686567,0,0
2,3.3,219,13,45,2,0.3124108416547789,0,1
1,2.8,11,20,87,2,0.0547263681592039,0,0
1,3.1,12,12,42,1,0.1188118811881188,0,0
1,2.8,13,29,28,3,0.037037037037037,0,0
1,3.0,7,32,86,2,0.0348258706467661,0,0
1,0.0,1,11,47,1,0.0049751243781094,0,0
1,0.0,0,28,72,2,0.0,0,0
1,0.0,1,25,55,3,0.0024937655860349,0,0
1,0.0,3,14,48,2,0.0099667774086378,0,0
1,0.0,0,12,71,3,0.0,0,0
2,0.0,1,8,85,1,0.0019960079840319,0,0
1,0.0,3,14,41,1,0.0099667774086378,0,0
1,0.0,2,20,48,2,0.0198019801980198,0,0
2,0.0,0,14,28,2,0.0,1,0
1,0.0,0,13,76,1,0.0,0,0
2,2.6,15,15,61,3,0.0230414746543778,0,1
1,2.9,5,17,54,2,0.0248756218905472,0,0
1,0.0,0,11,54,2,0.0,0,0
1,0.0,0,12,69,1,0.0,0,0
1,3.1,9,23,38,1,0.0891089108910891,0,0
2,0.0,3,17,49,1,0.0049916805324459,0,0
1,0.0,2,6,64,2,0.0066445182724252,0,0
2,3.1,7,14,51,4,0.0099857346647646,0,1
1,3.1,9,16,45,3,0.0256410256410256,0,0
1,2.9,4,10,40,1,0.0113960113960113,0,0
2,0.0,1,5,33,1,0.0019960079840319,0,0
1,0.0,0,9,67,1,0.0,0,0
1,0.0,0,11,90,1,0.0,0,0
1,0.0,2,15,28,2,0.0099502487562189,0,0
1,0.0,1,7,61,2,0.0033222591362126,0,0
1,0.0,1,23,51,1,0.0028490028490028,0,0
1,2.7,28,34,71,5,0.0698254364089775,0,1
2,2.7,29,13,66,3,0.0362047440699126,0,0
1,0.0,0,23,66,3,0.0,0,0
1,0.0,1,14,56,3,0.0024937655860349,0,0
2,0.0,0,33,93,1,0.0,0,0
1,0.0,0,16,66,2,0.0,0,0
2,3.0,6,10,47,3,0.0119760479041916,0,0
2,3.3,12,16,34,3,0.0239520958083832,1,0
1,3.1,19,15,37,2,0.1258278145695364,0,0
1,3.1,14,15,47,2,0.1386138613861386,0,0
2,2.8,11,16,48,2,0.0183028286189683,0,0
3,2.7,70,18,93,2,0.0699300699300699,1,0
1,3.1,18,19,38,2,0.0448877805486284,0,0
1,2.9,14,30,42,2,0.0465116279069767,0,0
2,2.7,48,18,48,1,0.0958083832335329,0,0
1,3.6,52,14,37,2,0.1481481481481481,0,0
1,0.0,1,28,61,2,0.0099009900990099,0,0
1,0.0,0,11,33,1,0.0,0,0
1,0.0,0,13,42,2,0.0,0,0
1,0.0,2,29,42,4,0.0049875311720698,0,0
1,0.0,0,15,42,2,0.0,0,0
1,0.0,0,13,33,1,0.0,0,0
1,0.0,1,15,43,2,0.0049751243781094,0,0
1,0.0,0,28,56,2,0.0,0,0
1,0.0,0,29,93,2,0.0,0,0
2,0.0,0,5,40,2,0.0,0,0
2,3.0,4,8,97,3,0.0079840319361277,0,0
2,0.0,3,24,50,1,0.0054446460980036,0,0
1,0.0,0,9,62,2,0.0,0,0
2,0.0,0,12,47,2,0.0,0,0
1,0.0,1,28,47,2,0.0033222591362126,0,0
1,0.0,0,16,86,2,0.0,0,0
2,2.9,10,14,72,2,0.014265335235378,0,0
1,3.1,5,16,73,3,0.0142450142450142,0,0
2,2.9,4,15,45,2,0.0079840319361277,0,0
2,2.9,4,12,47,2,0.0072595281306715,0,0
1,0.0,0,35,58,4,0.0,0,0
1,0.0,0,13,49,3,0.0,0,0
1,0.0,1,14,47,1,0.0099009900990099,0,0
1,0.0,3,18,55,3,0.0085470085470085,0,0
1,0.0,2,11,99,1,0.0198019801980198,0,0
1,0.0,0,12,54,1,0.0,0,0
2,0.0,0,14,68,2,0.0,0,0
2,3.2,47,11,41,2,0.0670470756062767,0,0
2,2.5,79,13,37,2,0.1126961483594864,0,1
1,3.5,29,12,80,1,0.1442786069651741,0,0
1,0.0,1,31,33,1,0.0039840637450199,0,0
1,0.0,0,23,78,3,0.0,0,0
2,2.7,17,21,40,4,0.0339321357285429,0,1
1,3.0,9,14,48,1,0.044776119402985,0,0
1,3.0,7,24,42,2,0.0278884462151394,0,0
1,2.9,5,18,48,1,0.0495049504950495,0,0
1,3.0,8,29,36,5,0.0265780730897009,0,0
1,3.1,15,29,36,2,0.0993377483443708,0,0
1,2.9,16,26,36,1,0.0354767184035476,0,0
2,3.0,4,14,46,2,0.0079840319361277,0,0
1,0.0,1,13,42,2,0.0024937655860349,0,0
1,3.0,10,26,63,3,0.0221729490022172,0,1
2,2.9,9,7,40,3,0.0149750415973377,0,0
2,3.2,24,17,57,2,0.0368663594470046,0,0
2,3.4,19,13,73,1,0.0344827586206896,0,1
2,2.9,8,5,55,2,0.0159680638722554,0,0
1,3.0,8,14,41,3,0.0177383592017738,0,0
2,3.2,39,17,45,2,0.0778443113772455,0,1
1,3.1,10,15,63,2,0.0332225913621262,0,0
2,3.3,17,16,57,3,0.0339321357285429,0,0
2,3.4,37,13,65,3,0.0738522954091816,0,1
2,3.5,33,13,65,1,0.0549084858569051,0,1
1,3.1,9,7,32,2,0.044776119402985,0,0
2,0.0,3,16,19,2,0.0037453183520599,0,0
1,0.0,2,25,47,1,0.0066445182724252,0,0
1,0.0,1,13,41,1,0.0022172949002217,0,0
1,0.0,0,24,24,1,0.0,0,0
1,0.0,0,13,57,1,0.0,0,0
1,2.9,4,22,65,3,0.0396039603960396,0,0
2,3.0,14,8,65,3,0.0254083484573502,0,0
2,2.8,13,16,64,2,0.0259481037924151,0,0
1,2.8,5,19,59,2,0.0124688279301745,0,0
2,2.6,12,12,63,2,0.0217785843920145,0,1
2,3.0,8,9,76,3,0.014519056261343,0,0
1,3.1,7,24,73,1,0.0232558139534883,0,0
2,3.1,18,9,69,2,0.0299500831946755,0,0
1,3.0,22,29,64,4,0.0626780626780626,0,0
1,3.0,4,10,69,1,0.0099750623441396,0,0
1,0.0,0,23,62,2,0.0,0,0
1,0.0,0,13,45,3,0.0,0,0
2,0.0,0,13,68,1,0.0,0,0
1,0.0,0,14,84,1,0.0,0,0
2,0.0,3,11,69,1,0.0059880239520958,0,0
2,0.0,3,16,49,2,0.0059880239520958,0,0
1,0.0,0,14,88,2,0.0,0,0
1,0.0,2,11,58,3,0.0099502487562189,0,0
2,0.0,1,28,49,3,0.0016638935108153,0,0
2,3.0,10,27,60,2,0.014265335235378,0,0
3,3.1,18,26,60,1,0.012847965738758,1,0
3,3.3,56,40,55,3,0.0294581799053129,1,0
1,2.8,14,30,45,1,0.0927152317880794,0,0
1,3.0,6,13,64,1,0.0397350993377483,0,0
1,3.6,161,9,40,1,0.5348837209302325,0,1
2,3.9,52,9,85,4,0.1037924151696606,0,1
1,0.0,1,15,79,1,0.0028490028490028,0,0
1,0.0,0,13,65,1,0.0,0,0
4,2.5,184,13,74,2,0.0735705717712914,1,0
2,3.4,33,7,64,1,0.0506912442396313,0,1
1,3.3,27,14,61,1,0.0897009966777408,0,1
2,3.4,327,11,73,2,0.6526946107784432,0,1
1,3.2,63,15,61,1,0.1396895787139689,0,0
2,2.9,16,15,82,1,0.0266222961730449,0,0
3,2.6,92,5,46,3,0.0612924716855429,1,0
2,3.3,60,12,61,1,0.0998336106489184,0,0
2,3.2,17,14,58,2,0.0242510699001426,0,0
2,3.0,6,12,58,1,0.0119760479041916,0,0
2,2.7,14,12,61,2,0.0232945091514143,0,0
2,2.6,181,12,65,1,0.2582025677603424,0,1
2,3.3,150,10,38,2,0.2994011976047904,0,1
1,3.1,7,7,49,1,0.0693069306930693,0,0
2,3.6,252,14,53,3,0.4193011647254576,0,1
2,3.6,187,10,64,7,0.3111480865224625,0,0
3,1.8,322,13,71,2,0.3216783216783216,1,1
1,3.3,114,16,38,2,0.28428927680798,0,0
2,3.2,80,13,74,3,0.1451905626134301,0,1
3,4.5,280,12,28,3,0.3495630461922597,0,0
4,4.8,415,14,60,1,0.3769300635785649,0,0
4,4.4,646,11,39,1,0.3228385807096451,0,0
4,3.5,1681,7,25,5,1.1199200532978015,0,0
3,4.6,302,8,68,2,0.3770287141073657,0,0
4,3.8,911,13,42,5,0.8274296094459582,0,0
4,4.3,2191,25,33,4,1.5638829407566024,0,0
4,4.2,856,8,52,3,0.8551448551448552,0,0
4,4.4,1115,15,34,4,0.6964397251717677,0,0
3,3.7,1221,10,46,3,1.5243445692883897,0,0
4,4.3,918,10,31,3,0.7056110684089162,0,0
3,3.8,601,16,46,3,0.8573466476462197,0,0
3,4.2,414,8,57,3,0.5168539325842697,0,0
4,4.6,555,21,40,4,0.5040871934604905,0,0
4,3.7,516,14,41,1,0.3437708194536975,0,0
3,4.5,840,12,52,3,1.3976705490848589,0,0
4,4.7,681,22,51,4,0.4536975349766822,0,0
3,4.3,265,32,53,1,0.33083645443196,0,0
4,4.4,323,21,41,4,0.293369663941871,0,0
4,4.2,367,7,40,1,0.1834082958520739,0,0
1,3.4,16,5,65,2,0.0455840455840455,0,0
2,2.7,80,13,79,2,0.0998751560549313,1,1
4,4.3,1887,12,33,2,0.9430284857571214,1,1
3,4.0,802,6,33,3,0.5724482512491078,1,1
1,3.0,4,12,56,1,0.0159362549800796,0,0
1,3.0,5,22,52,1,0.0248756218905472,0,0
1,3.0,10,10,52,1,0.0497512437810945,0,0
1,0.0,2,7,52,1,0.0198019801980198,0,0
3,3.0,57,3,40,3,0.0474604496253122,0,1
2,3.1,4,11,37,2,0.0079840319361277,0,1
1,2.9,4,23,46,2,0.0113960113960113,0,0
1,0.0,0,18,57,3,0.0,0,0
1,0.0,0,9,66,2,0.0,0,0
1,0.0,2,13,19,2,0.0066445182724252,0,0
2,0.0,1,22,36,3,0.0019960079840319,0,0
2,0.0,2,12,62,1,0.0033277870216306,0,0
2,0.0,1,10,28,1,0.0019960079840319,0,1
1,0.0,0,20,57,2,0.0,0,0
2,0.0,1,15,19,3,0.0019960079840319,0,0
1,0.0,0,15,50,1,0.0,0,0
1,0.0,0,22,57,2,0.0,0,0
1,0.0,1,12,51,2,0.0033222591362126,0,0
1,0.0,0,11,65,2,0.0,0,0
2,0.0,1,22,47,2,0.0019960079840319,0,0
1,0.0,0,11,41,1,0.0,0,0
2,0.0,0,22,46,3,0.0,0,0
1,0.0,3,15,39,1,0.0085470085470085,0,0
3,2.8,13,39,70,1,0.0086608927381745,1,0
4,2.9,15,25,71,3,0.0059976009596161,1,0
2,3.9,415,13,45,2,0.8283433133732535,0,1
2,3.4,36,15,18,1,0.059900166389351,0,1
2,3.4,104,14,52,2,0.1483594864479315,0,0
1,3.4,70,5,52,2,0.1745635910224439,0,1
2,3.3,218,9,59,3,0.2419533851276359,1,1
2,3.4,225,14,48,1,0.4491017964071856,0,1
2,2.5,150,6,50,4,0.2994011976047904,0,1
3,3.8,184,12,54,4,0.1149281698938163,1,1
3,3.9,146,11,61,1,0.1042112776588151,1,1
2,3.6,33,7,68,2,0.0549084858569051,0,1
1,4.3,48,7,49,2,0.1197007481296758,0,1
3,3.8,91,29,51,3,0.0606262491672218,1,0
3,3.0,7,39,75,1,0.0069930069930069,1,0
3,3.5,37,40,75,3,0.0205441421432537,1,0
4,3.5,32,35,67,3,0.0145388459791004,1,0
3,3.4,19,40,76,4,0.0146041506533435,1,0
4,3.2,6,46,69,3,0.0022213994816734,0,0
4,0.0,3,39,69,3,0.0011995201919232,0,0
3,3.9,231,20,61,2,0.1358024691358024,0,0
2,3.7,364,11,74,1,0.4544319600499376,1,1
3,3.7,127,13,49,3,0.0746619635508524,1,0
3,3.5,351,7,59,4,0.3506493506493506,0,1
3,4.0,162,11,66,3,0.1079280479680213,1,1
3,4.2,248,6,52,4,0.1906225980015372,1,0
3,4.2,144,12,49,2,0.0959360426382411,1,1
3,4.1,214,28,65,6,0.1336664584634603,1,0
4,3.9,181,21,38,3,0.0516995144244501,1,0
4,3.7,131,23,52,1,0.0261947610477904,1,0
2,2.8,191,8,68,3,0.2724679029957204,0,1
3,3.3,793,9,50,2,0.7922077922077922,1,1
3,4.6,563,11,77,2,0.3750832778147901,1,0
3,4.6,177,7,48,4,0.1473771856786011,0,0
3,4.5,407,11,34,3,0.2259855635757912,0,0
3,3.7,647,10,57,3,0.5387177352206495,1,1
2,3.7,503,11,70,2,0.8369384359400999,0,1
4,3.7,980,24,38,2,0.391843262694922,1,1
1,3.7,544,10,39,2,2.7064676616915424,0,1
1,3.6,455,12,69,2,1.1346633416458851,0,1
3,3.9,230,6,34,3,0.1838529176658673,1,0
2,3.8,701,14,49,3,1.1663893510815309,0,1
3,3.6,313,10,50,2,0.1737923375902276,1,0
3,3.6,625,8,34,1,0.4163890739506995,1,0
1,3.9,425,12,55,2,1.210826210826211,0,1
3,3.6,734,18,55,1,0.6666666666666666,0,0
3,3.8,706,12,76,2,0.4150499706055262,1,1
4,3.9,1490,12,55,3,0.7446276861569215,1,0
2,3.9,870,8,54,2,1.447587354409318,0,1
4,3.8,1065,6,45,2,0.5322338830584707,1,1
2,3.6,365,9,54,2,0.5206847360912982,0,1
3,3.5,384,21,50,4,0.2740899357601713,1,1
3,3.9,622,7,34,3,0.4439685938615275,0,0
2,3.9,560,9,48,1,0.7988587731811697,0,0
4,3.8,1046,15,43,4,0.4545849630595393,0,0
2,3.8,176,9,34,2,0.3194192377495463,0,1
3,3.7,173,16,37,2,0.1017048794826572,1,0
2,3.8,227,9,48,2,0.3777038269550749,0,1
1,3.9,296,7,73,2,0.7381546134663342,0,1
4,2.4,2412,16,34,2,1.205397301349325,1,0
4,4.0,1840,18,57,6,0.9195402298850576,0,0
3,4.3,716,16,34,4,0.4770153231179214,1,1
2,4.0,199,35,57,3,0.2484394506866417,1,1
4,4.0,1658,18,45,1,0.8285857071464268,1,1
4,4.3,4385,10,53,1,1.992276238073603,0,0
4,4.1,1949,14,61,4,0.7792882846861255,1,0
2,4.0,219,10,56,2,0.2430632630410654,1,1
3,4.0,1595,14,53,2,1.0626249167221853,1,0
3,4.0,1730,7,34,2,1.440466278101582,1,1
3,4.1,353,5,56,3,0.2015990862364363,1,0
3,4.0,2843,20,51,2,2.185242121445042,0,0
3,4.0,209,14,68,3,0.1392405063291139,1,0
3,3.1,185,12,61,2,0.1540383014154871,1,0
1,3.8,393,7,94,2,0.9800498753117208,0,1
3,3.8,333,5,58,1,0.2218520986009327,0,0
2,2.4,125,14,63,2,0.1783166904422254,0,0
3,4.2,205,19,71,2,0.1138256524153248,1,1
3,3.4,294,26,48,1,0.1728395061728395,1,0
2,3.3,129,7,52,3,0.1840228245363766,0,1
2,2.5,125,6,56,4,0.249500998003992,0,0
1,3.8,74,12,41,2,0.2458471760797342,0,1
1,3.7,217,11,59,1,0.6182336182336182,0,1
2,3.8,239,10,55,2,0.340941512125535,1,1
1,3.8,317,9,52,3,0.9031339031339032,0,1
2,3.9,136,12,55,1,0.2089093701996927,0,1
2,3.6,426,10,42,2,0.4728079911209767,1,1
1,3.8,196,7,38,3,0.4887780548628428,0,1
2,3.5,173,11,52,2,0.215980024968789,0,1
2,3.5,52,28,60,3,0.0741797432239657,0,0
2,3.5,189,18,59,2,0.3772455089820359,0,1
2,2.4,88,25,46,2,0.1098626716604244,0,0
1,4.3,154,13,44,2,0.3840399002493765,0,1
2,4.0,169,15,59,1,0.2109862671660424,1,1
4,4.1,230,22,39,5,0.0919632147141143,0,0
2,3.2,18,7,55,1,0.0276497695852534,0,1
1,2.6,27,15,55,1,0.0598669623059867,0,0
2,2.8,30,14,58,2,0.042796005706134,0,0
3,3.0,49,8,61,1,0.0326449033977348,0,0
2,2.6,30,10,67,2,0.059880239520958,0,0
2,3.3,27,14,61,1,0.0538922155688622,0,0
2,2.8,29,18,49,3,0.0362047440699126,0,1
1,3.3,13,13,48,3,0.0431893687707641,0,0
1,3.3,20,17,55,3,0.0569800569800569,0,0
2,3.1,46,6,58,4,0.091816367265469,0,0
2,2.5,69,14,58,2,0.1148086522462562,0,1
4,3.9,490,17,65,6,0.2448775612193903,1,1
2,3.5,112,16,61,2,0.1398252184769038,0,1
1,0.0,3,14,49,1,0.0099667774086378,0,0
2,2.2,73,3,62,3,0.1457085828343313,0,1
2,3.4,65,20,20,3,0.0811485642946317,0,0
1,3.1,9,16,45,2,0.0596026490066225,0,0
2,3.2,184,12,29,3,0.229712858926342,0,1
1,2.9,4,8,53,1,0.0199004975124378,0,0
1,3.0,4,13,48,4,0.0159362549800796,0,0
2,2.9,5,8,50,2,0.0083194675540765,0,0
2,3.4,84,6,29,1,0.1118508655126498,0,0
2,3.2,10,15,39,1,0.0181488203266787,0,0
2,3.2,15,12,20,2,0.0230414746543778,0,0
2,3.1,12,15,20,2,0.0184331797235023,0,0
2,2.9,35,9,72,3,0.0499286733238231,0,0
1,2.9,4,20,71,2,0.0199004975124378,0,0
2,2.8,54,6,54,4,0.1077844311377245,0,1
2,3.1,10,22,29,1,0.0199600798403193,0,0
2,3.1,7,15,20,2,0.0116472545757071,0,1
2,4.6,395,6,29,4,0.7884231536926147,0,1
3,3.9,360,10,35,6,0.2398401065956029,0,1
1,3.8,326,13,41,2,1.6218905472636815,0,1
2,3.9,403,15,42,2,0.5748930099857347,0,1
3,3.8,447,12,20,2,0.4465534465534465,0,1
2,3.5,56,8,20,2,0.0931780366056572,0,1
2,3.6,38,7,20,2,0.0542082738944365,0,1
3,3.8,124,10,35,2,0.0953112990007686,0,1
1,0.0,1,10,33,1,0.0039840637450199,0,1
1,0.0,3,11,46,2,0.0074812967581047,0,0
1,0.0,2,17,28,1,0.0049875311720698,0,0
1,0.0,1,10,47,2,0.0049751243781094,0,0
2,3.8,299,16,29,3,0.5968063872255489,0,1
1,0.0,0,20,46,3,0.0,0,0
1,0.0,0,11,37,1,0.0,0,0
2,0.0,0,12,28,3,0.0,0,0
1,0.0,0,9,20,1,0.0,0,0
1,0.0,0,15,45,1,0.0,0,0
1,0.0,0,8,28,1,0.0,0,0
1,0.0,1,24,54,2,0.0049751243781094,0,0
1,0.0,0,20,29,1,0.0,0,0
2,0.0,0,15,25,3,0.0,0,0
1,2.5,16,28,34,3,0.0455840455840455,0,1
1,3.2,13,7,68,1,0.0324189526184538,0,0
1,3.0,160,10,31,2,0.399002493765586,0,1
1,2.6,36,23,28,3,0.1791044776119403,0,0
2,3.2,17,11,29,1,0.0242510699001426,0,1
1,3.3,11,17,30,3,0.0313390313390313,0,0
1,3.1,9,15,43,1,0.0199556541019955,0,0
1,3.2,26,15,47,1,0.0576496674057649,0,0
1,3.2,21,18,92,2,0.0523690773067331,0,1
2,3.3,25,9,37,1,0.0415973377703826,0,1
1,2.8,18,14,76,3,0.0895522388059701,0,1
2,2.9,7,10,28,2,0.0116472545757071,0,1
2,3.0,35,10,30,2,0.0582362728785357,0,1
1,3.4,18,12,31,1,0.0598006644518272,0,1
2,3.0,14,14,20,2,0.0199714693295292,0,0
1,3.2,15,15,65,2,0.0498338870431893,0,0
2,3.4,18,13,20,1,0.0326678765880217,0,1
2,3.4,29,10,34,1,0.0526315789473684,0,1
1,2.7,22,12,29,2,0.048780487804878,0,0
1,3.3,14,44,38,1,0.0465116279069767,0,0
1,3.4,19,14,67,2,0.0631229235880398,0,0
1,3.1,83,19,55,1,0.5496688741721855,0,1
1,2.5,20,17,36,2,0.0498753117206982,0,1
1,2.5,19,14,72,1,0.0473815461346633,0,1
1,3.4,359,6,28,3,0.8952618453865336,0,1
2,2.6,51,16,55,2,0.0848585690515806,0,1
1,3.1,53,19,36,2,0.1321695760598503,0,1
1,3.1,71,11,27,2,0.2022792022792023,0,1
1,3.1,33,19,56,1,0.1096345514950166,0,0
1,2.7,19,17,28,2,0.0945273631840796,0,0
3,3.4,132,6,67,3,0.1318681318681318,1,0
2,3.2,74,13,71,3,0.1477045908183632,0,1
2,3.0,6,5,44,2,0.0119760479041916,0,0
1,3.2,42,12,28,2,0.208955223880597,0,1
1,3.1,29,29,37,2,0.2871287128712871,0,1
1,3.2,14,10,32,3,0.0465116279069767,0,0
2,3.4,35,15,29,3,0.0635208711433756,0,1
1,3.2,45,18,54,1,0.1495016611295681,0,1
2,2.7,51,14,28,3,0.0848585690515806,0,1
2,2.9,22,20,44,2,0.0313837375178316,0,1
2,3.3,15,9,52,2,0.0272232304900181,0,0
1,3.0,12,17,34,2,0.0341880341880341,0,1
2,3.2,38,15,27,2,0.0758483033932135,0,1
1,3.2,15,4,41,2,0.0374064837905236,0,0
1,2.7,23,12,36,4,0.0655270655270655,0,0
2,3.3,23,17,28,2,0.038269550748752,0,1
1,2.8,31,16,58,3,0.0773067331670823,0,1
2,4.9,223,11,29,3,0.4451097804391217,0,1
1,3.7,55,10,26,1,0.2736318407960199,0,1
1,3.6,319,10,60,3,1.0598006644518272,0,1
2,3.5,46,16,48,2,0.0834845735027223,0,1
1,3.9,54,14,26,2,0.1346633416458852,0,1
2,3.7,371,21,40,3,0.4631710362047441,0,1
1,3.6,26,6,43,2,0.0863787375415282,0,0
2,3.5,66,12,36,3,0.1317365269461078,0,1
1,3.5,28,10,60,1,0.1115537848605577,0,1
1,3.5,27,13,28,1,0.0897009966777408,0,1
1,3.6,29,34,35,4,0.0723192019950124,0,0
2,3.8,45,6,20,1,0.0898203592814371,0,1
3,3.5,19,16,57,5,0.0189810189810189,1,0
2,3.5,52,5,20,3,0.1037924151696606,0,1
1,2.0,60,5,28,3,0.1496259351620947,0,1
2,2.1,34,13,36,3,0.0678642714570858,0,1
1,2.2,136,12,36,1,0.3874643874643874,0,1
2,2.2,43,13,29,1,0.0858283433133732,0,0
2,4.0,34,17,27,5,0.0678642714570858,0,1
1,4.3,33,13,20,3,0.0822942643391521,0,1
1,4.0,162,9,20,3,0.5382059800664452,0,0
2,4.3,217,3,39,3,0.3095577746077033,0,1
2,3.1,195,10,60,1,0.3539019963702359,0,1
3,3.4,210,16,79,1,0.2097902097902098,1,1
2,3.4,165,14,20,3,0.3293413173652694,0,1
3,3.7,98,10,20,2,0.0979020979020979,0,1
2,3.8,115,11,40,4,0.1640513552068473,0,1
2,3.5,129,10,20,3,0.1610486891385767,0,1
2,3.9,164,10,61,3,0.2728785357737104,0,1
2,3.8,86,12,39,3,0.1073657927590511,0,1
3,3.5,269,14,50,3,0.2239800166527893,0,1
2,3.9,124,21,38,1,0.2063227953410981,0,1
2,3.8,61,18,38,3,0.1014975041597337,0,1
2,3.9,90,18,39,2,0.1796407185628742,0,1
2,3.6,213,13,39,2,0.2836218375499334,0,1
2,3.6,461,14,20,4,0.6138482023968043,0,1
2,4.2,93,12,20,3,0.1092831962397179,0,1
2,4.4,161,15,40,2,0.2143808255659121,0,1
3,4.1,255,16,41,4,0.1960030745580323,1,1
2,4.0,88,11,20,2,0.1464226289517471,0,1
2,4.1,134,11,34,3,0.205837173579109,0,1
2,4.1,152,6,34,2,0.2334869431643625,0,1
2,4.1,151,13,45,3,0.2512479201331115,0,1
2,3.4,42,10,20,2,0.0698835274542429,0,1
1,3.6,39,12,42,2,0.1295681063122923,0,1
1,3.9,40,13,40,3,0.0997506234413965,0,1
1,3.8,93,9,20,2,0.3089700996677741,0,1
1,3.1,7,7,53,3,0.0174563591022443,0,0
3,3.4,129,3,71,2,0.1171662125340599,1,1
2,2.9,107,25,47,2,0.1335830212234706,0,0
2,3.6,59,8,69,1,0.1070780399274047,0,0
2,3.8,40,10,64,4,0.0499375780274656,1,0
3,3.6,296,17,53,3,0.2688465031789282,1,1
3,3.6,27,19,59,2,0.02248126561199,1,0
3,3.5,259,14,54,3,0.1438089950027762,1,1
1,3.5,34,17,65,3,0.0968660968660968,0,0
3,3.8,120,16,53,3,0.1198801198801198,1,1
4,4.2,1193,18,69,4,0.3726960324898469,1,0
3,4.1,147,13,61,4,0.1049250535331905,1,1
2,4.1,227,13,63,3,0.4530938123752495,0,1
3,4.0,192,19,70,3,0.1199250468457214,1,1
3,4.4,83,32,68,3,0.0829170829170829,1,0
4,4.2,77,32,53,3,0.0256581139620126,1,0
3,4.1,229,7,47,2,0.1430356027482823,0,1
4,3.4,52,43,58,2,0.0259870064967516,1,0
4,3.6,58,37,58,2,0.0193268910363212,1,0
2,3.3,25,7,51,1,0.0384024577572964,0,1
2,3.4,452,11,51,2,0.9021956087824352,0,1
4,2.6,35,9,54,2,0.0174912543728135,1,0
2,2.6,134,3,51,3,0.2674650698602794,0,1
3,2.7,426,18,48,1,0.3869209809264305,1,1
2,2.9,108,13,42,3,0.1348314606741573,0,1
1,3.8,35,14,59,1,0.2317880794701986,0,0
2,2.6,26,13,45,2,0.0324594257178526,0,1
2,3.2,38,10,58,3,0.0758483033932135,0,1
2,3.6,86,10,49,1,0.1560798548094374,0,1
3,3.6,29,16,60,1,0.0289710289710289,1,1
2,3.8,43,15,72,3,0.0613409415121255,0,1
3,3.6,42,39,45,1,0.0419580419580419,0,0
4,4.0,111,44,45,2,0.0554722638680659,1,0
4,2.6,20,30,54,3,0.0079968012794882,1,0
1,2.7,24,15,71,3,0.0797342192691029,0,0
3,2.8,261,7,43,2,0.2607392607392607,1,1
4,4.6,2093,32,66,5,1.0459770114942528,0,0
3,3.6,38,7,62,4,0.0253164556962025,0,0
3,3.9,106,7,58,1,0.0847322142286171,1,0
3,3.8,31,19,44,4,0.0193628981886321,1,0
2,4.1,84,19,55,2,0.1198288159771754,0,1
1,3.3,165,13,64,2,0.4114713216957606,0,1
3,2.7,185,22,25,3,0.1848151848151848,0,1
2,2.8,48,14,60,2,0.087114337568058,0,1
2,2.8,14,6,43,2,0.0174781523096129,1,0
2,3.2,37,12,42,2,0.0434782608695652,1,0
2,3.2,30,14,57,4,0.0374531835205992,0,1
2,3.3,336,32,46,3,0.4194756554307116,0,1
3,3.4,106,7,71,2,0.1058941058941058,1,1
2,3.4,50,20,62,2,0.0831946755407653,0,0
3,4.6,150,7,47,3,0.1498501498501498,0,1
4,3.7,416,22,54,1,0.1890049977283053,1,1
2,3.6,32,13,79,3,0.0638722554890219,0,0
2,3.6,110,6,66,2,0.1220865704772475,0,1
2,3.8,74,14,80,1,0.1477045908183632,0,0
3,3.5,81,8,25,6,0.0539640239840106,0,1
1,3.5,116,13,63,1,0.2572062084257206,0,0
2,3.6,36,12,25,3,0.0653357531760435,0,1
2,3.7,224,6,36,2,0.3195435092724679,0,0
3,3.6,148,5,42,1,0.0986009327115256,0,0
4,3.9,280,8,77,5,0.1399300349825087,1,1
3,3.9,67,8,60,3,0.0393885949441505,1,0
4,3.7,45,7,104,2,0.0224887556221889,1,0
2,3.5,27,17,54,2,0.0385164051355206,0,1
2,3.6,241,26,73,2,0.2831962397179788,0,1
3,4.2,146,16,44,2,0.1215653621981681,0,1
3,4.0,259,15,71,4,0.2587412587412587,1,1
2,4.0,20,16,25,2,0.028530670470756,0,1
2,3.1,138,18,58,4,0.2754491017964072,0,1
2,2.8,101,6,54,4,0.2015968063872255,0,1
1,3.1,94,19,53,3,0.2344139650872818,0,0
3,2.8,7,36,69,2,0.0049964311206281,1,0
3,0.0,2,49,69,2,0.0014275517487508,1,0
3,2.8,15,26,41,3,0.0099933377748167,1,0
2,0.0,2,34,86,2,0.0033277870216306,0,0
3,2.9,6,25,44,1,0.0059940059940059,1,0
3,2.7,13,25,49,3,0.0099923136049192,1,0
1,3.4,260,12,81,2,0.5764966740576497,0,1
2,2.7,90,10,72,2,0.1796407185628742,0,1
2,3.6,144,12,63,2,0.1797752808988764,0,1
2,3.6,243,14,58,3,0.4043261231281198,0,1
2,3.8,121,15,72,2,0.2013311148086522,0,1
2,3.8,183,9,76,1,0.2610556348074179,0,0
2,4.0,647,15,76,1,1.2914171656686626,0,1
3,3.8,73,27,73,1,0.0486342438374417,1,0
4,0.0,0,36,73,1,0.0,1,0
3,2.7,96,21,57,3,0.0959040959040959,1,0
1,3.4,41,10,45,2,0.1362126245847176,0,1
3,2.8,91,20,79,3,0.0491626148028092,1,0
3,3.6,70,8,48,1,0.0699300699300699,1,0
3,2.8,21,32,70,2,0.0139906728847435,1,0
2,3.7,364,25,108,1,0.7265469061876247,0,0
3,3.7,179,27,108,1,0.1788211788211788,0,0
3,3.4,23,43,70,1,0.014366021236727,1,0
4,3.6,218,29,70,1,0.0484336814041324,1,0
4,4.1,38,34,70,1,0.0094976255936016,1,0
3,3.0,6,22,61,1,0.0031562335612835,1,0
3,3.0,19,19,61,3,0.0135617416131334,1,0
3,3.0,10,35,61,2,0.0083263946711074,1,0
4,3.2,137,32,58,3,0.0684657671164417,1,0
1,2.8,45,30,59,1,0.1495016611295681,0,0
2,3.3,22,7,37,1,0.0337941628264208,0,0
1,3.3,38,17,53,3,0.0947630922693266,0,1
1,3.2,21,13,90,3,0.0697674418604651,0,1
1,3.1,20,15,39,1,0.0443458980044345,0,0
2,2.8,15,10,41,4,0.0187265917602996,0,0
2,3.4,69,5,29,3,0.0918774966711051,0,1
2,3.2,75,13,75,3,0.1361161524500907,0,1
3,2.6,115,24,45,4,0.0638534147695724,1,0
3,3.2,39,7,56,1,0.0324729392173189,1,0
1,2.8,36,14,49,3,0.0897755610972568,0,0
2,2.7,61,9,90,3,0.1014975041597337,0,0
3,2.8,23,16,52,2,0.019150707743547,1,0
2,3.1,82,8,67,2,0.1364392678868552,0,1
4,3.1,13,18,53,1,0.0059064061790095,1,0
4,3.8,283,10,60,2,0.1414292853573213,0,0
3,3.8,665,14,85,3,0.415365396627108,1,1
2,3.6,69,12,61,3,0.1252268602540834,0,1
2,3.7,198,9,16,6,0.3294509151414309,0,1
4,3.5,57,8,60,5,0.0227908836465413,1,0
1,3.6,43,23,89,3,0.2139303482587064,0,1
1,2.3,31,7,73,4,0.0883190883190883,0,1
2,2.4,35,9,29,2,0.0582362728785357,0,0
2,4.1,246,13,16,1,0.4093178036605657,0,1
2,3.3,31,12,50,1,0.0515806988352745,0,0
3,3.5,240,6,47,4,0.1598934043970686,1,0
3,3.7,1902,20,47,5,1.2671552298467688,0,0
4,4.1,2806,16,50,4,1.4022988505747127,1,0
2,3.2,13,21,57,1,0.0199692780337941,0,0
1,3.0,5,11,60,2,0.0142450142450142,0,0
2,3.2,68,10,37,2,0.1357285429141716,0,0
1,2.6,120,14,64,2,0.2660753880266075,0,0
2,3.7,18,6,64,5,0.0276497695852534,0,1
2,3.5,66,9,57,1,0.094151212553495,0,0
2,2.7,67,8,65,2,0.0836454431960049,0,1
2,3.3,40,9,58,1,0.072595281306715,0,0
2,3.4,39,7,53,1,0.0599078341013824,0,1
2,3.4,19,13,48,2,0.0316139767054908,0,0
2,2.9,42,13,62,1,0.0559254327563249,0,0
2,3.4,234,10,53,2,0.467065868263473,0,1
2,2.9,501,10,50,2,0.6671105193075899,1,0
2,2.6,61,28,62,2,0.0870185449358059,0,1
2,3.3,81,6,71,4,0.1616766467065868,0,1
1,3.4,118,14,62,1,0.3361823361823361,0,0
2,3.1,13,33,50,2,0.0185449358059914,0,0
2,3.7,26,14,50,3,0.043261231281198,0,1
2,3.6,185,10,50,7,0.3078202995008319,0,0
1,3.6,27,9,72,1,0.0673316708229426,0,0
3,3.6,496,12,50,5,0.4955044955044955,1,1
3,3.5,55,7,60,3,0.0366422385076615,1,0
2,3.5,205,4,51,2,0.2275249722530521,0,0
4,3.7,730,12,53,2,0.2918832467013195,1,1
1,3.7,31,25,67,3,0.0773067331670823,0,1
3,3.8,468,15,63,3,0.3340471092077088,1,0
2,2.3,29,13,65,1,0.0482529118136439,0,0
3,2.1,90,21,50,3,0.0499722376457523,1,0
2,2.3,34,14,44,2,0.0565723793677204,0,1
2,4.0,62,12,56,2,0.0688124306326304,1,0
1,3.3,34,15,59,1,0.0753880266075388,0,0
3,3.4,165,28,52,2,0.1099267155229846,1,1
1,3.0,4,2,60,1,0.0199004975124378,0,0
1,2.9,4,10,62,1,0.0099750623441396,0,0
2,3.2,5,20,89,1,0.0099800399201596,0,0
2,3.2,18,19,69,1,0.0359281437125748,0,0
2,3.2,31,11,62,3,0.0442225392296719,0,0
1,3.2,7,15,42,1,0.0693069306930693,0,0
1,2.9,5,16,71,3,0.0142450142450142,0,0
1,3.4,27,12,83,2,0.1343283582089552,0,1
1,3.2,28,13,54,1,0.0698254364089775,0,0
2,3.1,4,15,38,5,0.0066555740432612,0,0
2,3.3,25,26,60,2,0.0415973377703826,0,0
1,3.1,12,21,50,1,0.0794701986754966,0,0
1,2.9,5,9,50,1,0.0248756218905472,0,0
3,3.1,25,4,74,4,0.0249750249750249,1,0
2,2.6,12,19,68,2,0.0239520958083832,0,1
1,3.0,6,10,57,2,0.0133037694013303,0,0
1,3.1,17,22,52,1,0.0677290836653386,0,0
1,3.0,13,11,42,3,0.0324189526184538,0,0
2,3.3,21,17,82,2,0.0419161676646706,0,0
1,3.4,60,6,43,2,0.1496259351620947,0,1
2,3.4,33,7,59,2,0.0549084858569051,0,0
2,2.7,11,13,61,2,0.013732833957553,0,1
1,2.9,8,9,57,2,0.0199501246882793,0,0
2,3.2,25,13,54,1,0.035663338088445,0,0
1,3.1,7,11,76,1,0.0155210643015521,0,0
1,2.8,4,28,25,1,0.0264900662251655,0,0
1,3.0,11,22,38,3,0.0728476821192053,0,0
1,2.9,10,6,38,3,0.0249376558603491,0,0
2,3.0,6,12,67,1,0.0085592011412268,0,0
2,2.5,12,12,58,4,0.0239520958083832,0,1
1,3.3,26,12,56,3,0.1035856573705179,0,0
1,3.0,15,8,34,1,0.0746268656716417,0,0
1,2.8,16,16,64,1,0.0796019900497512,0,0
2,3.5,31,15,57,2,0.0562613430127041,0,0
1,3.6,18,15,61,2,0.1782178217821782,0,0
2,3.5,25,15,47,1,0.031210986267166,0,0
1,0.0,3,12,70,1,0.0099667774086378,0,0
2,0.0,3,14,97,2,0.0049916805324459,0,0
1,0.0,1,11,38,1,0.0066225165562913,0,0
1,0.0,1,17,25,1,0.0049751243781094,0,0
1,0.0,3,14,49,3,0.0099667774086378,0,0
2,2.2,93,18,57,3,0.1161048689138576,0,1
1,3.6,84,12,54,1,0.2094763092269326,0,0
2,2.4,112,14,58,2,0.1597717546362339,0,0
2,4.1,74,17,38,5,0.1477045908183632,0,1
3,3.2,12,14,45,1,0.0066629650194336,0,0
2,3.4,36,13,45,2,0.0449438202247191,1,1
3,3.8,101,12,56,3,0.07209136331192,0,1
2,3.5,45,10,56,3,0.0691244239631336,0,1
3,3.9,81,16,45,3,0.0476190476190476,0,0
2,3.7,33,9,56,2,0.0549084858569051,0,1
3,3.5,37,18,54,3,0.0246502331778814,1,0
2,3.5,16,9,59,1,0.0228245363766048,0,0
1,3.1,14,14,76,1,0.0465116279069767,0,0
1,3.1,9,27,71,3,0.0256410256410256,0,0
1,2.9,19,19,65,2,0.0421286031042128,0,0
2,3.2,15,16,83,2,0.021398002853067,0,0
1,3.2,18,13,58,2,0.0895522388059701,0,0
2,3.2,6,13,20,1,0.0108892921960072,0,1
1,2.9,4,29,62,2,0.0199004975124378,0,0
1,3.2,10,11,34,1,0.0497512437810945,0,0
2,2.9,4,15,20,2,0.0066555740432612,0,0
1,3.1,24,7,53,2,0.0598503740648379,0,0
2,2.7,11,8,48,2,0.013732833957553,1,0
1,2.5,9,13,53,5,0.0358565737051792,0,1
1,3.0,4,29,67,3,0.0132890365448504,0,0
1,3.1,12,17,60,1,0.0341880341880341,0,0
1,3.1,17,13,66,4,0.0423940149625935,0,0
1,3.0,5,12,47,3,0.0199203187250996,0,0
1,0.0,1,17,58,2,0.0024937655860349,0,0
2,0.0,1,16,68,3,0.0016638935108153,0,0
1,0.0,2,14,37,2,0.0044345898004434,0,0
1,0.0,0,16,62,2,0.0,0,0
1,0.0,0,15,62,1,0.0,0,0
1,0.0,1,16,54,2,0.0099009900990099,0,0
1,0.0,0,14,63,1,0.0,0,0
1,0.0,0,27,58,3,0.0,0,0
2,0.0,1,18,74,2,0.0014265335235378,0,0
2,0.0,0,6,71,3,0.0,0,0
2,0.0,0,14,57,2,0.0,0,0
2,0.0,0,9,57,2,0.0,0,0
1,0.0,0,13,40,2,0.0,0,0
1,0.0,1,17,73,2,0.0039840637450199,0,0
1,0.0,0,11,76,4,0.0,0,0
1,0.0,2,8,41,2,0.0049875311720698,0,0
2,0.0,0,10,90,3,0.0,0,0
1,0.0,1,25,50,3,0.0024937655860349,0,0
1,0.0,2,12,62,2,0.0099502487562189,0,0
2,0.0,0,8,28,2,0.0,0,0
1,0.0,0,20,111,1,0.0,0,0
2,0.0,0,18,71,2,0.0,0,0
2,0.0,1,10,83,2,0.0016638935108153,0,0
1,0.0,2,31,61,1,0.0066445182724252,0,0
1,0.0,2,20,70,3,0.0044345898004434,0,0
1,0.0,1,6,34,1,0.0039840637450199,0,0
1,0.0,0,13,56,1,0.0,0,0
2,0.0,2,30,56,1,0.0039920159680638,0,0
1,0.0,3,22,61,1,0.0085470085470085,0,0
1,0.0,0,18,50,1,0.0,0,0
2,0.0,0,19,55,1,0.0,0,0
1,0.0,0,19,42,1,0.0,0,0
1,0.0,1,10,80,1,0.0024937655860349,0,0
3,3.2,13,18,28,3,0.0086608927381745,1,0
4,3.4,20,34,62,2,0.0066644451849383,1,0
3,3.2,26,33,62,2,0.0216486261448792,0,0
4,3.7,176,26,56,4,0.0799636528850522,1,0
4,3.7,340,36,56,2,0.113295568143952,1,0
4,3.0,21,13,39,2,0.0104947526236881,1,0
1,3.1,84,20,45,3,0.2393162393162393,0,1
2,3.3,41,7,49,1,0.0629800307219662,0,0
1,2.8,18,15,39,1,0.0399113082039911,0,0
1,3.2,10,11,38,1,0.0249376558603491,0,0
2,2.8,16,18,39,2,0.0228245363766048,0,1
2,3.0,61,16,53,2,0.0677025527192008,1,1
2,2.8,70,14,63,2,0.0998573466476462,0,0
1,2.8,16,16,45,3,0.0455840455840455,0,0
2,3.4,57,20,33,2,0.1137724550898203,0,0
1,3.0,33,18,38,2,0.1314741035856573,0,1
2,3.2,92,6,38,4,0.1836327345309381,0,1
1,3.3,22,12,38,2,0.1094527363184079,0,0
2,3.7,25,17,50,3,0.0499001996007984,0,0
2,3.0,71,11,60,2,0.1417165668662674,0,1
2,3.2,100,17,43,2,0.1426533523537803,0,1
2,2.3,32,14,55,2,0.0532445923460898,0,1
3,3.5,194,19,53,4,0.1292471685542971,1,0
1,3.2,15,13,51,1,0.0746268656716417,0,0
1,3.1,16,22,31,1,0.0637450199203187,0,0
2,3.6,315,10,43,7,0.5241264559068219,0,0
3,2.4,53,11,51,1,0.0294280955024986,0,0
1,3.0,4,20,33,1,0.0199004975124378,0,0
3,3.0,8,15,55,2,0.0053297801465689,1,0
2,0.0,1,16,82,1,0.0019960079840319,0,0
1,2.8,6,16,47,2,0.0397350993377483,0,0
1,3.0,4,7,51,1,0.0099750623441396,0,0
1,2.9,6,22,64,3,0.0149625935162094,0,0
2,2.9,4,15,18,4,0.0049937578027465,0,0
1,3.2,20,12,27,2,0.0664451827242525,0,0
1,3.1,20,13,66,1,0.0664451827242525,0,0
1,2.8,34,15,44,1,0.0753880266075388,0,0
1,3.3,36,12,57,2,0.1196013289036544,0,1
1,3.0,5,10,101,2,0.0248756218905472,0,0
1,3.1,41,15,39,2,0.2039800995024875,0,0
1,3.1,7,9,40,2,0.0348258706467661,0,0
2,3.1,7,17,107,5,0.0139720558882235,0,0
2,2.8,8,15,43,2,0.0133111480865224,0,0
1,2.9,10,8,95,1,0.0497512437810945,0,0
1,3.2,11,13,70,1,0.0547263681592039,0,0
1,3.1,21,23,22,2,0.0523690773067331,0,0
1,3.4,25,12,48,2,0.0712250712250712,0,0
1,3.3,19,21,41,1,0.0945273631840796,0,1
1,3.3,43,21,60,1,0.2139303482587064,0,1
1,2.6,18,9,40,1,0.0717131474103585,0,0
2,2.7,17,3,40,3,0.0339321357285429,0,1
1,3.3,69,11,44,4,0.2292358803986711,0,0
1,3.4,25,24,41,2,0.0830564784053156,0,0
2,3.2,52,13,61,2,0.086522462562396,0,1
2,2.9,16,31,56,2,0.0199750312109862,1,0
1,3.0,5,15,120,2,0.0124688279301745,0,0
2,3.1,8,13,43,2,0.0133111480865224,0,1
1,2.8,9,19,25,2,0.0224438902743142,0,0
2,3.0,30,11,52,3,0.059880239520958,0,1
1,3.2,34,13,61,1,0.0753880266075388,0,0
2,2.9,26,13,66,5,0.043261231281198,0,0
2,3.2,13,16,67,2,0.021630615640599,0,0
2,2.7,9,16,18,2,0.0138248847926267,0,1
2,3.0,21,8,66,1,0.032258064516129,0,0
2,3.1,17,21,61,2,0.0188679245283018,1,0
2,3.3,32,19,66,4,0.0355160932297447,1,0
1,2.9,6,21,55,1,0.0298507462686567,0,0
2,2.5,70,14,56,2,0.1164725457570715,0,1
1,2.8,6,17,61,1,0.0149625935162094,0,0
3,3.0,5,21,86,3,0.0049950049950049,1,0
1,3.5,32,13,95,1,0.2119205298013245,0,0
1,3.5,64,11,23,1,0.3184079601990049,0,0
2,0.0,3,12,64,3,0.0049916805324459,0,0
1,0.0,2,23,52,2,0.0056980056980056,0,0
2,0.0,3,21,42,2,0.0059880239520958,0,0
1,0.0,3,10,50,1,0.0074812967581047,0,1
1,0.0,3,31,47,1,0.0085470085470085,0,0
2,0.0,2,27,68,1,0.0028530670470756,0,0
1,0.0,3,21,61,5,0.0074812967581047,0,0
3,2.4,23,22,36,3,0.0229770229770229,0,1
1,2.4,18,9,81,2,0.0598006644518272,0,0
1,2.4,26,5,87,3,0.0648379052369077,0,1
1,3.0,4,8,46,2,0.0099750623441396,0,0
1,2.9,6,15,48,2,0.0149625935162094,0,0
3,2.9,5,7,86,2,0.0049950049950049,1,0
2,2.8,10,9,43,3,0.0199600798403193,0,0
2,3.0,4,17,44,2,0.0079840319361277,0,0
1,3.2,12,23,71,3,0.0341880341880341,0,0
2,2.9,4,10,25,3,0.0061443932411674,0,1
1,3.3,14,24,64,2,0.0310421286031042,0,1
1,2.9,4,10,58,2,0.0132890365448504,0,0
1,2.7,36,16,35,1,0.1025641025641025,0,0
2,3.5,28,5,18,3,0.0558882235528942,0,0
2,3.4,256,12,101,1,0.4259567387687188,0,1
1,0.0,0,8,18,1,0.0,0,0
1,0.0,0,15,66,1,0.0,0,0
1,0.0,0,34,67,3,0.0,0,0
1,0.0,0,14,50,3,0.0,0,0
1,0.0,0,15,25,1,0.0,0,0
1,0.0,0,15,41,1,0.0,0,0
1,0.0,1,15,64,4,0.0024937655860349,0,0
1,0.0,2,15,40,3,0.0049875311720698,0,0
1,0.0,0,11,55,1,0.0,0,0
1,0.0,0,10,53,1,0.0,0,0
1,0.0,1,10,40,2,0.0033222591362126,0,0
2,0.0,0,14,45,2,0.0,0,0
2,0.0,1,18,69,4,0.0019960079840319,0,0
2,0.0,0,19,38,3,0.0,0,0
1,0.0,0,12,67,1,0.0,0,0
1,0.0,2,13,56,2,0.0198019801980198,0,0
1,0.0,1,31,43,1,0.0066225165562913,0,0
1,0.0,0,28,34,1,0.0,0,0
2,0.0,2,15,40,1,0.0036297640653357,0,0
1,0.0,0,13,37,2,0.0,0,0
2,3.3,32,14,95,2,0.0456490727532097,0,0
2,3.2,8,9,63,2,0.0133111480865224,0,0
1,2.7,15,11,66,1,0.0374064837905236,0,1
1,3.5,40,10,87,2,0.0997506234413965,0,1
1,0.0,0,8,42,1,0.0,0,0
1,0.0,0,13,71,1,0.0,0,0
2,0.0,3,4,55,1,0.0037453183520599,0,1
1,3.0,4,11,28,1,0.0099750623441396,0,0
1,0.0,2,13,40,1,0.0066445182724252,0,0
1,0.0,0,12,18,1,0.0,0,1
1,0.0,0,9,18,2,0.0,0,0
1,0.0,0,22,37,1,0.0,0,0
1,0.0,0,16,42,1,0.0,0,0
1,0.0,0,9,68,2,0.0,0,0
1,0.0,2,14,52,2,0.0066445182724252,0,0
1,0.0,0,21,45,1,0.0,0,0
2,3.4,17,15,18,1,0.0282861896838602,0,1
3,3.3,8,11,54,3,0.0072661217075386,1,1
2,2.9,27,18,56,1,0.0385164051355206,0,1
2,3.0,13,6,39,2,0.021630615640599,0,1
2,3.3,15,15,18,2,0.029940119760479,0,1
2,2.7,53,18,81,3,0.066167290886392,0,1
2,3.6,169,13,52,3,0.1985898942420681,1,0
2,3.9,25,21,68,1,0.027746947835738,0,0
1,0.0,0,12,36,1,0.0,0,1
1,0.0,0,7,57,3,0.0,0,0
1,0.0,3,13,18,1,0.0149253731343283,0,1
2,0.0,2,15,79,2,0.0036297640653357,0,0
2,3.3,88,6,44,2,0.097669256381798,1,0
3,3.3,563,14,63,1,0.3126041088284286,1,0
2,3.4,1022,13,53,2,1.2759051186017478,0,1
2,2.7,235,11,53,3,0.3910149750415973,0,0
3,3.3,586,8,53,2,0.4182726623840114,1,1
3,4.7,69,10,50,4,0.0574521232306411,1,0
3,4.8,245,8,36,3,0.1632245169886742,1,0
3,4.8,1478,9,29,2,0.9846768820786144,1,0
4,3.9,1365,13,52,4,0.6821589205397302,1,1
3,3.5,134,20,52,4,0.0956459671663097,1,0
2,3.8,966,11,54,6,1.7531760435571688,0,1
3,3.5,429,9,53,1,0.2858094603597602,1,1
2,3.6,146,14,53,2,0.2082738944365192,0,0
2,3.7,241,9,35,2,0.4810379241516966,0,0
3,3.5,853,13,39,4,0.5682878081279147,1,0
3,3.6,254,13,39,4,0.1586508432229856,1,0
3,3.8,1317,15,37,5,0.8774150566289141,1,0
2,3.5,187,10,39,2,0.373253493013972,0,1
3,3.9,401,31,26,5,0.2671552298467688,1,0
3,3.6,302,17,50,1,0.201199200532978,1,1
3,3.9,297,26,53,2,0.1649083842309827,1,1
3,3.9,280,16,53,4,0.2331390507910075,1,0
2,3.7,269,9,53,1,0.383737517831669,0,0
3,3.6,289,7,42,5,0.1925383077948034,1,0
4,3.9,96,25,37,6,0.047976011994003,1,0
3,4.0,322,8,39,3,0.2298358315488936,1,0
3,4.4,391,18,50,4,0.2442223610243597,1,0
4,4.1,569,18,39,4,0.270823417420276,0,0
3,4.1,105,7,37,2,0.0699533644237175,0,0
3,4.4,3569,36,39,4,1.9816768461965573,0,0
1,4.1,208,13,35,3,0.5187032418952618,0,0
4,4.2,327,15,39,1,0.1307477009196321,1,1
3,4.0,226,16,59,3,0.1881765195670274,1,1
3,4.1,875,8,39,3,0.5465334166146159,1,1
3,4.2,1809,16,50,4,1.2051965356429046,1,0
4,4.3,56,5,87,2,0.0169645561950923,0,0
3,4.4,166,15,33,4,0.1326938449240607,1,0
3,4.4,146,13,31,5,0.1215653621981681,1,0
2,3.8,99,6,84,5,0.152073732718894,0,1
3,4.0,242,19,55,3,0.1307401404646137,1,0
2,3.1,11,11,57,1,0.0219560878243512,0,0
1,2.7,73,8,36,3,0.1618625277161862,0,0
1,2.7,7,12,41,2,0.0232558139534883,0,0
1,3.1,23,15,39,1,0.0509977827050997,0,0
1,3.2,23,11,40,2,0.0916334661354581,0,1
1,3.2,7,3,56,2,0.0348258706467661,0,0
1,2.9,10,10,54,2,0.0497512437810945,0,1
2,2.9,5,24,24,2,0.0058754406580493,0,0
2,3.1,34,12,60,2,0.0678642714570858,0,1
1,3.1,7,14,38,2,0.0348258706467661,0,0
1,3.1,5,19,56,1,0.0331125827814569,0,1
1,3.1,14,16,63,3,0.0398860398860398,0,0
2,2.9,7,14,40,2,0.0139720558882235,0,0
1,3.3,8,16,31,2,0.0318725099601593,0,0
2,3.0,8,12,23,3,0.0133111480865224,0,1
2,2.7,7,18,47,1,0.0139720558882235,0,0
1,3.1,9,15,39,2,0.0256410256410256,0,0
1,2.5,52,14,41,2,0.1152993348115299,0,0
1,3.2,39,11,58,2,0.1295681063122923,0,0
1,2.9,9,9,41,2,0.0224438902743142,0,0
2,2.8,73,6,41,2,0.1457085828343313,0,1
2,4.5,76,6,47,3,0.1516966067864271,0,1
2,3.6,183,11,39,2,0.3044925124792013,0,1
1,3.8,142,17,103,2,0.5657370517928287,0,1
2,3.5,22,15,38,2,0.0337941628264208,1,1
2,3.9,144,13,18,4,0.2396006655574043,0,1
2,3.5,486,18,39,4,0.9700598802395208,0,1
1,3.9,104,12,36,1,0.2593516209476309,0,1
1,3.5,136,15,41,1,0.3391521197007481,0,1
1,0.0,3,10,58,2,0.0085470085470085,0,0
1,0.0,1,12,55,1,0.0033222591362126,0,0
2,0.0,0,11,33,2,0.0,0,0
2,0.0,0,13,34,1,0.0,0,0
1,2.4,13,12,53,1,0.037037037037037,0,1
2,4.0,530,16,38,3,0.66167290886392,1,1
2,3.0,6,7,81,2,0.0119760479041916,0,0
1,3.0,5,26,38,1,0.0331125827814569,0,0
2,0.0,0,13,67,1,0.0,0,0
2,0.0,0,9,30,2,0.0,0,0
1,0.0,3,22,43,2,0.0198675496688741,0,0
1,0.0,0,14,63,1,0.0,0,0
1,0.0,0,16,47,2,0.0,0,0
2,0.0,0,12,85,1,0.0,0,0
1,0.0,0,23,41,1,0.0,0,0
2,0.0,0,12,87,1,0.0,0,0
2,0.0,0,12,67,1,0.0,0,0
1,0.0,2,10,42,2,0.0049875311720698,0,0
1,0.0,0,10,41,1,0.0,0,0
1,0.0,0,18,58,2,0.0,0,0
1,0.0,1,22,53,1,0.0049751243781094,0,0
1,0.0,0,18,47,1,0.0,0,0
1,0.0,0,16,46,1,0.0,0,0
2,0.0,0,12,61,3,0.0,0,0
1,0.0,0,15,46,2,0.0,0,0
2,0.0,0,22,71,2,0.0,0,0
2,3.0,174,14,39,2,0.2895174708818636,0,1
2,3.2,11,24,89,3,0.0183028286189683,0,1
1,4.1,176,19,28,2,0.4389027431421446,0,0
2,3.4,64,12,56,2,0.1161524500907441,0,1
2,3.2,41,24,56,3,0.0682196339434276,0,1
2,3.2,24,15,54,1,0.0479041916167664,0,1
1,3.2,10,30,56,2,0.0497512437810945,0,0
2,3.2,18,16,56,2,0.0359281437125748,0,0
2,3.3,59,12,40,2,0.0981697171381031,0,1
1,2.9,28,18,63,2,0.1115537848605577,0,0
2,3.3,74,8,67,3,0.1231281198003327,0,0
2,2.8,14,18,57,4,0.0279441117764471,0,1
1,3.2,50,9,63,4,0.1661129568106312,0,1
2,3.1,11,14,59,2,0.0156918687589158,0,0
1,3.2,10,21,56,2,0.0497512437810945,0,0
2,3.2,88,13,55,3,0.1756487025948103,0,1
2,3.7,427,10,18,3,0.6559139784946236,0,1
1,0.0,0,10,64,1,0.0,0,0
1,0.0,3,14,18,2,0.0085470085470085,0,0
1,0.0,1,12,55,2,0.0033222591362126,0,0
1,0.0,3,21,18,1,0.0099667774086378,0,0
1,0.0,0,17,71,1,0.0,0,0
1,0.0,0,12,18,1,0.0,0,0
1,0.0,0,9,40,2,0.0,0,0
1,0.0,1,5,18,3,0.0024937655860349,0,0
1,0.0,0,11,29,1,0.0,0,0
1,0.0,1,23,40,2,0.0099009900990099,0,0
1,0.0,0,22,36,1,0.0,0,0
1,0.0,1,21,53,2,0.0066225165562913,0,0
1,0.0,0,19,40,1,0.0,0,0
1,0.0,0,12,37,2,0.0,0,0
1,0.0,1,18,44,2,0.0033222591362126,0,0
1,0.0,0,7,37,1,0.0,0,0
2,2.4,92,14,58,3,0.1312410841654779,0,1
1,2.8,16,10,38,3,0.0531561461794019,0,0
2,3.3,17,15,74,1,0.0212234706616729,0,0
1,0.0,3,13,43,1,0.0074812967581047,0,0
1,0.0,0,23,59,2,0.0,0,0
3,3.9,233,4,37,4,0.1455340412242348,1,1
2,2.4,20,26,72,2,0.0399201596806387,0,1
2,3.2,6,32,18,1,0.0099833610648918,0,0
1,3.0,6,12,71,2,0.0199335548172757,0,1
1,3.1,6,12,37,4,0.0495867768595041,0,0
1,3.3,15,13,43,2,0.0374064837905236,0,1
2,3.1,4,10,42,1,0.0066555740432612,0,1
1,3.0,4,7,31,1,0.0396039603960396,0,0
2,2.7,20,14,51,3,0.0332778702163061,0,0
2,3.0,18,9,50,1,0.0299500831946755,0,0
2,3.2,18,7,60,3,0.0299500831946755,0,1
1,3.0,6,13,18,1,0.0199335548172757,0,0
1,3.2,7,5,31,2,0.0232558139534883,0,0
1,3.3,14,22,63,2,0.0465116279069767,0,0
1,2.9,4,16,43,2,0.0113960113960113,0,0
2,3.2,48,13,51,2,0.0958083832335329,0,0
2,3.1,9,5,18,3,0.0128388017118402,0,1
2,2.9,5,15,54,2,0.0083194675540765,0,0
2,3.0,33,10,55,2,0.0658682634730539,0,0
1,3.0,4,33,45,1,0.0199004975124378,0,0
2,3.1,37,7,56,2,0.0568356374807987,0,1
2,2.6,17,13,71,1,0.0282861896838602,0,1
2,2.9,8,9,57,2,0.0106524633821571,1,0
2,2.8,5,13,45,2,0.0099800399201596,0,1
1,3.0,6,26,31,1,0.0397350993377483,0,0
2,3.6,47,16,34,1,0.0938123752495009,0,0
1,3.8,46,15,18,2,0.1147132169576059,0,0
1,3.9,37,18,64,1,0.1054131054131054,0,1
2,3.5,46,9,52,2,0.0574282147315855,0,1
1,0.0,0,10,39,1,0.0,0,0
1,0.0,0,21,31,2,0.0,0,0
2,0.0,0,7,42,1,0.0,0,0
1,0.0,1,15,65,1,0.0033222591362126,0,0
1,0.0,0,13,68,5,0.0,0,0
1,0.0,1,15,58,2,0.0024937655860349,0,0
2,0.0,1,10,50,2,0.0016638935108153,0,0
2,0.0,1,15,56,1,0.0016638935108153,0,0
1,0.0,0,19,31,1,0.0,0,0
1,0.0,0,8,41,3,0.0,0,0
1,0.0,0,7,31,1,0.0,0,0
1,0.0,0,13,27,1,0.0,0,0
1,0.0,0,10,31,1,0.0,0,0
1,0.0,0,31,53,2,0.0,0,0
1,0.0,0,11,43,1,0.0,0,0
1,0.0,0,10,33,1,0.0,0,0
2,0.0,0,13,18,2,0.0,0,0
1,0.0,3,10,70,2,0.0099667774086378,0,0
1,0.0,0,14,31,1,0.0,0,0
1,0.0,2,22,45,1,0.0132450331125827,0,0
1,0.0,0,28,31,1,0.0,0,0
2,0.0,0,19,47,1,0.0,0,0
1,0.0,0,17,31,1,0.0,0,0
1,0.0,1,22,18,1,0.0049751243781094,0,0
2,2.2,66,10,63,3,0.0823970037453183,0,0
1,2.2,46,16,41,1,0.1147132169576059,0,1
2,2.4,52,7,35,3,0.0798771121351766,0,0
1,3.2,12,27,49,1,0.0398671096345514,0,1
2,2.8,106,13,37,1,0.1763727121464226,0,1
2,3.3,22,10,62,1,0.0439121756487025,0,0
1,3.4,94,13,50,1,0.3122923588039867,0,0
2,2.6,16,11,36,2,0.0266222961730449,0,1
1,2.8,11,21,61,1,0.0547263681592039,0,1
1,3.2,16,17,22,2,0.0455840455840455,0,0
1,3.2,32,13,52,3,0.0709534368070953,0,1
1,3.1,27,11,17,1,0.1343283582089552,0,0
2,3.7,45,16,48,3,0.0816696914700544,0,1
2,3.5,148,25,35,2,0.1847690387016229,0,1
1,3.6,20,21,42,1,0.1324503311258278,0,0
1,3.2,13,9,36,1,0.037037037037037,0,1
1,2.8,7,11,52,2,0.0348258706467661,0,0
1,0.0,3,11,73,1,0.0119521912350597,0,0
1,3.4,37,6,53,2,0.147410358565737,0,0
2,3.3,64,11,54,2,0.0912981455064194,0,1
1,3.2,16,14,54,1,0.1584158415841584,0,0
1,2.7,28,13,67,4,0.0620842572062084,0,0
1,3.6,28,12,47,2,0.1393034825870646,0,0
2,4.0,398,22,57,2,0.6113671274961597,0,0
1,0.0,0,21,52,1,0.0,0,0
1,0.0,0,12,46,1,0.0,0,0
1,0.0,0,13,20,1,0.0,0,1
1,0.0,0,9,76,2,0.0,0,0
2,3.4,190,12,19,2,0.3792415169660678,0,1
3,2.5,65,22,19,3,0.0649350649350649,0,1
1,3.3,39,7,75,2,0.0972568578553615,0,1
1,3.4,20,10,72,2,0.099502487562189,0,1
2,3.3,17,13,68,3,0.0339321357285429,0,0
1,3.2,21,10,65,2,0.0523690773067331,0,1
2,3.3,175,12,64,3,0.3176043557168784,0,1
2,3.4,138,14,51,3,0.2296173044925124,0,1
1,3.4,20,13,32,1,0.1324503311258278,0,0
2,3.4,51,12,85,3,0.0848585690515806,0,1
3,3.2,32,16,44,2,0.0319680319680319,1,1
2,3.1,57,13,50,3,0.0758988015978695,1,0
1,3.4,54,19,48,3,0.1794019933554817,0,0
1,2.9,41,15,53,1,0.1022443890274314,0,0
2,2.5,188,11,58,3,0.3128119800332778,0,1
1,3.1,68,19,47,3,0.169576059850374,0,0
1,2.6,30,19,72,3,0.0748129675810473,0,0
2,2.9,58,6,56,4,0.1157684630738523,0,1
2,2.9,101,6,67,4,0.2015968063872255,0,1
2,3.3,16,21,78,1,0.0199750312109862,0,0
2,2.8,22,8,73,1,0.0439121756487025,0,1
3,2.6,83,17,48,3,0.0552964690206529,1,1
3,3.4,155,14,65,2,0.1147298297557364,1,1
2,3.4,40,18,51,3,0.0665557404326123,0,0
2,3.7,30,9,80,1,0.0399467376830892,1,1
1,3.5,30,12,56,4,0.1492537313432835,0,1
2,3.5,84,17,53,3,0.1676646706586826,0,1
3,3.7,21,10,19,2,0.0167865707434052,0,1
1,3.9,22,8,68,2,0.054862842892768,0,1
1,3.6,57,9,19,2,0.1893687707641196,0,0
3,3.9,28,14,78,1,0.0254314259763851,1,0
2,3.9,101,9,60,6,0.168053244592346,0,1
2,3.5,26,14,61,3,0.0518962075848303,0,0
3,3.7,28,4,54,2,0.0174890693316677,1,0
2,3.6,35,20,60,1,0.0698602794411177,0,0
2,3.7,51,9,66,1,0.0727532097004279,0,0
2,3.5,39,15,73,3,0.0410094637223974,0,1
1,3.5,37,15,71,5,0.1229235880398671,0,0
2,2.3,70,14,55,2,0.0998573466476462,0,0
1,2.3,26,22,53,1,0.1293532338308457,0,1
1,2.4,42,10,72,1,0.0931263858093126,0,0
4,4.1,56,13,56,1,0.0223910435825669,1,0
2,0.0,0,8,30,3,0.0,1,0
2,0.0,0,8,27,2,0.0,0,0
2,2.8,7,10,75,2,0.0116472545757071,0,1
1,2.8,9,12,50,2,0.0891089108910891,0,0
2,3.1,33,16,45,3,0.0470756062767475,0,0
2,0.0,0,12,57,1,0.0,0,0
1,0.0,1,12,37,1,0.0039840637450199,0,0
1,0.0,0,19,43,1,0.0,0,0
1,0.0,0,20,59,2,0.0,0,0
2,0.0,0,16,21,1,0.0,0,0
2,3.4,178,11,49,8,0.2961730449251248,0,1
3,4.5,1262,17,65,2,0.7007218212104387,1,1
2,3.3,199,15,46,4,0.3056835637480798,1,1
2,3.4,483,35,34,3,0.5078864353312302,0,1
2,3.4,346,8,60,3,0.6906187624750499,0,1
2,3.2,241,11,64,2,0.2831962397179788,1,1
1,3.8,158,13,57,1,0.3503325942350332,0,1
1,3.7,92,7,40,2,0.2294264339152119,0,1
1,3.6,115,5,40,2,0.286783042394015,0,1
1,3.9,94,10,60,3,0.3122923588039867,0,1
2,3.5,118,13,44,2,0.1473158551810237,0,1
1,3.8,48,10,40,2,0.1594684385382059,0,1
2,3.6,321,16,46,2,0.4007490636704119,1,1
4,4.0,429,10,40,1,0.2143928035982009,1,1
3,4.1,344,11,46,3,0.3124432334241598,1,1
2,4.1,103,4,40,2,0.1469329529243937,0,1
2,4.2,67,15,40,1,0.1337325349301397,0,1
2,4.2,112,18,40,2,0.2235528942115768,0,1
2,4.0,157,8,47,3,0.2239657631954351,0,1
2,3.0,8,7,38,1,0.0159680638722554,0,0
1,3.3,21,15,48,1,0.0523690773067331,0,0
2,2.7,39,11,43,2,0.0556348074179743,0,1
1,3.2,27,12,69,2,0.0598669623059867,0,0
1,3.2,10,4,45,2,0.0332225913621262,0,0
3,3.4,16,17,36,1,0.0159840159840159,0,0
2,3.4,20,15,79,4,0.028530670470756,0,1
3,2.8,80,9,51,3,0.0799200799200799,0,1
2,2.8,42,12,63,1,0.0698835274542429,0,1
2,3.7,49,15,20,1,0.08153078202995,0,1
1,3.7,65,15,57,1,0.2159468438538206,0,1
2,3.7,52,12,51,3,0.0943738656987295,0,1
1,3.7,58,4,62,2,0.2310756972111553,0,1
1,3.7,25,7,85,3,0.1243781094527363,0,1
1,3.7,50,10,45,1,0.1661129568106312,0,0
2,3.7,125,18,20,2,0.2079866888519135,0,1
1,3.5,26,15,53,1,0.1721854304635761,0,0
2,3.7,23,15,20,2,0.0459081836327345,0,1
2,3.8,23,13,20,3,0.038269550748752,0,0
2,0.0,1,13,37,3,0.0019960079840319,0,0
2,0.0,0,11,50,2,0.0,0,0
2,0.0,1,12,29,1,0.0012484394506866,0,0
1,0.0,3,17,37,2,0.0119521912350597,0,0
1,0.0,2,18,36,1,0.0079681274900398,0,0
2,2.4,38,9,55,1,0.0689655172413793,0,0
3,4.3,62,10,58,1,0.0563124432334241,0,0
3,4.0,32,16,60,2,0.0213191205862758,1,1
2,4.0,101,7,52,7,0.168053244592346,0,1
2,4.0,34,15,20,3,0.0452729693741677,0,1
1,4.0,53,23,45,1,0.1321695760598503,0,1
1,3.1,10,30,65,1,0.0398406374501992,0,0
2,3.1,5,15,45,1,0.0099800399201596,0,0
2,3.2,12,6,58,2,0.0199667221297836,0,1
1,3.0,4,8,61,2,0.0099750623441396,0,0
2,2.7,7,15,52,1,0.0139720558882235,0,1
2,3.1,35,13,61,1,0.0499286733238231,0,1
2,3.4,117,7,55,1,0.1797235023041474,0,1
2,3.4,67,15,66,2,0.0955777460770328,0,1
1,3.3,26,40,48,1,0.1293532338308457,0,0
1,3.0,33,20,52,1,0.0822942643391521,0,0
2,3.3,59,6,61,4,0.1177644710578842,0,0
2,2.6,11,16,60,3,0.0183028286189683,0,0
3,3.4,21,14,61,2,0.0174854288093255,0,1
1,3.2,15,8,60,1,0.0498338870431893,0,1
2,3.6,41,12,69,2,0.0481786133960047,0,1
2,3.9,67,9,42,2,0.1029185867895545,0,1
1,2.2,41,21,71,2,0.1362126245847176,0,1
2,4.0,27,12,51,1,0.0385164051355206,0,1
4,3.3,57,27,48,2,0.0227908836465413,1,0
4,3.0,17,41,48,1,0.0070803831736776,1,0
4,3.2,52,27,48,3,0.0259870064967516,1,0
4,3.0,4,23,73,3,0.0015993602558976,1,0
3,2.7,19,21,55,4,0.0126582278481012,1,0
2,3.0,6,10,53,2,0.0074906367041198,1,0
3,3.0,10,5,53,1,0.0062460961898813,1,0
4,3.2,17,25,46,1,0.0056647784071976,0,0
4,3.6,94,27,59,3,0.0375849660135945,1,0
2,3.3,96,22,87,2,0.1474654377880184,0,0
4,3.9,272,25,36,3,0.0906364545151616,1,0
4,3.8,390,26,36,1,0.1299566811062979,1,0
4,3.9,394,36,36,2,0.1312895701432855,1,0
4,3.4,22,40,91,1,0.0073308897034321,1,0
4,3.7,45,47,91,1,0.0149950016661112,0,0
4,3.3,36,25,43,1,0.0179910044977511,0,0
4,3.5,27,24,43,1,0.0089970009996667,0,0
1,3.7,16,7,45,3,0.0399002493765586,0,1
4,3.5,13,9,45,4,0.0051979208316673,1,0
4,3.8,127,12,45,3,0.0507796881247501,1,0
2,3.1,6,7,39,3,0.0085592011412268,0,0
4,2.7,27,30,56,1,0.0134932533733133,0,0
2,2.8,23,9,83,3,0.038269550748752,0,0
1,3.1,6,8,63,1,0.0298507462686567,0,0
1,3.3,12,10,58,1,0.0597014925373134,0,1
3,2.7,7,13,60,2,0.0069930069930069,0,1
2,2.9,13,11,66,2,0.0199692780337941,0,0
2,3.1,11,10,69,3,0.013732833957553,1,0
2,3.1,17,25,59,2,0.0339321357285429,0,0
2,3.3,7,16,20,2,0.0099857346647646,0,1
1,3.0,10,22,42,2,0.0249376558603491,0,1
2,3.3,10,14,43,1,0.0199600798403193,0,0
1,2.9,4,11,20,1,0.0264900662251655,0,0
1,0.0,0,14,42,1,0.0,0,0
2,0.0,0,13,19,1,0.0,0,0
1,0.0,0,18,25,1,0.0,0,0
2,0.0,0,13,45,1,0.0,0,0
1,0.0,2,14,70,3,0.0066445182724252,0,0
1,0.0,0,15,88,1,0.0,0,0
1,0.0,2,9,79,2,0.0044345898004434,0,1
1,0.0,3,7,84,2,0.0074812967581047,0,1
1,0.0,0,13,52,1,0.0,0,0
2,0.0,2,12,82,1,0.0033277870216306,0,0
1,0.0,0,21,80,1,0.0,0,0
2,0.0,3,14,53,2,0.0042796005706134,0,0
1,0.0,3,12,53,3,0.0074812967581047,0,0
2,0.0,2,8,60,3,0.0030721966205837,0,1
1,0.0,0,15,35,1,0.0,0,0
1,0.0,0,11,75,1,0.0,0,0
1,0.0,0,15,39,1,0.0,0,0
1,0.0,0,12,50,2,0.0,0,0
1,0.0,1,12,34,3,0.0024937655860349,0,0
1,0.0,0,24,67,1,0.0,0,0
2,0.0,1,28,37,2,0.0016638935108153,0,0
1,0.0,1,4,43,1,0.0024937655860349,0,1
1,0.0,0,39,66,1,0.0,0,0
1,0.0,0,16,36,1,0.0,0,0
1,3.1,82,8,52,1,0.2044887780548628,0,1
2,3.5,302,14,50,3,0.502495840266223,0,1
2,3.7,276,21,55,1,0.3675099866844207,0,0
1,0.0,0,36,54,1,0.0,0,0
2,0.0,3,4,47,1,0.0037453183520599,0,1
2,2.9,7,5,49,2,0.0139720558882235,0,0
2,2.8,8,11,73,2,0.0133111480865224,0,0
1,3.1,10,15,37,1,0.0221729490022172,0,0
2,3.2,31,12,46,3,0.0515806988352745,0,0
2,2.9,5,14,49,1,0.0083194675540765,0,0
2,3.4,87,14,74,3,0.1447587354409318,0,0
1,3.0,4,19,66,1,0.0132890365448504,0,0
2,3.3,35,10,69,2,0.0698602794411177,0,0
1,3.2,25,10,66,2,0.0830564784053156,0,0
1,3.2,44,10,37,3,0.1097256857855361,0,1
2,3.3,27,6,63,4,0.0538922155688622,0,0
1,2.7,14,8,74,1,0.0349127182044887,0,1
1,2.5,11,15,76,1,0.0547263681592039,0,0
2,3.2,11,11,61,1,0.0156918687589158,0,1
2,3.9,43,16,59,2,0.0715474209650582,0,1
1,3.8,127,7,52,2,0.3167082294264339,0,1
2,3.6,60,12,75,3,0.1088929219600726,0,0
2,3.7,51,15,41,1,0.1017964071856287,0,1
2,3.6,45,8,37,3,0.0898203592814371,1,0
3,3.5,200,17,37,3,0.1537279016141429,1,1
2,3.6,76,11,85,2,0.0948813982521847,1,0
2,0.0,0,17,60,1,0.0,0,0
1,0.0,1,13,37,1,0.0033222591362126,0,0
1,0.0,2,7,37,2,0.0079681274900398,0,0
1,2.4,49,10,37,2,0.2437810945273631,0,1
4,3.8,305,25,71,6,0.0871179662953441,1,0
4,4.0,219,30,71,2,0.0547363159210197,1,0
2,2.9,15,10,41,2,0.0249584026622296,0,0
1,2.8,5,22,44,3,0.0248756218905472,0,0
1,2.9,6,13,42,2,0.0239043824701195,0,0
1,2.7,10,23,42,2,0.0398406374501992,0,1
1,2.8,14,12,42,1,0.0349127182044887,0,0
1,2.9,13,14,47,2,0.086092715231788,0,1
1,0.0,0,28,42,1,0.0,0,0
1,2.9,6,8,62,2,0.0239043824701195,0,0
2,3.3,153,9,73,2,0.2182596291012838,0,1
1,3.4,151,19,63,1,1.0,0,1
1,3.2,12,12,54,2,0.0597014925373134,0,0
1,3.0,89,14,65,1,0.2219451371571072,0,1
2,3.1,122,13,66,1,0.2214156079854809,0,1
1,2.7,83,13,57,5,0.2069825436408977,0,0
1,2.9,7,15,51,1,0.0348258706467661,0,0
2,3.1,21,9,49,1,0.032258064516129,0,0
1,3.5,66,12,74,2,0.3283582089552239,0,0
2,3.6,69,11,62,2,0.1148086522462562,0,1
1,3.6,60,10,52,2,0.2390438247011952,0,1
2,3.6,369,14,43,2,0.7365269461077845,0,1
1,3.7,63,5,56,2,0.1571072319201995,0,0
1,0.0,2,20,44,2,0.0132450331125827,0,0
1,2.4,83,16,50,2,0.2069825436408977,0,1
1,2.2,142,10,72,1,0.3541147132169576,0,1
3,3.2,36,11,62,2,0.0276710222905457,1,0
3,4.6,394,5,49,2,0.4918851435705368,0,0
3,3.9,360,33,61,4,0.2569593147751606,0,0
2,4.7,126,18,70,1,0.2096505823627288,0,0
2,4.1,290,17,63,1,0.5788423153692615,0,0
3,4.2,110,14,66,2,0.078515346181299,0,0
3,4.1,304,9,47,2,0.4047936085219707,0,0
3,4.4,129,15,87,4,0.0991544965411222,0,0
4,4.4,222,29,73,2,0.1344639612356147,0,0
2,4.1,124,21,95,3,0.24750499001996,0,0
2,4.0,28,9,73,3,0.0558882235528942,0,0
4,4.9,774,15,46,1,0.5156562291805463,0,0
3,3.6,327,9,66,1,0.4082397003745318,0,0
1,3.6,142,9,72,2,0.4717607973421927,0,0
2,4.1,377,23,83,4,0.940149625935162,0,0
2,4.2,99,14,66,6,0.1976047904191616,0,0
2,4.1,25,9,86,3,0.0499001996007984,0,0
3,4.1,179,15,75,2,0.2103407755581668,0,0
2,4.3,369,8,79,1,0.6139767054908486,0,0
3,4.0,256,14,93,5,0.2557442557442557,0,0
2,4.3,233,10,63,5,0.3323823109843081,0,0
2,4.3,96,4,73,2,0.1369472182596291,0,0
3,4.3,3374,7,90,3,2.2478347768154565,1,1
3,4.9,200,25,81,3,0.1332445036642238,0,0
3,4.7,1932,7,81,4,1.0727373681288173,1,1
3,3.8,144,21,81,5,0.0959360426382411,1,0
3,4.6,2553,7,53,4,1.417545807884509,0,1
2,4.0,682,11,48,3,0.9728958630527818,1,1
3,4.3,860,49,51,3,0.4523934771173067,1,0
3,4.9,5434,25,131,3,3.620253164556962,0,0
2,4.8,1023,6,40,2,1.70216306156406,0,0
3,4.2,79,15,39,2,0.0563882940756602,0,0
3,4.2,221,9,38,3,0.1840133222314737,1,0
4,4.4,2218,12,56,3,1.1084457771114442,1,1
3,4.1,594,14,42,3,0.4945878434637802,1,0
3,4.1,1431,24,33,6,1.2997275204359673,1,0
3,4.2,1859,16,73,4,1.0322043309272626,0,1
2,4.7,344,9,85,3,0.6866267465069861,0,0
3,3.9,616,20,42,2,0.5594913714804723,0,1
3,4.1,571,28,78,2,0.4075660242683797,1,0
3,3.7,238,4,83,5,0.1829362029208301,0,0
3,4.1,100,25,61,2,0.117508813160987,0,0
1,4.1,152,5,15,3,0.6055776892430279,0,0
4,4.1,37,23,53,2,0.0189646335212711,0,0
2,3.9,430,15,57,4,0.6134094151212554,0,0
3,4.2,304,9,46,2,0.3036963036963037,0,0
3,4.0,404,7,67,2,0.3363863447127393,0,0
3,3.8,214,12,31,3,0.2671660424469413,0,0
3,4.0,496,17,40,2,0.5828437132784959,0,0
4,3.8,209,41,66,4,0.104447776111944,0,0
4,4.3,334,21,49,3,0.2225183211192538,0,0
2,3.1,26,6,48,2,0.0399385560675883,0,0
2,3.9,502,12,66,4,0.7161198288159771,0,0
2,3.8,69,9,64,2,0.1059907834101382,0,0
2,3.9,69,13,38,2,0.1377245508982036,0,0
4,4.0,413,17,71,2,0.2751499000666222,0,0
2,4.3,87,17,71,3,0.2169576059850374,0,0
3,4.1,181,17,79,3,0.1643960036330608,0,0
2,4.3,171,12,80,2,0.3413173652694611,0,0
3,4.0,341,5,71,4,0.4257178526841448,0,0
2,4.7,1469,13,74,3,1.956058588548602,0,1
3,3.9,676,8,79,4,0.4094488188976378,0,0
3,4.0,582,15,96,5,0.4154175588865096,0,1
2,4.4,389,9,76,3,0.5179760319573902,0,1
3,4.4,843,12,55,5,0.6479631053036126,0,1
3,4.0,212,3,51,5,0.2117882117882117,0,0
3,4.3,1478,12,55,1,0.9231730168644596,0,0
3,3.9,67,15,85,2,0.0446369087275149,0,0
3,4.2,633,15,72,4,0.6323676323676324,0,1
3,4.0,916,26,77,7,0.5086063298167685,0,0
4,4.5,420,51,88,4,0.1825293350717079,0,0
4,4.3,308,52,88,2,0.1231507397041183,0,0
4,4.9,322,29,83,3,0.160919540229885,0,1
2,4.2,198,8,60,5,0.304147465437788,0,1
2,4.1,148,18,55,1,0.2111269614835948,0,0
2,4.3,798,13,55,4,0.99625468164794,0,1
3,4.3,1121,6,70,5,0.7468354430379747,0,0
3,2.6,46,9,65,6,0.0459540459540459,0,0
3,3.9,310,24,75,3,0.2581182348043297,0,1
2,3.7,112,30,66,4,0.1398252184769038,0,1
2,3.3,148,5,40,2,0.2686025408348457,0,0
3,3.3,51,11,51,3,0.0636704119850187,0,0
2,3.9,97,13,41,1,0.2418952618453865,0,0
3,4.0,24,6,64,5,0.0239760239760239,0,0
4,4.0,54,30,73,2,0.0359760159893404,0,0
2,3.5,43,19,51,2,0.0715474209650582,0,0
1,3.6,34,29,68,3,34.0,0,0
2,3.9,97,8,35,3,0.1936127744510978,0,0
2,4.1,87,13,58,2,0.1736526946107784,0,0
3,4.1,158,11,65,2,0.1578421578421578,0,0
1,3.9,127,10,56,6,127.0,0,0
4,3.9,86,7,64,1,0.0572951365756162,0,0
3,3.8,97,5,36,1,0.0969030969030969,0,0
4,4.3,155,6,58,3,0.1032644903397734,0,0
2,3.4,49,11,32,2,0.1396011396011396,0,0
3,3.6,106,20,30,3,0.1245593419506463,0,0
2,4.1,171,6,58,1,0.4871794871794871,0,0
4,3.9,113,30,78,2,0.0376541152949017,0,0
4,3.7,160,8,58,3,0.106595602931379,0,0
3,4.0,41,15,60,5,0.0292648108493932,0,0
3,4.6,289,25,45,1,0.2887112887112887,0,0
1,3.8,281,6,52,1,0.8005698005698005,0,0
2,4.4,662,9,40,1,1.1014975041597337,0,1
2,4.2,659,14,33,2,1.0965058236272878,0,0
3,4.2,394,22,27,4,0.3936063936063936,0,0
3,4.5,213,15,73,4,0.1419053964023984,0,0
2,3.7,277,7,67,2,0.3458177278401997,0,0
1,4.0,246,14,65,2,0.6134663341645885,0,1
3,3.7,145,31,59,4,0.1448551448551448,0,1
2,3.7,105,8,48,2,0.190562613430127,0,0
1,4.0,406,11,52,1,1.0124688279301746,0,0
2,4.4,333,7,98,3,0.4750356633380884,0,1
2,4.0,160,8,58,3,0.1997503121098626,0,0
2,4.2,482,45,83,3,0.7403993855606759,0,1
2,4.3,722,7,86,6,0.8013318534961155,0,0
2,4.2,146,41,46,4,0.2242703533026113,0,0
1,3.5,348,20,64,4,0.8678304239401496,0,0
3,4.3,658,10,75,5,0.6573426573426573,0,0
2,4.3,312,12,79,4,0.4450784593437946,0,0
2,3.6,361,10,46,2,0.6006655574043261,0,0
3,4.6,945,30,69,2,0.6745182012847966,0,1
3,4.2,1103,9,69,4,0.9184013322231472,0,1
3,4.8,1424,11,82,3,1.1856786011656952,0,0
3,3.9,326,8,46,4,0.3256743256743257,0,0
3,4.4,1778,18,40,1,1.7762237762237765,1,1
3,4.2,704,12,62,3,0.5861781848459617,1,0
3,4.4,1484,22,52,4,1.059243397573162,1,0
3,4.0,911,12,44,2,0.5058300943920044,1,1
2,4.2,2584,16,62,2,3.225967540574282,0,0
2,4.6,1219,16,77,4,1.5218476903870162,1,1
3,3.9,1064,13,69,2,0.7088607594936709,1,0
3,4.9,1753,15,62,2,1.094940662086196,0,0
3,3.5,4464,7,42,3,4.247383444338725,0,1
2,4.2,5288,5,35,2,5.869034406215317,0,1
3,4.3,7574,9,43,2,7.566433566433567,0,1
3,4.4,2224,15,68,2,1.1699105733824302,0,0
3,4.9,5966,15,53,2,3.726420986883198,0,0
3,3.6,1040,11,78,4,0.692871419053964,1,0
3,4.1,1616,19,70,1,1.009369144284822,1,0
3,4.0,1126,9,30,3,1.124875124875125,1,0
1,4.9,1057,25,35,2,3.511627906976744,0,0
1,4.5,144,14,71,2,0.7164179104477612,0,0
3,4.6,567,5,94,3,0.7078651685393258,0,0
2,3.5,147,15,61,3,0.2258064516129032,0,0
2,3.9,217,11,68,2,0.4811529933481153,0,0
3,3.7,514,10,76,3,0.5134865134865135,0,0
3,3.9,268,17,80,2,0.2434150772025431,0,0
2,4.3,106,11,114,2,0.2350332594235033,0,0
3,4.2,691,11,63,3,0.575353871773522,0,0
2,4.1,165,20,72,3,0.4114713216957606,0,0
3,4.1,80,18,69,1,0.0799200799200799,0,0
3,4.3,124,29,57,3,0.0953112990007686,0,0
3,4.3,887,15,41,3,0.8861138861138861,0,0
3,4.0,79,7,34,5,0.0789210789210789,0,0
2,4.4,818,11,61,1,2.039900249376559,0,0
2,4.1,288,20,42,2,0.7182044887780549,0,0
3,4.2,762,9,75,4,0.6920980926430518,0,0
4,4.2,149,32,72,6,0.0744627686156921,0,0
4,4.7,1069,15,60,1,0.6677076826983136,0,0
3,4.2,411,33,71,3,0.4105894105894105,0,0
2,4.0,587,16,44,2,0.8373751783166904,0,0
2,3.6,93,17,51,3,0.1161048689138576,0,0
3,3.5,17,10,48,3,0.011325782811459,0,0
3,4.1,191,13,39,2,0.1363311920057102,0,0
1,3.9,109,6,37,4,0.2718204488778055,0,0
3,4.2,217,10,60,4,0.1548893647394718,0,0
2,3.7,153,5,57,1,0.1910112359550561,0,0
3,3.9,41,16,66,2,0.0315142198308993,0,0
3,4.1,178,18,48,4,0.1185876082611592,0,0
4,4.3,87,29,62,3,0.0434782608695652,0,0
2,3.6,86,14,44,2,0.122681883024251,0,0
3,3.8,156,7,49,2,0.1298917568692756,0,0
3,4.4,138,27,45,4,0.1253405994550408,0,0
2,4.2,261,10,44,4,0.3258426966292135,0,0
3,4.4,325,17,46,3,0.2706078268109908,0,0
3,3.5,116,10,57,3,0.1158841158841158,0,0
3,3.9,80,15,89,3,0.0571020699500356,0,0
2,4.2,210,10,48,3,0.2621722846441947,0,0
2,4.6,196,12,65,2,0.2446941323345817,0,0
3,3.8,53,10,66,2,0.033104309806371,0,0
3,3.9,154,34,48,2,0.1025982678214523,0,0
2,3.6,209,3,105,1,0.3477537437603993,0,0
1,3.9,196,22,35,2,0.9751243781094528,0,0
3,3.8,196,11,72,2,0.2175360710321864,0,0
2,3.7,355,12,57,2,0.5064194008559201,0,0
2,3.5,280,8,63,1,0.4658901830282861,0,0
3,3.7,104,13,76,2,0.1038961038961039,0,0
3,3.8,290,13,64,3,0.3620474406991261,0,0
2,3.6,275,19,83,2,0.3922967189728958,0,0
2,4.2,281,12,77,1,0.5608782435129741,0,0
4,3.5,183,12,74,2,0.1219187208527648,0,0
2,3.6,84,19,83,2,0.1676646706586826,0,0
3,3.9,257,16,71,2,0.3422103861517976,0,0
2,3.5,127,12,55,2,0.2113144758735441,0,0
3,3.7,260,18,39,4,0.2597402597402597,0,0
4,3.7,193,15,41,2,0.1205496564647095,0,0
3,4.1,245,7,66,1,0.3058676654182272,0,0
3,3.7,173,14,79,4,0.1728271728271728,0,0
2,3.8,328,15,62,1,0.4679029957203994,0,0
2,3.9,156,9,43,3,0.2225392296718973,0,0
2,3.7,175,11,70,3,0.3493013972055888,0,0
2,4.3,99,17,57,2,0.1796733212341197,0,1
2,4.0,5145,12,75,1,6.423220973782772,0,0
3,4.0,156,10,67,1,0.1558441558441558,0,0
2,3.4,170,18,68,4,0.199764982373678,1,0
3,4.7,2083,18,103,4,2.080919080919081,1,1
3,4.2,1606,14,29,3,1.0699533644237176,0,0
3,4.1,2040,14,43,6,2.037962037962038,1,1
3,3.8,617,16,62,2,0.5603996366939146,0,0
3,3.8,146,11,56,8,0.1458541458541458,1,0
2,3.9,2076,15,68,3,2.9614835948644798,0,1
3,4.3,1240,10,59,1,0.8261159227181879,0,0
3,4.2,3370,9,93,1,2.245169886742172,0,1
3,3.9,317,14,105,6,0.3166833166833167,1,0
2,4.5,2662,12,87,1,3.3233458177278403,0,1
2,4.6,413,16,76,3,0.8243512974051896,0,0
3,3.9,885,34,63,6,0.5896069287141905,1,0
3,4.9,3244,15,74,3,2.161225849433711,0,0
3,3.8,181,14,87,3,0.1808191808191808,1,0
3,4.0,536,7,55,8,0.4462947543713572,0,0
3,4.1,1295,14,63,6,1.2937062937062938,1,1
3,3.6,1515,14,97,6,1.5134865134865134,1,1
1,3.4,139,16,34,1,0.4776632302405498,0,0
3,3.7,172,19,83,3,0.1908990011098779,0,0
3,3.9,264,13,54,1,0.3295880149812734,0,0
1,4.2,392,15,58,1,1.302325581395349,0,0
2,3.7,393,17,69,3,0.7844311377245509,0,0
2,3.5,214,10,76,3,0.5336658354114713,0,0
2,3.7,262,12,62,3,0.402457757296467,0,0
4,3.8,162,27,51,3,0.0952380952380952,0,0
2,3.5,160,11,87,2,0.3193612774451098,0,0
4,4.0,286,15,74,3,0.1786383510306058,0,0
2,4.0,304,9,93,2,0.4336661911554921,0,0
2,3.5,127,12,58,1,0.181169757489301,0,0
3,3.7,132,21,86,3,0.1318681318681318,0,0
4,3.3,11,20,75,3,0.0073284477015323,0,0
2,3.6,190,10,87,3,0.2918586789554531,0,0
2,3.6,140,15,62,4,0.1997146932952924,0,0
2,3.8,249,9,115,2,0.3824884792626728,0,0
2,3.7,208,7,85,2,0.3774954627949183,0,0
3,3.6,270,10,54,3,0.2697302697302697,0,0
3,3.7,183,11,87,1,0.1523730224812656,0,0
2,3.3,27,17,62,1,0.0538922155688622,0,0
1,3.8,73,24,54,1,0.2908366533864542,0,0
1,3.9,26,25,45,3,0.1035856573705179,0,0
2,4.0,103,18,94,2,0.2055888223552894,0,1
2,4.3,88,7,78,2,0.1597096188747731,0,1
2,3.7,201,10,36,4,0.5012468827930174,0,1
2,4.0,185,9,42,2,0.3357531760435571,0,1
2,4.2,164,11,41,1,0.2728785357737104,0,1
3,4.3,270,3,73,4,0.2452316076294278,0,0
2,3.9,140,17,104,1,0.3988603988603988,0,0
1,3.9,19,8,42,2,0.0756972111553784,0,1
3,4.0,284,5,51,2,0.3781624500665779,0,1
3,4.4,257,23,47,3,0.2139883430474604,0,1
2,4.5,520,19,73,1,0.8652246256239601,0,0
3,4.0,306,35,62,3,0.3056943056943056,0,0
3,4.2,275,17,40,3,0.2113758647194465,0,1
4,4.9,226,15,58,3,0.1411617738913179,0,0
2,2.2,147,3,84,2,0.2667876588021778,0,1
3,4.0,100,23,34,3,0.0999000999000999,0,0
3,3.8,45,14,81,1,0.0449550449550449,0,0
2,3.8,76,30,74,1,0.1895261845386533,0,0
4,3.6,91,11,82,2,0.0909090909090909,0,0
3,3.6,125,9,83,1,0.2079866888519135,0,0
3,3.5,140,13,56,1,0.1747815230961298,0,0
2,3.6,86,15,56,2,0.2144638403990025,0,0
4,3.8,117,15,122,4,0.0779480346435709,0,0
1,3.4,86,10,62,1,0.5695364238410596,0,0
3,3.4,162,12,49,3,0.2695507487520798,0,0
3,3.4,177,16,83,1,0.2524964336661912,0,0
3,3.3,15,14,55,1,0.0249584026622296,0,0
3,3.4,24,18,83,1,0.0299625468164794,0,0
2,3.5,80,5,99,1,0.199501246882793,0,0
3,3.7,162,18,36,1,0.3233532934131736,0,0
3,3.5,166,26,122,2,0.3313373253493014,0,0
4,3.8,164,14,83,1,0.1489554950045413,0,0
3,3.0,25,12,68,1,0.031210986267166,0,0
4,3.3,33,12,68,1,0.0329670329670329,0,0
2,3.5,77,18,52,4,0.1920199501246882,0,0
1,3.9,218,18,86,1,2.1584158415841586,0,0
3,3.4,71,17,84,3,0.0788013318534961,0,0
2,0.0,2,10,21,1,0.0039920159680638,0,0
1,3.2,46,9,43,1,0.131054131054131,0,1
3,3.4,45,15,52,3,0.0299800133244503,1,1
2,2.6,11,14,58,2,0.0219560878243512,0,0
2,3.4,238,9,77,3,0.4750499001996008,0,1
1,3.1,8,14,45,1,0.0199501246882793,0,0
1,2.7,64,10,24,1,0.1596009975062344,0,1
1,2.6,113,6,24,1,0.2505543237250554,0,1
1,3.7,66,7,38,1,0.2192691029900332,0,1
3,3.5,141,5,42,2,0.0939373750832778,1,1
2,2.2,77,12,33,2,0.1536926147704591,0,0
3,4.0,40,7,38,2,0.0249843847595252,1,0
3,4.2,46,12,33,6,0.038301415487094,1,0
3,4.2,665,20,26,1,0.4430379746835443,1,1
2,3.2,31,8,66,1,0.0515806988352745,0,0
2,3.4,32,10,52,2,0.0399500624219725,1,1
2,2.8,83,14,62,2,0.1184022824536376,0,0
3,3.7,288,8,61,3,0.2877122877122877,1,1
2,3.2,33,12,55,3,0.0598911070780399,0,0
2,3.2,26,15,79,3,0.0288568257491675,1,0
2,0.0,2,12,55,5,0.0033277870216306,0,0
2,0.0,0,4,55,1,0.0,0,0
3,2.6,49,24,74,2,0.0489510489510489,1,1
1,3.3,13,7,80,2,0.0646766169154228,0,0
3,3.2,64,26,60,2,0.0426382411725516,1,1
1,3.4,167,3,68,3,0.4164588528678304,0,0
2,3.3,99,13,65,2,0.1098779134295227,1,1
3,2.6,125,9,58,3,0.1248751248751248,0,1
1,3.7,124,11,59,2,0.4119601328903654,0,0
2,2.2,79,20,57,2,0.1576846307385229,0,1
1,2.9,8,26,58,4,0.0199501246882793,0,0
1,3.3,20,14,61,2,0.099502487562189,0,0
1,3.2,23,15,66,1,0.0509977827050997,0,0
1,3.4,19,20,20,1,0.0473815461346633,0,0
1,3.0,7,14,74,4,0.0174563591022443,0,0
1,2.7,11,26,57,1,0.0728476821192053,0,0
1,3.2,35,16,72,3,0.0997150997150997,0,0
2,3.0,11,17,67,4,0.0183028286189683,0,1
1,2.5,32,26,78,1,0.1063122923588039,0,1
2,3.2,10,7,54,2,0.0124843945068664,0,1
2,3.2,23,19,48,2,0.038269550748752,0,0
1,3.1,7,26,71,3,0.0174563591022443,0,0
1,2.9,42,12,48,1,0.0931263858093126,0,0
1,3.2,21,18,75,2,0.1044776119402985,0,0
1,3.3,16,23,44,2,0.1059602649006622,0,0
2,2.5,37,17,49,1,0.0738522954091816,0,1
1,2.9,4,20,52,1,0.0159362549800796,0,0
2,2.8,7,18,66,3,0.0139720558882235,0,1
1,3.4,22,17,57,2,0.048780487804878,0,0
2,3.9,97,13,39,2,0.1613976705490848,0,1
2,3.9,452,11,60,1,0.5642946317103621,0,0
1,3.6,14,9,73,2,0.0557768924302788,0,0
2,3.6,82,6,49,3,0.1259600614439324,0,1
1,0.0,2,12,54,1,0.0066445182724252,0,0
1,0.0,0,27,68,2,0.0,0,0
1,0.0,0,9,87,3,0.0,0,0
2,0.0,1,17,84,4,0.0019960079840319,0,0
2,0.0,2,11,92,1,0.0039920159680638,0,1
1,0.0,0,20,81,2,0.0,0,0
2,0.0,1,18,39,1,0.0016638935108153,0,0
1,0.0,0,14,33,1,0.0,0,0
2,2.4,31,13,53,3,0.0387016229712858,0,1
2,2.5,100,8,60,1,0.1663893510815307,0,1
2,3.1,230,19,60,2,0.2871410736579275,0,1
2,3.2,458,11,49,2,0.9141716566866268,0,1
2,2.6,176,13,63,2,0.2510699001426533,0,0
2,3.5,232,16,50,1,0.2896379525593008,1,1
4,3.6,27,15,53,3,0.0122671512948659,1,0
4,3.6,210,12,55,6,0.0954111767378464,1,0
2,3.9,44,11,71,2,0.0878243512974051,0,0
2,3.5,206,25,60,3,0.3427620632279534,0,0
2,3.7,185,9,46,2,0.2639087018544935,0,1
2,3.7,256,9,48,1,0.3651925820256776,0,0
3,4.2,336,18,46,5,0.223850766155896,1,1
1,3.4,280,8,69,4,0.6208425720620843,0,0
3,4.2,2131,6,71,3,1.5210563882940755,1,1
1,2.8,13,20,52,4,0.0646766169154228,0,0
1,3.1,38,9,66,2,0.0947630922693266,0,0
1,2.8,69,16,87,1,0.4569536423841059,0,0
2,3.3,11,16,62,1,0.0219560878243512,0,0
1,3.1,6,12,68,1,0.0298507462686567,0,0
1,3.0,4,16,29,2,0.0099750623441396,0,0
2,3.4,80,11,71,2,0.1228878648233487,0,0
2,3.4,24,15,92,1,0.0479041916167664,0,0
1,3.1,13,10,89,2,0.0517928286852589,0,0
1,3.3,12,5,89,2,0.0299251870324189,0,1
2,2.9,4,26,83,3,0.0066555740432612,0,0
1,2.8,9,38,49,2,0.044776119402985,0,0
1,3.3,18,3,54,1,0.0717131474103585,0,0
2,2.8,14,8,63,1,0.0232945091514143,0,0
1,2.8,9,24,81,1,0.0224438902743142,0,0
1,3.2,16,9,80,3,0.0796019900497512,0,0
2,3.0,5,15,66,2,0.0076804915514592,0,0
2,3.6,251,15,80,1,0.500998003992016,0,1
1,3.5,42,10,67,1,0.1196581196581196,0,1
2,3.5,220,7,76,3,0.3379416282642089,0,1
1,3.6,34,19,57,6,0.084788029925187,0,1
1,3.7,103,27,66,1,0.4103585657370518,0,0
1,3.7,46,16,72,4,0.1528239202657807,0,0
1,3.8,62,15,48,2,0.247011952191235,0,0
1,3.6,42,20,42,2,0.1395348837209302,0,0
1,3.6,58,25,53,5,0.1652421652421652,0,1
3,3.9,106,14,45,2,0.1058941058941058,0,1
2,0.0,0,11,63,4,0.0,0,0
1,0.0,1,12,62,2,0.0028490028490028,0,0
2,0.0,1,17,88,1,0.0019960079840319,0,0
1,0.0,0,14,41,1,0.0,0,0
1,0.0,0,13,46,1,0.0,0,0
1,0.0,0,27,40,1,0.0,0,0
1,0.0,0,20,53,1,0.0,0,0
2,0.0,1,12,52,3,0.0019960079840319,0,0
1,0.0,0,23,74,2,0.0,0,0
2,0.0,0,16,47,2,0.0,0,0
1,0.0,2,13,62,2,0.0049875311720698,0,0
2,0.0,0,16,71,2,0.0,0,0
1,0.0,0,21,84,1,0.0,0,0
2,0.0,0,11,62,2,0.0,0,0
1,0.0,0,12,52,1,0.0,0,0
3,3.0,4,25,41,2,0.0026648900732844,1,0
2,3.4,48,10,50,2,0.0958083832335329,0,1
2,3.2,51,18,63,3,0.0636704119850187,0,1
3,3.4,19,9,47,3,0.0118675827607745,1,0
4,3.6,59,19,79,2,0.0235905637744902,1,0
3,3.9,188,6,50,1,0.1252498334443704,1,0
3,4.4,77,13,59,2,0.0427540255413659,0,0
3,4.0,46,6,70,2,0.0306462358427714,0,1
3,4.1,387,12,82,4,0.2762312633832976,0,0
2,3.1,117,10,66,5,0.2335329341317365,0,0
1,3.1,7,28,58,2,0.0199430199430199,0,0
2,3.0,10,7,60,2,0.0199600798403193,0,0
1,0.0,1,14,46,1,0.0039840637450199,0,0
1,2.8,7,20,51,1,0.0199430199430199,0,1
1,2.8,23,11,67,2,0.1144278606965174,0,0
2,2.8,102,19,50,5,0.2035928143712574,0,0
2,3.4,19,14,60,2,0.0316139767054908,0,0
1,3.2,15,13,30,1,0.0746268656716417,0,0
1,3.0,10,8,75,1,0.0497512437810945,0,0
1,2.7,17,15,63,2,0.0423940149625935,0,0
1,3.4,135,8,88,1,0.6716417910447762,0,1
3,2.7,35,17,61,2,0.0349650349650349,1,0
1,3.0,5,15,82,3,0.0110864745011086,0,0
1,3.4,22,23,48,3,0.1456953642384106,0,0
1,3.2,74,17,51,2,0.2458471760797342,0,0
2,3.0,4,13,93,3,0.0079840319361277,0,0
2,3.0,7,16,52,2,0.0099857346647646,0,0
2,3.2,22,16,66,1,0.0337941628264208,0,0
1,3.1,9,15,52,3,0.0299003322259136,0,0
2,3.5,191,15,54,2,0.2724679029957204,0,1
1,3.7,199,13,74,4,0.5669515669515669,0,1
1,3.5,60,29,54,3,0.1496259351620947,0,0
1,0.0,1,12,53,1,0.0033222591362126,0,0
2,0.0,0,13,43,2,0.0,0,0
2,0.0,0,12,61,3,0.0,0,0
2,0.0,1,11,70,2,0.0019960079840319,0,0
1,0.0,2,17,60,1,0.0198019801980198,0,0
1,0.0,0,15,74,2,0.0,0,0
1,0.0,1,22,61,2,0.0033222591362126,0,0
2,0.0,3,15,70,2,0.0054446460980036,0,0
1,0.0,3,9,67,1,0.0074812967581047,0,0
1,0.0,1,15,55,2,0.0033222591362126,0,0
1,0.0,0,11,66,2,0.0,0,0
1,0.0,0,18,69,2,0.0,0,0
1,0.0,1,20,86,2,0.0024937655860349,0,1
1,0.0,0,11,108,1,0.0,0,0
2,0.0,0,24,46,1,0.0,0,0
1,0.0,0,19,53,1,0.0,0,0
1,2.4,15,14,50,1,0.1485148514851485,0,0
1,2.9,29,10,38,4,0.0963455149501661,0,1
3,3.4,35,9,37,3,0.0349650349650349,0,1
2,2.7,278,11,37,3,0.4625623960066555,0,1
3,3.3,53,14,38,2,0.0441298917568692,1,0
1,2.6,142,10,75,2,0.4045584045584046,0,1
2,2.5,41,7,38,3,0.0744101633393829,0,1
3,3.9,492,12,53,3,0.3781706379707917,1,1
1,3.5,28,13,37,2,0.1115537848605577,0,0
3,3.6,457,10,51,2,0.3512682551883166,1,0
3,3.9,173,16,37,4,0.096057745696835,1,0
1,3.7,131,23,30,1,0.6517412935323383,0,0
1,3.9,123,16,70,1,0.6119402985074627,0,0
3,3.9,274,32,37,4,0.228143213988343,1,1
2,3.5,87,23,53,2,0.1736526946107784,0,1
1,3.0,78,10,55,1,0.2591362126245847,0,0
2,3.1,10,16,68,2,0.0199600798403193,0,0
1,3.3,26,15,55,1,0.0863787375415282,0,0
2,3.2,101,14,79,2,0.1440798858773181,0,0
2,3.4,17,13,65,3,0.0339321357285429,0,0
2,3.3,34,32,50,2,0.0565723793677204,0,0
2,3.3,12,16,82,1,0.0239520958083832,0,0
2,3.6,34,14,60,2,0.0452729693741677,0,0
1,3.6,46,13,51,3,0.1147132169576059,0,1
2,3.5,31,11,60,2,0.0515806988352745,0,0
1,4.0,96,12,77,3,0.2735042735042735,0,1
2,3.2,70,31,49,3,0.1270417422867513,0,0
1,3.4,560,30,49,5,1.3965087281795512,0,1
1,2.9,4,15,62,1,0.0088691796008869,0,0
2,3.4,38,16,54,2,0.0632279534109817,0,1
2,2.8,11,6,62,2,0.0183028286189683,0,1
1,3.0,4,14,51,2,0.0199004975124378,0,0
2,3.3,421,14,49,4,0.7004991680532446,0,1
2,3.1,68,22,70,2,0.1234119782214156,0,1
1,3.6,85,19,49,5,0.2119700748129676,0,0
2,3.7,343,12,56,3,0.4282147315855181,1,0
1,3.8,120,19,51,3,0.3986710963455149,0,0
1,0.0,3,12,80,1,0.0149253731343283,0,0
1,0.0,2,9,24,1,0.0198019801980198,0,0
1,0.0,2,19,63,1,0.0099502487562189,0,0
1,0.0,0,15,51,2,0.0,0,0
2,2.3,55,14,49,3,0.0732356857523302,0,1
1,3.2,49,15,48,1,0.1086474501108647,0,0
1,2.9,7,10,65,2,0.0174563591022443,0,0
2,3.3,90,14,67,2,0.1283880171184022,0,0
3,2.9,11,25,46,1,0.0091590341382181,1,0
3,3.1,161,9,46,3,0.1608391608391608,0,1
2,3.0,67,25,46,2,0.0836454431960049,0,0
1,2.8,23,10,56,2,0.0764119601328903,0,1
3,3.3,60,20,46,5,0.0352733686067019,0,1
1,3.5,239,13,46,1,0.5299334811529933,0,1
3,3.7,137,12,48,3,0.1053036126056879,1,1
2,3.7,212,14,57,3,0.3527454242928453,0,1
3,3.5,193,16,64,2,0.1928071928071928,1,1
2,3.5,202,10,60,2,0.4031936127744511,0,1
3,3.5,332,9,79,1,0.2551883166794773,1,1
3,2.4,92,3,46,1,0.0510827318156579,1,0
3,2.9,120,21,91,2,0.1198801198801198,1,1
3,3.4,137,14,66,1,0.0912724850099933,1,1
3,3.6,158,21,68,2,0.1435059037238873,1,1
3,2.7,9,8,66,3,0.00599600266489,1,0
1,2.6,38,10,61,2,0.1262458471760797,0,1
4,3.2,59,12,35,3,0.0294852573713143,1,0
1,2.8,4,14,55,2,0.0199004975124378,0,0
3,2.5,98,8,77,4,0.0890099909173478,0,1
1,2.8,11,13,56,1,0.0438247011952191,0,0
1,3.0,11,9,63,2,0.0438247011952191,0,0
1,3.1,14,17,56,1,0.0927152317880794,0,0
2,2.4,71,14,81,2,0.101283880171184,0,0
1,2.4,33,6,53,1,0.0822942643391521,0,1
3,0.0,2,27,39,1,0.0013324450366422,0,0
2,3.3,85,9,61,2,0.099882491186839,0,1
2,2.9,10,19,47,5,0.016638935108153,0,0
2,2.7,8,15,55,2,0.0114122681883024,0,0
2,2.9,16,9,62,2,0.0228245363766048,0,0
1,3.4,113,11,58,8,0.2505543237250554,0,0
1,3.0,4,15,82,1,0.0088691796008869,0,0
2,3.2,17,19,50,2,0.0212234706616729,1,0
1,2.7,33,18,26,2,0.073170731707317,0,0
2,2.9,66,7,62,1,0.0823970037453183,1,0
2,3.4,34,19,64,1,0.0424469413233458,0,0
2,2.8,31,12,60,3,0.0442225392296719,0,0
2,3.2,17,14,56,1,0.0188679245283018,1,0
2,3.0,4,12,35,1,0.0066555740432612,0,0
1,2.8,5,10,42,1,0.0248756218905472,0,0
3,2.9,10,4,58,2,0.0060569351907934,1,0
2,2.9,4,23,41,2,0.0079840319361277,0,0
2,3.4,60,6,55,2,0.0665926748057713,0,0
2,3.2,14,10,49,2,0.0199714693295292,0,0
2,3.1,10,9,60,2,0.014265335235378,0,0
2,3.0,7,15,101,3,0.0099857346647646,0,0
2,3.4,161,24,50,4,0.2678868552412645,0,0
1,3.4,28,20,63,1,0.0930232558139534,0,0
2,3.7,137,16,69,1,0.1710362047440699,1,1
1,3.7,203,25,42,3,0.5062344139650873,0,0
1,3.5,20,12,23,2,0.0443458980044345,0,0
2,3.5,218,5,40,2,0.3627287853577371,0,0
1,0.0,0,16,62,1,0.0,0,0
1,0.0,1,20,49,3,0.0033222591362126,0,0
2,0.0,2,10,76,2,0.0030721966205837,0,0
4,0.0,3,12,58,1,0.0009996667777407,0,0
3,2.4,164,16,80,2,0.1024359775140537,1,0
2,2.1,138,9,64,3,0.2754491017964072,0,0
1,3.3,21,16,60,1,0.1044776119402985,0,0
1,3.1,6,16,62,1,0.0397350993377483,0,0
2,3.0,10,14,61,2,0.014265335235378,0,0
1,3.2,10,8,46,1,0.0497512437810945,0,0
1,2.9,6,11,40,3,0.0199335548172757,0,0
2,3.1,15,12,60,3,0.029940119760479,0,0
1,3.0,12,21,53,1,0.0299251870324189,0,0
1,3.4,29,17,86,1,0.0963455149501661,0,0
1,3.0,9,13,60,1,0.0596026490066225,0,0
1,3.1,4,13,99,1,0.0132890365448504,0,0
1,3.2,225,22,55,1,1.490066225165563,0,0
1,3.2,8,15,73,1,0.0792079207920792,0,0
1,3.0,5,11,64,2,0.0166112956810631,0,0
2,2.8,42,11,57,7,0.0762250453720508,0,0
1,3.1,16,13,51,1,0.0796019900497512,0,0
1,3.2,39,19,51,4,0.0972568578553615,0,0
1,2.5,49,7,62,4,0.1396011396011396,0,0
1,3.0,20,20,61,1,0.0796812749003984,0,0
1,2.8,4,22,50,2,0.0132890365448504,0,0
1,2.9,5,18,61,1,0.0110864745011086,0,0
1,3.3,16,26,61,2,0.1584158415841584,0,0
2,3.0,57,10,55,2,0.1137724550898203,0,0
2,3.0,42,10,63,2,0.0838323353293413,0,0
1,3.4,21,11,82,3,0.0697674418604651,0,0
1,3.0,4,18,59,1,0.0396039603960396,0,0
1,3.2,11,29,44,2,0.2156862745098039,0,0
1,3.0,53,37,50,1,0.3509933774834437,0,0
1,3.2,7,13,71,1,0.0463576158940397,0,0
1,3.4,23,22,42,1,0.2277227722772277,0,0
1,2.9,4,7,64,2,0.0264900662251655,0,0
1,3.0,5,19,81,1,0.0495049504950495,0,0
1,3.0,9,16,44,1,0.0891089108910891,0,0
1,3.2,16,26,69,1,0.1584158415841584,0,0
1,3.4,18,28,60,1,0.1782178217821782,0,0
1,3.1,14,17,55,2,0.0349127182044887,0,0
1,2.9,7,14,50,1,0.0174563591022443,0,0
1,3.0,4,15,57,1,0.0132890365448504,0,0
1,2.9,5,16,53,1,0.0199203187250996,0,0
1,3.1,5,22,49,1,0.0495049504950495,0,0
1,2.8,59,10,65,2,0.130820399113082,0,0
2,3.3,10,19,41,2,0.0181488203266787,0,0
1,3.7,30,9,42,1,0.1492537313432835,0,0
1,3.8,112,20,51,1,1.108910891089109,0,0
1,3.8,59,17,58,1,0.5841584158415841,0,0
1,3.7,40,28,51,1,0.2649006622516556,0,0
1,3.8,116,10,61,1,0.7682119205298014,0,0
2,3.9,444,10,59,7,0.7387687188019967,0,0
1,3.9,163,10,80,4,0.5415282392026578,0,0
1,3.7,19,27,73,2,0.1881188118811881,0,0
1,3.7,63,9,32,1,0.1571072319201995,0,0
1,3.6,43,20,76,1,0.2847682119205298,0,0
1,3.9,1487,23,88,1,14.722772277227724,0,0
1,3.9,752,22,38,2,7.445544554455446,0,0
1,3.6,437,41,48,1,2.8940397350993377,0,0
1,3.6,297,49,48,1,1.966887417218543,0,0
1,3.8,76,20,46,2,0.7524752475247525,0,0
1,3.5,21,19,47,1,0.2079207920792079,0,0
1,3.5,51,25,29,4,0.2537313432835821,0,0
1,0.0,1,24,51,1,0.0099009900990099,0,0
1,0.0,0,26,70,2,0.0,0,0
1,0.0,0,10,62,1,0.0,0,0
1,0.0,0,12,59,1,0.0,0,0
1,0.0,1,19,48,1,0.0049751243781094,0,0
1,0.0,2,19,86,1,0.0066445182724252,0,0
1,0.0,0,17,79,1,0.0,0,0
1,0.0,3,14,51,2,0.0149253731343283,0,0
1,0.0,3,14,60,1,0.0297029702970297,0,0
1,0.0,0,15,54,1,0.0,0,0
1,0.0,0,11,77,1,0.0,0,0
1,0.0,2,19,41,2,0.0198019801980198,0,0
1,4.2,382,31,47,2,1.900497512437811,0,0
1,4.3,521,16,64,4,3.450331125827814,0,0
1,4.1,405,25,70,1,7.9411764705882355,0,1
4,4.4,305,27,81,2,0.1016327890703099,0,0
1,3.1,6,11,29,2,0.0594059405940594,0,0
1,4.5,545,28,93,1,2.711442786069652,0,0
1,3.6,18,17,45,1,0.1782178217821782,0,0
1,3.9,36,33,93,1,0.1196013289036544,0,0
1,3.6,185,20,31,1,0.6146179401993356,0,0
1,3.6,27,27,59,2,0.2673267326732673,0,0
1,3.6,31,15,29,2,0.154228855721393,0,0
1,3.7,54,9,48,2,0.3576158940397351,0,0
1,3.7,21,21,48,1,0.2079207920792079,0,0
1,4.1,118,18,56,1,1.1683168316831682,0,0
1,4.1,169,17,54,2,1.119205298013245,0,0
1,4.1,200,12,68,2,1.3245033112582782,0,0
2,2.7,23,16,70,3,0.0459081836327345,0,1
1,3.1,7,21,46,2,0.0232558139534883,0,0
2,3.0,4,30,36,3,0.0049937578027465,1,0
2,3.2,26,11,74,2,0.0518962075848303,0,0
1,2.7,22,30,56,2,0.0730897009966777,0,0
3,3.0,70,11,61,3,0.0699300699300699,1,1
1,3.3,26,11,47,4,0.1035856573705179,0,0
2,3.4,404,21,61,3,0.8063872255489022,0,1
1,3.2,35,22,41,1,0.2317880794701986,0,0
1,2.7,135,14,46,4,0.3366583541147132,0,0
2,2.9,16,9,72,2,0.0266222961730449,0,1
2,2.9,39,13,42,3,0.0778443113772455,0,1
1,3.4,18,18,42,1,0.0598006644518272,0,0
1,2.7,29,19,52,2,0.0723192019950124,0,0
1,3.3,27,12,41,2,0.1075697211155378,0,0
2,3.2,13,13,47,2,0.0259481037924151,0,0
1,3.3,18,15,58,3,0.0598006644518272,0,1
2,2.7,14,21,42,3,0.0279441117764471,0,0
2,2.5,59,19,54,3,0.0981697171381031,0,1
2,2.7,70,13,49,2,0.1270417422867513,0,0
1,3.1,9,10,45,1,0.0358565737051792,0,0
1,2.6,71,9,47,1,0.2022792022792023,0,1
3,3.1,5,13,28,3,0.0049950049950049,0,0
2,2.9,7,11,43,1,0.0139720558882235,0,1
1,3.2,16,14,45,1,0.0637450199203187,0,0
3,3.2,14,18,33,2,0.0116569525395503,1,0
1,3.2,17,14,42,1,0.1125827814569536,0,0
1,3.7,55,21,46,2,0.3642384105960264,0,0
1,3.6,46,8,46,1,0.4554455445544554,0,0
1,3.8,112,37,45,1,1.108910891089109,0,1
1,3.7,99,16,48,1,0.9801980198019802,0,0
2,3.9,109,13,49,3,0.1813643926788685,0,1
2,3.6,458,8,52,2,0.9141716566866268,0,1
2,3.5,443,16,42,4,0.6804915514592934,0,1
1,3.7,33,16,38,1,0.3267326732673267,0,0
1,0.0,0,26,52,1,0.0,0,0
1,0.0,2,13,47,1,0.0066445182724252,0,0
1,0.0,2,15,42,2,0.0198019801980198,0,0
1,0.0,1,15,47,1,0.0022172949002217,0,0
1,0.0,2,12,46,1,0.0066445182724252,0,0
3,0.0,1,7,104,3,0.0006662225183211,1,0
1,0.0,0,11,47,2,0.0,0,0
1,0.0,2,26,43,2,0.0066445182724252,0,0
1,0.0,2,15,42,1,0.0132450331125827,0,0
2,0.0,0,14,28,2,0.0,0,0
2,2.4,41,17,49,3,0.0682196339434276,0,1
2,2.3,38,14,63,2,0.0632279534109817,0,1
3,3.4,134,11,46,3,0.1115736885928393,1,0
3,2.8,153,11,64,3,0.1176018447348193,1,1
4,3.2,455,19,61,3,0.2273863068465767,1,0
3,3.5,609,45,52,4,0.419710544452102,1,0
2,3.1,6,8,40,2,0.0099833610648918,0,1
1,3.2,17,17,38,2,0.0564784053156146,0,0
3,3.0,126,7,41,3,0.1049125728559533,1,1
1,3.0,4,22,53,3,0.0099750623441396,0,0
1,3.0,14,11,52,2,0.0927152317880794,0,0
3,3.5,282,3,64,3,0.2348043297252289,1,0
1,3.6,95,24,68,1,0.3156146179401993,0,0
1,0.0,0,31,53,1,0.0,0,0
1,0.0,0,7,60,1,0.0,0,0
1,0.0,0,15,39,1,0.0,0,0
1,0.0,0,21,55,2,0.0,0,0
1,0.0,0,20,47,2,0.0,0,0
1,0.0,1,13,22,1,0.0022172949002217,0,0
1,0.0,1,30,52,2,0.0066225165562913,0,0
3,4.0,225,11,39,4,0.1499000666222518,1,0
1,3.1,28,19,51,3,0.0698254364089775,0,0
1,3.3,38,14,58,1,0.1262458471760797,0,1
2,2.8,54,15,51,2,0.0898502495840266,0,0
1,2.8,32,19,51,2,0.0798004987531172,0,0
2,3.2,42,28,51,1,0.0559254327563249,0,0
1,2.9,10,15,51,1,0.0221729490022172,0,0
1,2.8,27,11,50,3,0.0897009966777408,0,0
2,3.2,35,30,51,2,0.0582362728785357,0,1
3,2.5,82,11,51,3,0.0512179887570268,1,1
2,3.2,24,9,51,2,0.0479041916167664,0,0
2,2.9,14,20,68,1,0.0279441117764471,0,0
1,2.8,16,12,47,1,0.0796019900497512,0,0
1,3.0,11,13,47,1,0.024390243902439,0,0
2,3.1,14,13,47,2,0.0232945091514143,0,0
1,3.5,91,19,51,3,0.6026490066225165,0,0
3,3.7,110,6,50,1,0.078515346181299,1,1
4,3.9,886,13,50,4,0.3690129112869638,1,1
1,0.0,3,13,56,2,0.0074812967581047,0,0
3,2.6,152,5,32,3,0.0843975569128262,1,1
3,2.9,140,22,46,3,0.1076095311299,1,0
1,3.4,277,15,42,1,0.614190687361419,0,1
3,3.1,1099,8,62,4,0.8134715025906736,1,0
2,3.4,76,12,51,1,0.1264559068219634,0,0
1,3.2,89,18,75,2,0.2219451371571072,0,1
3,3.4,1523,12,60,1,1.1706379707916987,0,1
3,3.0,671,13,59,4,0.4191130543410368,0,1
1,3.3,1300,19,56,1,6.467661691542289,0,0
3,2.7,2460,26,69,4,2.4575424575424574,0,0
3,2.5,1096,13,62,4,1.094905094905095,0,0
2,3.4,499,11,32,3,0.8302828618968386,0,1
3,3.2,563,18,57,3,0.5113533151680291,1,0
3,4.7,52,11,46,4,0.0346435709526982,0,0
1,4.9,2620,18,45,1,17.350993377483444,0,1
3,4.7,242,24,64,1,0.1343697945585785,1,1
2,3.6,485,16,48,1,0.8802177858439202,0,0
3,3.9,2639,7,49,2,2.396911898274296,1,1
3,3.7,706,5,77,5,0.6412352406902816,0,0
2,3.8,2093,11,45,2,4.177644710578842,0,1
2,3.6,548,12,32,3,1.093812375249501,0,1
2,3.6,361,26,32,1,0.514978601997147,0,0
3,3.7,873,17,58,2,0.5816122584943371,0,1
3,3.7,673,12,64,3,0.5603663613655288,1,0
3,3.7,834,22,66,3,0.694421315570358,1,0
2,3.6,877,9,66,4,1.0948813982521848,0,0
3,3.9,1503,12,66,3,1.0728051391862956,0,1
2,3.9,3206,7,50,1,6.399201596806387,0,0
1,3.9,487,7,80,2,1.2144638403990025,0,1
3,3.9,2003,21,57,4,1.1775426219870664,1,1
3,3.9,496,12,50,1,0.2754025541365907,1,0
3,3.9,841,10,57,2,0.6002855103497502,1,1
2,3.7,336,14,32,2,0.4793152639087018,0,0
2,3.8,271,14,72,3,0.4509151414309484,0,1
2,3.9,1607,14,31,3,2.6738768718801995,0,0
4,3.5,706,7,32,3,0.352823588205897,1,1
3,3.9,1379,8,64,4,1.148209825145712,1,0
2,3.7,55,9,68,2,0.0915141430948419,0,1
2,3.9,1151,10,45,5,2.088929219600726,0,0
3,3.7,626,20,46,2,0.4811683320522675,1,1
1,3.8,301,16,53,1,1.199203187250996,0,1
3,3.8,1174,15,49,6,0.97751873438801,1,0
2,3.5,2185,13,66,1,3.635607321131448,0,0
2,3.5,321,12,76,2,0.5341098169717138,0,1
2,3.7,427,3,62,2,0.8522954091816367,0,1
2,3.7,1189,11,31,2,1.82642089093702,0,1
3,3.9,1286,9,66,6,0.8032479700187383,0,0
1,3.7,41,12,53,2,0.0909090909090909,0,1
3,3.7,277,9,52,2,0.2306411323896752,1,1
3,3.6,391,10,57,5,0.2604930046635576,1,0
4,3.9,2589,18,57,4,1.1762835074965925,0,0
2,3.8,388,10,32,2,0.7744510978043913,0,0
2,3.7,108,10,33,2,0.2155688622754491,0,0
1,3.5,95,13,46,2,0.2369077306733167,0,0
3,3.9,66,12,60,4,0.0471092077087794,1,0
2,3.9,310,16,50,2,0.4761904761904761,0,1
3,3.7,3010,19,43,3,3.006993006993007,0,0
3,3.7,1891,7,70,2,1.5745212323064113,0,1
2,3.8,1761,19,49,2,1.9544950055493893,0,0
3,3.8,367,9,67,4,0.2619557458957887,1,0
3,3.8,1158,15,32,4,0.6807760141093474,0,0
4,3.8,2689,36,69,3,1.1199500208246564,0,0
3,3.6,1434,13,46,2,1.4325674325674325,0,1
3,3.5,541,9,46,3,0.5404595404595405,0,1
3,3.7,140,12,52,3,0.1271571298819255,1,0
4,3.6,61,7,113,4,0.0121975604879024,0,0
3,3.7,1256,17,41,2,1.1407811080835604,1,1
3,3.5,422,35,77,3,0.2480893592004703,1,0
2,3.6,1134,25,63,2,1.1924290220820188,0,1
3,3.5,1863,8,46,4,1.378978534418949,1,1
2,3.5,1311,6,31,2,2.1813643926788684,0,1
1,3.7,1333,12,46,2,3.3241895261845387,0,0
1,3.6,50,19,76,1,0.1661129568106312,0,0
4,3.5,92,17,70,3,0.0328454123527311,1,0
2,3.8,552,9,86,1,0.7874465049928673,0,0
2,3.5,276,6,31,4,0.5508982035928144,0,1
3,3.7,1801,7,52,4,1.1249219237976265,1,0
3,3.5,327,14,77,2,0.2722731057452123,0,1
3,3.9,1020,9,57,3,0.8492922564529559,1,0
3,3.8,645,22,45,3,0.5155875299760192,1,0
3,3.9,143,22,51,4,0.09526982011992,1,0
3,3.9,1545,17,50,3,1.0293137908061292,1,0
3,3.5,63,32,46,3,0.0449678800856531,1,0
1,3.9,783,17,68,1,1.736141906873614,0,1
3,3.9,3413,14,43,4,2.131792629606496,1,0
3,3.9,1087,4,46,2,0.6789506558401,1,1
3,3.7,4914,14,61,5,3.27381745502998,0,0
3,3.9,908,7,57,2,0.504164353137146,0,0
3,3.5,1027,3,32,4,0.6842105263157895,1,1
3,3.9,1071,4,37,4,0.6689569019362899,1,1
1,0.0,0,13,26,1,0.0,0,1
2,0.0,0,15,53,2,0.0,0,1
1,0.0,2,25,81,1,0.0099502487562189,0,0
3,4.4,840,11,46,4,0.5246720799500312,1,0
3,4.0,2333,14,63,4,1.2953914491948917,1,0
4,4.1,1821,9,57,4,0.9100449775112444,1,1
3,4.1,3164,15,80,2,1.976264834478451,0,0
2,4.1,740,16,55,3,0.9238451935081148,0,1
3,4.0,510,13,71,2,0.5094905094905094,0,1
4,4.2,961,7,32,5,0.4802598700649675,1,1
3,4.1,799,14,50,4,0.4436424208772904,1,0
3,4.0,412,7,49,1,0.3430474604496253,1,0
4,4.4,1942,10,66,1,0.8823262153566561,0,0
4,4.0,312,24,66,1,0.1559220389805097,1,1
2,4.0,361,14,47,3,0.4506866416978776,1,1
3,4.3,1129,7,47,4,0.5938979484481852,1,1
3,4.0,510,16,82,4,0.3640256959314775,1,0
3,4.0,608,14,60,3,0.6073926073926074,1,0
3,4.1,1959,12,76,4,1.2236102435977514,1,0
3,4.0,817,13,56,5,0.4536368684064408,1,1
3,4.1,400,24,61,2,0.3330557868442964,1,1
2,4.3,5172,15,50,1,10.323353293413174,0,1
3,4.1,467,14,32,6,0.3589546502690238,1,0
2,4.1,2417,9,51,1,3.44793152639087,0,0
3,4.1,90,23,57,2,0.0599600266489007,1,0
3,4.3,104,13,46,3,0.0692871419053964,1,0
4,4.0,2252,19,69,4,1.0718705378391242,1,0
4,4.1,1838,19,32,4,0.8350749659245797,1,0
3,4.0,1758,19,54,2,1.0980637101811368,0,0
1,4.3,1457,13,45,3,3.633416458852868,0,0
1,4.3,3591,8,32,3,8.955112219451372,0,0
3,4.1,492,20,72,4,0.3277814790139907,1,0
2,2.6,77,13,53,2,0.1397459165154265,0,1
3,3.2,113,8,53,2,0.0594423987375065,1,0
3,3.3,140,9,55,2,0.1398601398601398,0,1
1,3.5,164,12,53,2,0.5448504983388704,0,1
2,3.1,106,16,51,2,0.132334581772784,0,1
2,3.3,134,7,51,4,0.1672908863920099,1,1
2,3.4,77,10,49,2,0.1536926147704591,0,1
2,3.3,102,16,60,1,0.1072555205047318,1,1
2,3.5,217,10,49,7,0.3610648918469218,0,0
4,3.5,59,29,64,1,0.0235905637744902,1,0
3,3.7,60,19,64,3,0.0599400599400599,1,0
4,3.2,12,27,67,1,0.0059970014992503,1,0
4,3.5,115,23,67,3,0.0383205598133955,1,0
3,3.3,165,12,44,3,0.1648351648351648,1,0
2,3.4,41,10,39,2,0.0818363273453093,0,1
3,3.5,116,11,60,3,0.1158841158841158,1,1
2,3.7,262,10,39,7,0.4754990925589836,0,0
1,3.5,364,13,43,1,0.9077306733167082,0,0
2,2.8,28,10,59,4,0.0465890183028286,0,0
1,3.2,12,13,85,2,0.0299251870324189,0,0
1,2.8,22,15,96,1,0.048780487804878,0,0
1,2.9,6,9,63,1,0.0149625935162094,0,0
1,3.4,45,14,51,2,0.112219451371571,0,0
1,3.0,6,12,65,1,0.0397350993377483,0,0
1,2.9,6,13,40,4,0.0149625935162094,0,0
1,3.1,8,16,63,2,0.0398009950248756,0,0
2,2.8,23,10,47,2,0.0459081836327345,0,1
1,3.2,6,16,48,2,0.0397350993377483,0,0
2,3.0,33,15,95,2,0.0658682634730539,0,1
1,3.0,5,10,47,1,0.0248756218905472,0,0
2,3.4,159,5,46,3,0.2645590682196339,0,0
2,3.7,85,15,50,1,0.1696606786427145,0,0
2,3.8,189,14,64,2,0.2696148359486447,1,0
2,3.7,519,16,36,2,1.035928143712575,0,1
2,3.5,26,10,62,3,0.0518962075848303,0,0
2,3.8,124,15,63,2,0.2063227953410981,0,0
3,3.6,711,10,47,2,0.6457765667574932,1,0
2,3.6,109,16,41,2,0.217564870259481,0,0
1,3.7,57,7,42,1,0.14214463840399,0,0
1,3.6,88,18,67,1,0.2507122507122507,0,0
1,0.0,0,13,33,1,0.0,0,0
1,0.0,0,15,47,1,0.0,0,0
1,0.0,0,15,70,1,0.0,0,0
1,0.0,0,13,47,1,0.0,0,0
1,0.0,0,10,47,1,0.0,0,0
1,0.0,0,18,61,1,0.0,0,0
2,0.0,0,22,47,2,0.0,0,0
1,0.0,1,27,64,1,0.0049751243781094,0,0
1,0.0,0,13,59,1,0.0,0,0
1,0.0,0,10,72,1,0.0,0,0
1,0.0,1,17,50,2,0.0066225165562913,0,0
1,0.0,0,15,45,1,0.0,0,0
2,0.0,3,22,34,1,0.0059880239520958,0,0
1,0.0,1,14,58,1,0.0099009900990099,0,0
1,0.0,3,11,56,1,0.0099667774086378,0,0
1,0.0,0,19,61,1,0.0,0,0
1,0.0,0,12,59,1,0.0,0,0
1,0.0,0,19,41,2,0.0,0,0
1,0.0,0,17,60,2,0.0,0,0
2,2.3,32,14,85,2,0.0456490727532097,0,0
2,4.1,271,42,20,1,0.5409181636726547,0,0
1,3.0,4,8,44,2,0.0264900662251655,0,0
1,0.0,1,14,44,1,0.0039840637450199,0,0
3,3.3,176,8,42,2,0.1465445462114904,1,0
1,3.1,10,17,55,2,0.099009900990099,0,0
2,3.3,73,7,52,1,0.1121351766513056,0,1
1,3.0,12,16,30,2,0.0597014925373134,0,0
1,3.4,13,41,35,2,0.0431893687707641,0,0
2,3.3,33,26,73,3,0.0549084858569051,0,0
2,3.4,104,13,52,3,0.1483594864479315,0,1
1,3.2,12,11,31,2,0.0398671096345514,0,1
2,3.2,600,16,52,2,0.6659267480577137,1,0
2,3.2,13,24,46,2,0.021630615640599,0,0
2,2.7,8,15,61,2,0.0114122681883024,0,1
2,2.5,78,14,76,2,0.1112696148359486,0,0
2,3.4,35,14,46,2,0.0582362728785357,0,0
2,3.4,16,13,43,2,0.0319361277445109,0,0
1,2.5,7,32,80,1,0.0232558139534883,0,1
1,2.8,26,7,34,2,0.0648379052369077,0,1
1,3.3,29,5,78,2,0.0723192019950124,0,1
1,2.7,16,16,49,3,0.0455840455840455,0,0
1,3.2,14,26,79,1,0.0310421286031042,0,0
2,3.1,9,9,25,1,0.0179640718562874,0,0
1,2.9,7,14,31,1,0.0278884462151394,0,0
1,2.9,102,13,80,2,0.3388704318936877,0,0
1,3.2,22,18,66,2,0.1456953642384106,0,0
2,3.1,9,23,67,2,0.0149750415973377,0,1
3,3.1,128,4,52,3,0.0799500312304809,1,0
3,3.0,496,15,52,1,0.3098063710181137,0,0
1,3.2,8,8,45,2,0.0177383592017738,0,0
2,3.3,19,17,30,2,0.0344827586206896,0,1
2,3.4,35,22,45,2,0.0582362728785357,0,0
2,3.2,53,19,45,3,0.0881863560732113,0,1
2,3.0,39,20,61,3,0.064891846921797,0,1
1,3.3,25,18,42,1,0.0830564784053156,0,0
1,3.2,28,14,52,1,0.0930232558139534,0,0
2,3.4,44,6,41,1,0.0878243512974051,0,1
2,2.6,56,15,68,3,0.1117764471057884,0,1
3,3.9,245,14,54,1,0.1632245169886742,1,1
2,3.5,215,21,54,2,0.3067047075606277,0,0
3,3.6,386,10,51,2,0.321398834304746,1,1
1,3.8,460,20,57,3,1.3105413105413106,0,1
2,3.6,146,15,45,2,0.2429284525790349,0,1
1,3.7,55,14,53,1,0.1827242524916943,0,0
3,3.7,390,16,53,3,0.3896103896103896,0,1
1,3.5,15,13,51,2,0.0374064837905236,0,1
1,3.6,130,9,52,1,0.4318936877076412,0,1
2,3.9,301,7,46,3,0.5008319467554077,0,0
2,3.7,338,21,48,3,0.4219725343320848,1,1
3,3.9,798,14,54,4,0.4984384759525296,1,1
2,3.8,192,12,80,2,0.2130965593784683,0,1
2,3.8,196,17,46,2,0.2796005706134094,0,1
2,3.7,766,16,52,2,1.528942115768463,0,1
2,3.6,42,11,46,2,0.0599144079885877,0,1
3,3.6,139,17,78,4,0.099214846538187,1,1
1,3.8,24,15,25,2,0.0797342192691029,0,1
3,3.5,208,16,52,3,0.1385742838107928,1,1
3,3.6,99,13,52,3,0.0824313072439633,1,1
3,3.7,601,11,52,3,0.3337034980566352,1,1
4,3.8,354,11,55,1,0.176911544227886,1,1
3,3.8,130,16,52,3,0.1298701298701298,1,1
2,3.8,303,19,75,2,0.3362930077691454,0,1
2,3.8,306,7,38,2,0.3396226415094339,1,1
2,3.7,304,4,52,2,0.379525593008739,0,0
2,3.7,308,11,52,2,0.5124792013311148,0,1
2,3.6,84,6,52,4,0.1676646706586826,0,1
3,3.9,749,7,52,5,0.4990006662225183,1,0
3,3.8,238,19,57,3,0.1321488062187673,1,0
1,0.0,2,22,66,1,0.0099502487562189,0,0
1,0.0,2,15,71,1,0.0099502487562189,0,0
1,0.0,0,12,65,1,0.0,0,0
1,0.0,2,18,61,1,0.0132450331125827,0,0
1,0.0,0,19,76,2,0.0,0,0
1,0.0,0,41,66,1,0.0,0,0
2,0.0,0,11,55,1,0.0,0,0
2,2.4,35,6,74,2,0.0582362728785357,0,0
3,4.1,711,12,68,2,0.406053683609366,1,1
3,4.4,50,9,66,3,0.0499500499500499,1,0
1,4.1,561,14,52,2,1.399002493765586,0,1
3,4.0,183,10,61,2,0.1219187208527648,1,1
3,4.1,242,6,42,1,0.1422692533803645,1,1
2,4.1,223,11,46,3,0.2784019975031211,1,1
2,4.1,769,9,52,1,0.853496115427303,1,1
1,4.0,169,8,52,1,0.8407960199004975,0,1
3,4.2,63,9,52,3,0.0393504059962523,1,1
3,4.0,460,9,52,4,0.2786190187764991,1,1
2,4.0,782,11,52,3,1.301164725457571,0,1
2,4.2,95,20,70,2,0.1054384017758046,0,1
2,4.2,372,7,66,2,0.6751361161524501,0,1
1,0.0,2,7,75,2,0.0099502487562189,0,0
1,0.0,0,10,58,2,0.0,0,0
1,0.0,0,13,104,3,0.0,0,0
2,0.0,1,23,55,3,0.0016638935108153,0,0
1,3.1,29,20,68,1,0.2871287128712871,0,0
1,3.4,69,14,71,1,0.1720698254364089,0,0
1,2.8,109,10,81,2,0.2718204488778055,0,1
2,2.8,15,14,70,3,0.0187265917602996,0,0
2,3.4,76,11,70,3,0.1264559068219634,0,0
1,3.4,46,15,81,1,0.1019955654101995,0,0
1,3.2,87,15,90,1,0.1929046563192904,0,0
1,2.6,45,18,66,5,0.1495016611295681,0,0
2,2.5,109,14,94,2,0.1554921540656205,0,0
1,3.0,8,8,64,2,0.0398009950248756,0,0
1,3.3,35,10,65,3,0.1162790697674418,0,0
1,2.8,81,21,86,2,0.17960088691796,0,1
1,3.1,72,16,56,3,0.2051282051282051,0,1
1,3.0,18,25,65,2,0.1782178217821782,0,0
2,3.3,113,21,65,3,0.1327849588719153,1,0
1,2.8,5,14,79,1,0.0495049504950495,0,0
1,3.3,51,6,84,1,0.1694352159468438,0,0
1,2.9,5,22,80,1,0.0331125827814569,0,0
2,3.0,82,16,75,1,0.0910099889012208,1,0
2,3.0,12,13,56,1,0.0199667221297836,0,1
1,2.6,26,15,71,2,0.074074074074074,0,1
1,3.2,17,16,66,1,0.0564784053156146,0,1
2,3.3,85,7,57,3,0.1414309484193011,0,1
3,3.4,143,9,71,3,0.1428571428571428,0,1
1,3.4,39,28,81,1,0.1295681063122923,0,0
4,2.7,81,14,104,3,0.04047976011994,1,0
1,3.3,69,12,79,1,0.2749003984063745,0,0
1,2.6,16,13,74,2,0.0796019900497512,0,0
2,3.4,173,17,102,4,0.2467902995720399,0,0
1,3.2,45,22,62,2,0.112219451371571,0,0
3,2.7,50,23,71,2,0.0454132606721162,0,0
2,3.4,427,11,86,3,0.7104825291181365,0,1
1,2.6,138,6,67,1,0.3059866962305986,0,1
1,3.0,14,26,81,1,0.1386138613861386,0,0
1,2.8,51,13,37,1,0.1130820399113082,0,1
2,3.1,130,18,47,3,0.1854493580599144,0,1
2,4.6,1071,13,67,4,1.1886792452830188,1,1
1,3.6,258,28,71,2,1.0278884462151394,0,1
1,3.9,533,14,56,1,2.1235059760956174,0,1
1,3.7,93,15,69,2,0.6158940397350994,0,0
2,3.7,484,20,69,3,0.8784029038112523,0,1
3,3.7,49,13,67,5,0.0489510489510489,1,0
2,3.9,2724,15,82,4,3.400749063670412,0,1
2,3.8,541,14,70,3,0.9818511796733213,0,1
1,3.7,91,16,80,2,0.3625498007968127,0,0
2,3.8,1970,13,65,4,3.026113671274961,1,1
1,0.0,0,12,70,1,0.0,0,0
1,0.0,1,21,95,1,0.0099009900990099,0,0
1,0.0,1,10,96,2,0.0033222591362126,0,0
1,0.0,0,16,76,2,0.0,0,0
1,0.0,1,9,64,1,0.0039840637450199,0,0
1,0.0,0,16,87,1,0.0,0,0
1,0.0,2,19,69,1,0.0056980056980056,0,0
1,0.0,0,9,60,1,0.0,0,0
1,0.0,3,13,37,1,0.0074812967581047,0,1
1,0.0,0,11,59,2,0.0,0,0
1,0.0,3,13,96,1,0.0085470085470085,0,0
2,2.4,147,11,70,3,0.2445923460898502,0,1
2,2.4,148,14,71,3,0.2111269614835948,0,1
1,4.1,111,14,56,1,0.2768079800498753,0,0
2,4.1,1384,13,85,3,1.9743223965763197,1,1
1,4.3,156,10,70,3,0.6215139442231076,0,1
2,4.3,4085,5,82,6,4.5338512763596,0,0
2,4.4,1537,15,67,4,1.8061104582843712,0,1
2,4.2,1526,7,70,3,2.176890156918688,1,0
1,2.8,45,16,26,2,0.112219451371571,0,0
2,3.2,26,14,35,2,0.0346205059920106,0,0
1,3.1,13,16,26,1,0.037037037037037,0,0
2,2.5,29,12,51,1,0.0413694721825962,0,1
1,2.8,11,11,26,3,0.0547263681592039,0,0
1,3.1,52,6,26,1,0.1152993348115299,0,0
1,3.4,69,26,35,2,0.1720698254364089,0,0
1,3.0,36,13,26,1,0.1025641025641025,0,0
2,3.1,44,6,26,1,0.0627674750356633,0,0
1,2.8,8,6,26,3,0.0177383592017738,0,0
2,3.5,28,14,53,1,0.0558882235528942,0,0
2,3.7,182,12,26,3,0.2272159800249688,0,0
1,3.6,93,22,40,1,0.2649572649572649,0,0
1,3.6,72,18,30,2,0.1596452328159645,0,0
1,3.8,152,8,35,1,0.3790523690773067,0,0
1,3.5,19,22,30,3,0.0756972111553784,0,0
2,3.7,143,8,36,2,0.1785268414481897,1,0
1,3.5,24,26,26,1,0.0532150776053215,0,0
1,3.5,30,22,26,2,0.0748129675810473,0,0
2,2.3,30,13,26,1,0.042796005706134,0,0
1,3.0,9,23,35,2,0.0256410256410256,0,0
2,3.2,10,14,109,3,0.0199600798403193,0,0
2,3.2,15,19,71,2,0.029940119760479,0,0
1,3.0,7,29,42,1,0.0232558139534883,0,0
2,2.8,9,14,34,1,0.0149750415973377,0,0
1,3.3,32,9,40,2,0.0911680911680911,0,0
1,2.9,4,7,52,1,0.0099750623441396,0,0
3,3.3,56,31,64,3,0.0466278101582015,1,1
2,3.0,16,18,52,1,0.0266222961730449,0,0
2,3.3,87,14,63,2,0.1241084165477888,0,0
1,3.4,39,12,39,1,0.1940298507462686,0,0
1,3.4,23,11,60,2,0.0916334661354581,0,0
1,3.2,11,9,68,2,0.027431421446384,0,0
1,2.6,15,16,70,1,0.0332594235033259,0,1
2,3.3,65,10,62,2,0.1297405189620758,0,1
1,3.1,7,20,31,1,0.0232558139534883,0,0
2,2.6,14,10,35,3,0.0279441117764471,0,0
1,3.0,7,13,54,2,0.0232558139534883,0,0
2,2.7,14,16,48,2,0.0279441117764471,0,0
1,3.0,4,19,50,2,0.0099750623441396,0,0
2,2.7,177,14,56,2,0.3532934131736527,0,1
2,3.0,6,12,68,2,0.0074906367041198,0,0
1,2.7,39,7,59,4,0.1111111111111111,0,0
1,3.3,27,19,76,1,0.1343283582089552,0,0
1,3.1,14,11,46,1,0.0465116279069767,0,1
1,3.1,15,12,40,2,0.1485148514851485,0,0
1,2.6,50,15,53,1,0.1246882793017456,0,1
2,3.1,97,11,57,2,0.1613976705490848,0,1
2,3.2,103,12,62,2,0.1713810316139767,0,0
2,3.5,88,10,67,7,0.1464226289517471,0,0
2,3.6,107,18,66,3,0.1335830212234706,0,1
1,0.0,0,21,34,2,0.0,0,0
1,0.0,1,18,62,1,0.0049751243781094,0,0
1,0.0,2,20,66,1,0.0099502487562189,0,0
2,0.0,0,4,76,1,0.0,0,0
1,0.0,0,18,47,1,0.0,0,0
1,0.0,1,13,65,1,0.0024937655860349,0,0
1,0.0,0,11,43,1,0.0,0,0
1,0.0,1,13,50,1,0.0024937655860349,0,0
1,0.0,0,7,83,2,0.0,0,0
1,0.0,0,15,71,1,0.0,0,0
1,0.0,0,17,42,1,0.0,0,0
1,0.0,2,12,67,1,0.0049875311720698,0,0
1,0.0,0,14,68,1,0.0,0,0
1,0.0,1,3,63,1,0.0033222591362126,0,0
1,0.0,0,21,45,1,0.0,0,0
1,0.0,0,12,32,1,0.0,0,0
2,0.0,0,11,56,2,0.0,0,0
1,0.0,2,9,67,1,0.0056980056980056,0,0
1,0.0,0,10,61,1,0.0,0,0
1,0.0,2,21,64,1,0.0056980056980056,0,0
1,0.0,0,17,54,2,0.0,0,0
1,0.0,1,19,59,2,0.0028490028490028,0,0
1,0.0,2,19,89,2,0.0079681274900398,0,0
1,0.0,1,11,44,1,0.0033222591362126,0,0
1,0.0,0,21,66,1,0.0,0,0
2,2.3,57,14,61,3,0.0813124108416547,0,1
2,3.4,122,8,55,2,0.1523096129837703,1,1
2,2.5,85,6,56,1,0.1696606786427145,0,1
1,2.6,55,16,45,3,0.1371571072319202,0,0
3,3.4,35,16,55,5,0.0291423813488759,1,1
1,3.5,56,7,43,2,0.1860465116279069,0,0
3,2.3,118,12,47,2,0.0982514571190674,1,0
1,3.0,29,15,60,1,0.0643015521064301,0,0
2,3.0,63,14,75,2,0.0898716119828816,0,0
1,3.3,14,11,60,1,0.0927152317880794,0,0
2,3.6,62,10,60,2,0.12375249500998,0,0
1,0.0,2,14,60,1,0.0056980056980056,0,0
3,3.5,83,6,80,2,0.0518425983760149,0,0
3,3.8,118,7,75,4,0.078614257161892,1,0
3,3.1,134,6,62,3,0.0744031093836757,1,1
2,2.8,138,10,55,1,0.2504537205081669,0,0
1,3.8,152,14,46,1,0.3790523690773067,0,1
2,3.5,246,10,63,3,0.2890716803760282,0,1
2,3.8,426,14,48,3,0.7088186356073212,0,0
2,3.9,71,8,41,4,0.101283880171184,0,0
1,3.7,229,10,50,5,0.6524216524216524,0,0
4,3.7,984,12,52,2,0.3934426229508196,1,1
3,3.5,295,13,48,3,0.2456286427976686,0,0
3,4.4,2777,9,32,4,1.850099933377748,0,0
1,4.1,397,8,54,2,0.9900249376558604,0,1
1,4.1,71,9,47,1,0.1770573566084788,0,0
2,3.2,118,10,65,1,0.2141560798548094,0,0
2,3.6,161,16,65,1,0.2143808255659121,0,1
1,3.9,91,7,81,2,0.226932668329177,0,0
1,3.9,360,8,56,2,0.8977556109725686,0,1
2,3.7,69,8,53,4,0.0984308131241084,0,0
2,3.7,134,10,65,7,0.2229617304492512,0,0
1,3.8,154,9,65,1,0.3840399002493765,0,0
1,3.9,98,12,56,2,0.2792022792022792,0,1
1,3.8,159,7,53,3,0.3965087281795511,0,1
1,3.7,169,15,53,1,0.3747228381374722,0,1
2,3.9,109,9,62,1,0.1554921540656205,0,0
3,3.8,170,13,53,3,0.1358912869704236,0,0
2,4.0,154,10,65,3,0.3073852295409182,0,0
2,2.7,59,14,66,2,0.0841654778887303,0,0
3,2.7,112,11,64,2,0.0746169220519653,1,1
1,3.0,11,8,47,1,0.0547263681592039,0,0
1,3.6,195,10,43,7,0.6478405315614618,0,0
2,3.5,100,10,132,2,0.1996007984031936,0,1
1,0.0,0,12,57,2,0.0,0,0
2,2.4,65,6,93,4,0.1297405189620758,0,1
1,2.9,7,17,65,2,0.0232558139534883,0,0
1,2.9,8,10,55,1,0.0227920227920227,0,0
1,2.7,10,15,45,1,0.099009900990099,0,0
2,3.2,21,8,56,3,0.0349417637271214,0,0
1,2.8,13,14,52,3,0.0646766169154228,0,0
1,2.7,24,15,71,1,0.0532150776053215,0,0
2,3.3,19,11,62,3,0.0379241516966067,0,0
1,3.2,16,9,61,2,0.0531561461794019,0,1
1,3.0,7,15,44,1,0.0693069306930693,0,0
1,3.1,12,23,60,1,0.0794701986754966,0,0
1,3.1,11,11,56,1,0.027431421446384,0,1
1,2.8,12,11,42,1,0.0398671096345514,0,0
1,3.1,9,7,64,1,0.0224438902743142,0,0
2,3.0,19,22,26,2,0.0379241516966067,0,0
1,2.7,21,22,43,1,0.0836653386454183,0,0
1,3.4,17,15,65,4,0.0423940149625935,0,1
2,3.2,14,6,44,2,0.0279441117764471,0,0
1,2.8,4,8,71,1,0.0132890365448504,0,1
2,3.2,38,13,45,3,0.0542082738944365,0,1
1,3.1,17,12,46,1,0.0845771144278607,0,0
2,3.3,61,22,46,2,0.0937019969278033,0,1
1,3.2,19,19,71,2,0.0541310541310541,0,0
1,2.9,4,19,56,2,0.0099750623441396,0,0
2,3.1,22,30,50,1,0.0439121756487025,0,0
1,2.7,12,10,61,3,0.0299251870324189,0,1
1,3.2,14,16,46,1,0.0398860398860398,0,1
2,3.1,25,15,69,3,0.0499001996007984,0,1
1,0.0,1,22,62,1,0.003831417624521,0,0
1,0.0,2,21,69,2,0.0132450331125827,0,0
2,0.0,0,9,61,1,0.0,0,0
2,0.0,2,10,44,3,0.0039920159680638,0,0
1,0.0,2,27,56,2,0.0049875311720698,0,0
2,0.0,1,9,33,2,0.0019960079840319,0,0
2,0.0,2,15,50,2,0.0033277870216306,0,1
1,0.0,0,15,46,2,0.0,0,0
2,0.0,2,12,43,1,0.0039920159680638,0,1
1,0.0,2,18,54,2,0.0198019801980198,0,0
2,0.0,0,13,33,2,0.0,0,0
1,0.0,0,14,45,1,0.0,0,0
1,0.0,0,13,87,1,0.0,0,0
1,0.0,0,20,76,1,0.0,0,0
1,0.0,2,12,43,1,0.0132450331125827,0,0
2,0.0,1,6,26,3,0.0016638935108153,0,0
1,0.0,3,22,50,1,0.0149253731343283,0,1
2,0.0,0,11,50,2,0.0,0,0
1,0.0,2,12,46,3,0.0044345898004434,0,0
1,0.0,0,23,58,1,0.0,0,0
1,0.0,3,17,46,2,0.0074812967581047,0,0
1,0.0,0,14,43,1,0.0,0,0
1,0.0,3,15,68,1,0.0099667774086378,0,1
1,0.0,2,11,57,1,0.0099502487562189,0,0
1,0.0,0,13,53,3,0.0,0,0
2,0.0,1,26,40,2,0.0012484394506866,1,0
1,0.0,0,9,41,1,0.0,0,0
1,0.0,1,11,49,2,0.0049751243781094,0,0
2,0.0,0,14,32,2,0.0,0,0
1,0.0,0,16,56,1,0.0,0,1
3,4.1,686,10,64,6,0.4570286475682878,0,1
1,3.2,44,9,35,1,0.1752988047808765,0,0
3,2.9,11,7,78,3,0.0109890109890109,1,0
2,3.2,44,7,61,1,0.0675883256528417,0,0
1,2.6,11,14,55,1,0.0365448504983388,0,1
1,3.3,24,11,41,2,0.0683760683760683,0,1
2,2.6,27,25,34,4,0.0385164051355206,0,1
2,3.0,5,14,60,2,0.0099800399201596,0,0
2,3.2,39,23,58,2,0.0556348074179743,0,0
1,2.9,5,12,54,1,0.0495049504950495,0,0
1,2.9,38,15,34,1,0.0842572062084257,0,0
1,3.1,13,12,35,1,0.0431893687707641,0,0
1,2.5,6,12,57,3,0.0149625935162094,0,1
1,3.3,28,9,59,1,0.0930232558139534,0,1
1,3.1,5,13,33,2,0.0248756218905472,0,0
1,3.3,31,20,34,2,0.0773067331670823,0,0
2,3.0,4,19,46,1,0.0079840319361277,0,0
3,3.2,38,12,47,3,0.0345140781108083,1,0
1,3.3,31,16,41,3,0.0883190883190883,0,0
2,3.4,93,6,78,1,0.1687840290381125,0,1
3,3.3,46,8,47,3,0.0328336902212705,1,0
1,3.0,6,9,58,1,0.0149625935162094,0,0
1,3.2,17,15,58,2,0.0423940149625935,0,0
1,2.6,43,14,58,1,0.1225071225071225,0,0
2,3.2,32,7,46,3,0.0456490727532097,0,0
1,3.4,21,9,33,1,0.0836653386454183,0,1
3,3.2,87,13,47,3,0.0869130869130869,1,1
1,3.2,12,18,42,4,0.0299251870324189,0,0
1,3.0,23,17,56,2,0.0764119601328903,0,0
1,3.1,50,6,47,2,0.1424501424501424,0,1
2,3.5,119,14,59,2,0.1697574893009985,0,0
2,3.6,177,14,82,3,0.2945091514143095,0,1
2,3.6,359,9,34,1,0.716566866267465,0,1
1,3.5,53,20,41,1,0.1760797342192691,0,1
3,3.7,241,9,32,2,0.2188919164396003,1,1
2,3.9,178,16,36,2,0.2539229671897289,0,1
1,3.7,146,15,47,2,0.4159544159544159,0,0
2,3.8,145,9,58,3,0.181023720349563,1,1
2,3.5,26,18,34,3,0.0518962075848303,0,0
1,3.9,54,15,50,2,0.1538461538461538,0,1
1,0.0,3,8,47,1,0.0099667774086378,0,0
1,0.0,3,16,52,1,0.0198675496688741,0,0
2,0.0,3,15,85,2,0.0049916805324459,0,0
2,0.0,1,16,57,3,0.0011098779134295,0,0
1,0.0,2,13,46,1,0.0099502487562189,0,0
1,0.0,0,6,40,1,0.0,0,0
1,0.0,3,15,41,1,0.0119521912350597,0,0
2,0.0,3,9,69,3,0.0042796005706134,0,0
1,0.0,2,14,47,1,0.0049875311720698,0,0
1,2.4,101,8,46,2,0.2518703241895262,0,1
1,4.1,150,18,33,2,0.746268656716418,0,0
1,3.1,44,15,74,1,0.0975609756097561,0,0
2,2.5,93,13,69,1,0.1547420965058236,0,1
2,3.1,9,13,67,1,0.0179640718562874,0,0
1,3.3,9,12,83,1,0.0358565737051792,0,1
1,3.2,9,15,56,1,0.0299003322259136,0,0
2,3.1,185,7,97,2,0.2639087018544935,0,1
2,3.1,100,16,90,3,0.1248439450686641,0,1
2,3.3,70,11,89,1,0.1164725457570715,0,0
3,2.6,110,9,91,1,0.0845503458877786,0,1
1,3.6,106,7,89,2,0.2643391521197007,0,1
3,3.9,145,6,89,3,0.0966022651565623,1,0
1,3.9,57,9,54,1,0.14214463840399,0,0
2,3.6,23,11,59,2,0.0353302611367127,0,1
2,3.8,158,22,69,2,0.3153692614770459,0,0
2,3.8,97,6,62,4,0.1936127744510978,0,0
1,3.7,21,14,89,1,0.0697674418604651,0,1
3,0.0,3,7,42,2,0.0024979184013322,0,1
4,4.0,752,21,69,3,0.2147957726363896,1,0
4,4.2,756,24,85,4,0.3022790883646541,1,0
3,4.0,1700,17,85,3,0.9439200444197668,1,1
3,4.3,3002,22,83,4,1.875078076202373,1,0
3,3.3,21,23,50,1,0.0116601887840088,0,0
4,3.9,150,19,50,3,0.0374906273431642,1,0
4,3.5,18,25,50,1,0.0049301561216105,1,0
2,3.7,44,27,50,2,0.0627674750356633,0,0
4,4.2,119,29,50,1,0.0247865028119141,1,0
1,3.4,50,28,36,3,0.1661129568106312,0,0
3,3.4,218,20,51,4,0.145236508994004,0,0
3,3.7,234,28,36,3,0.1299278178789561,1,0
1,0.0,1,18,53,1,0.0099009900990099,0,0
1,4.2,3010,13,43,2,14.975124378109452,0,0
2,3.2,15,7,30,1,0.0230414746543778,0,0
4,4.9,1934,25,40,1,0.4833791552111972,0,0
2,0.0,2,12,54,2,0.0033277870216306,0,1
1,0.0,0,7,40,1,0.0,0,0
1,0.0,1,7,54,2,0.0024937655860349,0,0
4,4.2,1561,27,63,3,0.4728870039382005,1,0
1,3.0,4,22,56,1,0.0199004975124378,0,0
2,2.8,8,11,32,2,0.0159680638722554,0,0
2,3.3,50,8,30,3,0.062421972534332,0,0
1,3.0,8,10,33,1,0.0529801324503311,0,0
2,2.8,28,11,30,2,0.0558882235528942,0,0
1,3.4,31,11,57,1,0.0883190883190883,0,0
1,3.0,4,10,30,1,0.0199004975124378,0,0
1,3.3,17,8,30,3,0.0564784053156146,0,0
2,2.8,8,29,42,4,0.014519056261343,0,0
1,3.2,8,19,57,1,0.0227920227920227,0,0
1,3.1,6,17,44,1,0.0199335548172757,0,0
2,2.7,17,20,44,1,0.0339321357285429,0,0
1,2.8,50,15,53,1,0.1661129568106312,0,0
1,3.5,29,15,82,2,0.1442786069651741,0,0
2,3.5,31,20,31,1,0.06187624750499,0,0
2,0.0,0,15,83,1,0.0,0,0
1,0.0,3,12,51,1,0.0149253731343283,0,0
1,0.0,0,12,23,1,0.0,0,0
1,0.0,1,23,31,1,0.0049751243781094,0,0
1,0.0,0,21,36,1,0.0,0,0
1,0.0,0,20,30,1,0.0,0,0
1,0.0,1,12,44,1,0.0099009900990099,0,0
1,0.0,0,11,56,1,0.0,0,0
1,0.0,0,16,23,1,0.0,0,0
1,0.0,1,14,45,1,0.0033222591362126,0,0
1,0.0,0,18,52,1,0.0,0,0
1,0.0,0,22,57,1,0.0,0,0
1,0.0,0,19,51,1,0.0,0,0
1,0.0,3,17,50,2,0.0074812967581047,0,0
1,0.0,0,7,53,1,0.0,0,0
1,0.0,0,10,53,2,0.0,0,0
1,0.0,0,12,58,3,0.0,0,0
1,0.0,1,14,46,1,0.0033222591362126,0,0
1,0.0,0,13,46,1,0.0,0,0
2,0.0,1,15,86,3,0.0012484394506866,1,0
3,4.0,756,15,81,2,0.4722048719550281,0,0
2,3.4,33,11,60,2,0.0658682634730539,0,1
4,3.0,9,3,66,3,0.0033320992225101,1,0
2,2.6,70,28,55,1,0.0932090545938748,0,0
1,3.3,70,13,74,1,0.2325581395348837,0,1
3,3.3,75,7,55,2,0.0749250749250749,1,1
1,3.4,36,7,55,2,0.1791044776119403,0,0
1,3.1,26,17,54,3,0.1035856573705179,0,0
2,3.3,146,7,73,2,0.1822721598002497,0,1
3,3.4,246,12,33,3,0.2457542457542457,0,0
2,3.3,89,7,56,3,0.1111111111111111,1,1
2,2.5,115,6,66,4,0.2295409181636726,0,1
4,3.4,58,18,39,2,0.0289855072463768,1,0
1,2.8,78,17,56,2,0.2222222222222222,0,1
1,3.0,67,10,55,1,0.2225913621262458,0,1
2,3.4,199,12,33,3,0.2338425381903642,0,1
1,3.3,19,15,42,2,0.0473815461346633,0,0
3,4.5,162,11,33,5,0.1618381618381618,0,1
2,3.6,38,16,33,2,0.0632279534109817,0,0
3,3.8,697,10,33,2,0.6963036963036963,0,1
1,3.6,56,14,91,1,0.1860465116279069,0,1
2,3.8,51,12,60,2,0.1017964071856287,0,1
2,3.7,130,12,55,3,0.2594810379241516,0,1
2,3.9,349,12,33,3,0.4101057579318449,0,1
3,3.8,50,12,39,1,0.0499500499500499,0,0
4,3.9,347,9,54,2,0.15765561108587,1,1
3,3.5,251,11,50,3,0.2507492507492507,0,0
1,3.5,24,20,82,2,0.0598503740648379,0,1
3,3.7,263,12,33,2,0.2627372627372627,0,1
1,3.9,155,9,68,1,0.5149501661129569,0,1
2,3.9,93,9,65,1,0.1547420965058236,0,1
2,3.7,323,12,55,2,0.3584905660377358,0,1
3,3.8,227,7,50,4,0.151232511658894,1,1
1,3.5,27,32,39,1,0.0897009966777408,0,1
1,3.8,116,20,42,2,0.2892768079800499,0,0
4,3.5,22,31,54,2,0.0104712041884816,1,0
3,3.5,150,17,69,2,0.0936914428482198,1,0
2,3.7,108,14,52,3,0.1540656205420827,0,1
3,3.9,105,16,66,3,0.0953678474114441,0,1
2,3.7,227,16,63,2,0.3777038269550749,0,1
3,3.8,244,9,69,3,0.1434450323339212,1,1
1,3.8,187,15,55,1,0.4146341463414634,0,1
3,3.6,229,9,55,2,0.1830535571542765,1,0
1,3.7,84,19,39,1,0.3346613545816733,0,0
4,3.8,223,8,55,5,0.1114442778610694,1,1
2,3.5,187,9,55,1,0.2667617689015691,0,0
3,3.8,54,19,49,1,0.0299833425874514,1,1
1,3.6,76,19,42,2,0.3027888446215139,0,0
4,3.8,85,17,46,3,0.0424787606196901,0,0
1,3.6,66,14,56,1,0.3283582089552239,0,0
2,3.7,53,18,64,1,0.1057884231536926,0,0
1,3.7,48,21,66,1,0.1197007481296758,0,0
3,4.2,107,7,63,3,0.05941143808995,1,1
2,4.1,160,9,39,2,0.2903811252268602,0,1
3,4.1,22,4,64,3,0.0219780219780219,1,0
3,4.1,826,26,66,6,0.5895788722341185,1,1
2,4.4,42,14,33,3,0.0441640378548895,0,1
2,4.0,62,6,70,1,0.0825565912117177,0,1
3,4.2,111,26,33,3,0.1108891108891109,0,1
2,4.0,158,11,39,1,0.2628951747088186,0,0
2,4.1,253,16,65,1,0.2972972972972973,0,1
3,4.1,68,14,63,2,0.0485367594575303,1,1
3,4.3,1327,26,55,4,0.6980536559705418,0,0
2,4.2,237,8,64,2,0.2958801498127341,0,1
2,4.0,51,9,57,1,0.1017964071856287,0,1
1,4.3,83,18,57,2,0.1840354767184035,0,1
2,4.1,81,27,33,2,0.1011235955056179,0,1
2,4.1,173,14,40,2,0.3453093812375249,0,0
1,3.1,7,15,40,2,0.0199430199430199,0,0
2,3.4,44,9,61,1,0.0878243512974051,0,0
1,2.9,77,20,47,3,0.2193732193732193,0,1
3,3.2,12,11,57,3,0.0119880119880119,0,1
1,3.2,9,15,40,2,0.0299003322259136,0,0
3,3.4,35,8,69,4,0.0194336479733481,1,0
3,3.3,489,7,55,3,0.444141689373297,1,1
2,3.2,138,14,52,2,0.1968616262482168,0,0
1,3.0,17,6,33,2,0.0423940149625935,0,0
1,3.2,12,6,61,2,0.047808764940239,0,0
1,3.4,66,17,40,3,0.2192691029900332,0,1
1,2.8,14,12,62,1,0.0465116279069767,0,0
3,3.3,148,7,38,3,0.0778537611783272,1,1
2,3.1,99,11,54,2,0.152073732718894,0,1
2,3.4,17,8,53,1,0.0339321357285429,0,0
2,3.3,148,30,33,3,0.2111269614835948,0,1
2,3.4,77,10,69,2,0.0809674027339642,1,1
2,3.2,25,12,60,3,0.0384024577572964,0,1
1,2.9,7,8,49,1,0.0232558139534883,0,1
2,2.7,134,11,80,2,0.1911554921540656,0,1
1,3.1,10,16,69,1,0.0497512437810945,0,0
2,3.3,96,6,55,4,0.1916167664670658,0,0
3,3.4,90,13,65,3,0.0719424460431654,1,0
4,4.6,304,6,52,1,0.1519240379810095,1,0
3,3.9,484,6,50,1,0.2687395891171571,1,0
1,3.6,67,9,52,2,0.1670822942643391,0,0
2,3.8,136,8,39,2,0.1940085592011412,0,1
2,3.6,120,14,63,3,0.184331797235023,0,1
2,3.5,272,11,65,8,0.4936479128856624,0,1
1,3.8,68,7,49,2,0.169576059850374,0,1
3,3.8,663,12,55,1,0.368128817323709,1,0
3,3.8,594,23,52,3,0.5934065934065934,1,1
1,3.5,66,9,40,1,0.2192691029900332,0,1
2,3.5,103,12,39,1,0.1713810316139767,0,0
2,3.5,139,15,61,2,0.1735330836454432,0,1
3,3.8,843,9,66,2,0.8421578421578422,0,1
1,3.6,113,14,55,2,0.2817955112219451,0,1
4,3.8,372,29,55,1,0.1487405037984806,1,1
3,3.8,42,11,39,2,0.0254391278013325,1,0
3,3.5,140,6,72,4,0.1036269430051813,1,0
1,3.6,173,7,68,2,0.4314214463840399,0,1
2,3.8,312,11,54,3,0.4792626728110599,0,1
3,3.7,780,14,77,1,0.4330927262631871,1,1
3,3.5,256,11,66,2,0.2131557035803497,1,0
2,3.9,27,9,51,2,0.0414746543778801,0,1
2,3.6,160,24,61,2,0.1997503121098626,0,1
1,3.6,36,18,40,2,0.1434262948207171,0,1
3,3.7,487,18,55,1,0.4423251589464123,1,1
2,3.5,352,17,66,4,0.390677025527192,0,1
1,3.7,290,9,40,3,1.155378486055777,0,1
2,3.5,132,9,66,1,0.18830242510699,0,0
3,3.5,198,7,54,5,0.1319120586275816,1,0
2,3.5,124,14,33,1,0.2063227953410981,0,1
2,3.8,173,13,54,1,0.2657450076804915,0,1
4,3.6,430,11,55,3,0.1953657428441617,1,1
3,3.7,807,28,55,2,0.6202920830130668,0,0
3,3.8,302,3,82,3,0.1947130883301096,1,1
1,2.4,30,7,58,3,0.0996677740863787,0,0
4,4.1,496,23,55,1,0.1652782405864711,1,0
4,4.3,43,5,82,3,0.0214892553723138,1,0
2,4.4,400,13,55,1,0.7259528130671506,0,0
3,4.4,80,18,39,3,0.0666111573688592,1,0
2,4.1,267,8,52,2,0.3808844507845934,0,1
3,4.0,70,10,56,1,0.0699300699300699,0,1
2,4.0,47,23,96,1,0.0521642619311875,1,0
2,4.2,1125,7,40,2,2.041742286751361,0,1
1,3.2,33,15,64,1,0.073170731707317,0,0
3,3.2,7,9,78,3,0.0036822724881641,1,0
2,3.5,159,12,66,2,0.2268188302425107,0,1
3,3.6,131,12,63,3,0.109075770191507,1,1
1,3.6,46,14,109,2,0.1528239202657807,0,0
1,2.9,9,14,27,1,0.0299003322259136,0,1
2,3.2,51,15,21,1,0.0848585690515806,0,1
1,3.0,4,15,56,1,0.0088691796008869,0,0
2,3.3,15,12,60,2,0.0187265917602996,0,0
2,3.1,7,12,52,3,0.0087390761548064,1,1
2,2.9,4,15,42,1,0.0066555740432612,0,0
2,2.5,238,14,54,2,0.3395149786019971,0,0
2,2.8,13,6,83,2,0.021630615640599,0,1
1,2.6,49,17,70,1,0.1627906976744186,0,1
2,3.3,235,7,75,2,0.3129161118508655,1,1
1,3.0,5,11,47,2,0.0124688279301745,0,0
1,2.5,191,11,40,1,0.6345514950166113,0,0
2,3.4,14,18,59,1,0.0199714693295292,0,0
2,3.3,6,15,21,2,0.0119760479041916,0,1
3,3.3,276,9,45,3,0.2757242757242757,0,1
3,3.1,104,10,74,2,0.0692871419053964,1,1
3,3.4,267,12,61,2,0.1569664902998236,1,0
2,3.4,121,11,52,2,0.2013311148086522,0,1
3,3.3,23,35,83,3,0.0229770229770229,1,0
2,3.5,368,19,40,5,0.7345309381237525,0,1
2,3.6,38,21,69,2,0.0527045769764216,0,0
3,3.5,234,15,49,3,0.1299278178789561,1,1
2,3.7,431,14,40,3,0.7171381031613977,0,1
1,3.5,1198,21,45,6,2.656319290465632,0,0
4,3.7,303,15,51,1,0.1211515393842463,1,0
1,3.5,16,9,44,1,0.0637450199203187,0,0
1,3.8,25,32,40,3,0.0830564784053156,0,1
3,3.8,556,18,78,4,0.462947543713572,1,0
2,3.8,95,14,79,1,0.1580698835274542,0,1
3,3.5,163,6,82,1,0.1085942704863424,1,0
1,3.6,42,14,47,1,0.1395348837209302,0,0
3,3.5,181,13,48,3,0.1507077435470441,1,1
1,0.0,0,20,49,2,0.0,0,0
1,0.0,0,10,86,2,0.0,0,0
1,0.0,0,8,36,1,0.0,0,0
1,0.0,3,22,40,2,0.0085470085470085,0,0
1,0.0,0,13,21,1,0.0,0,1
1,0.0,0,29,64,1,0.0,0,0
1,0.0,0,11,29,1,0.0,0,0
2,0.0,2,13,42,1,0.0039920159680638,0,0
2,0.0,1,10,27,2,0.0011750881316098,0,0
2,0.0,0,11,27,2,0.0,0,0
1,0.0,0,16,49,1,0.0,0,0
1,0.0,3,25,39,1,0.0085470085470085,0,0
1,2.4,23,9,58,2,0.0509977827050997,0,0
3,4.3,31,10,44,2,0.0258118234804329,1,1
1,2.8,10,14,47,3,0.0398406374501992,0,0
2,3.4,34,14,50,1,0.0424469413233458,0,0
1,3.0,5,9,82,1,0.0124688279301745,0,0
1,3.3,30,15,20,2,0.0748129675810473,0,1
3,3.3,79,16,99,4,0.0789210789210789,1,1
1,3.3,27,17,53,2,0.0897009966777408,0,0
3,3.1,5,13,78,3,0.0049950049950049,0,0
1,3.0,6,19,53,1,0.0133037694013303,0,0
1,2.9,5,23,78,3,0.0331125827814569,0,0
1,3.0,4,27,51,2,0.0132890365448504,0,0
3,3.2,12,10,83,1,0.0108991825613079,0,0
1,3.1,13,19,69,1,0.086092715231788,0,0
2,3.8,82,12,50,3,0.1636726546906187,0,1
1,3.7,37,10,54,3,0.147410358565737,0,1
3,3.9,373,11,50,3,0.3726273726273726,1,0
2,3.5,90,22,48,3,0.1633393829401088,0,0
2,3.9,1439,18,39,4,1.7965043695380774,1,1
2,0.0,1,18,77,1,0.0019960079840319,0,0
1,0.0,0,19,69,1,0.0,0,0
1,0.0,1,19,52,2,0.0066225165562913,0,0
2,0.0,1,9,48,2,0.0012484394506866,1,0
1,0.0,1,9,65,1,0.0049751243781094,0,0
1,0.0,1,9,53,3,0.0049751243781094,0,0
1,0.0,2,17,82,2,0.0066445182724252,0,0
1,0.0,1,9,64,2,0.0039840637450199,0,0
1,0.0,0,17,39,1,0.0,0,0
1,0.0,0,31,62,1,0.0,0,0
2,0.0,0,32,20,3,0.0,0,0
1,0.0,0,17,39,1,0.0,0,0
1,0.0,1,26,70,1,0.0099009900990099,0,0
1,0.0,1,25,72,1,0.0049751243781094,0,0
1,0.0,0,19,52,1,0.0,0,0
2,0.0,0,13,77,2,0.0,0,0
2,0.0,2,17,33,3,0.002219755826859,0,0
2,0.0,0,3,50,3,0.0,0,0
2,0.0,2,3,20,3,0.0039920159680638,0,1
1,0.0,0,17,54,1,0.0,0,0
2,4.3,214,15,65,3,0.3560732113144759,0,0
1,3.1,13,16,82,2,0.0288248337028824,0,0
1,3.3,32,8,88,2,0.0709534368070953,0,0
2,3.3,35,8,69,2,0.0582362728785357,0,0
1,2.9,6,23,48,1,0.0594059405940594,0,0
2,3.2,63,11,65,7,0.1143375680580762,0,0
2,3.1,42,16,80,2,0.064516129032258,0,1
1,3.4,30,7,52,2,0.0748129675810473,0,0
3,3.1,155,13,57,3,0.1191391237509608,1,0
2,2.6,7,13,78,1,0.010752688172043,0,0
1,3.0,4,8,83,2,0.0099750623441396,0,0
1,3.4,30,14,49,1,0.0996677740863787,0,0
1,3.0,4,14,64,2,0.0099750623441396,0,0
1,3.2,10,8,55,2,0.0249376558603491,0,0
2,3.0,4,11,85,1,0.0066555740432612,0,0
1,3.1,11,14,62,1,0.0365448504983388,0,0
1,3.0,11,15,59,1,0.027431421446384,0,0
2,3.5,106,15,50,1,0.2115768463073852,0,0
1,3.8,170,12,80,3,0.4843304843304843,0,0
1,3.6,71,17,49,2,0.2358803986710963,0,0
2,3.6,24,10,70,2,0.0479041916167664,0,0
2,3.6,95,15,63,1,0.1896207584830339,0,0
1,3.8,35,12,94,3,0.1162790697674418,0,0
1,3.5,18,13,48,1,0.1782178217821782,0,0
1,3.5,32,17,46,1,0.1063122923588039,0,0
1,0.0,0,13,76,1,0.0,0,0
1,0.0,1,15,33,2,0.0049751243781094,0,0
1,0.0,0,22,57,1,0.0,0,0
1,0.0,3,10,74,2,0.0099667774086378,0,0
1,0.0,0,12,82,2,0.0,0,0
2,0.0,2,16,55,2,0.0039920159680638,0,0
2,0.0,1,7,81,2,0.0019960079840319,0,0
1,0.0,1,14,104,1,0.0049751243781094,0,0
2,0.0,1,10,41,2,0.0016638935108153,0,0
1,0.0,0,7,57,2,0.0,0,0
1,0.0,0,18,63,1,0.0,0,0
1,0.0,0,15,88,1,0.0,0,0
1,0.0,1,19,50,2,0.0024937655860349,0,0
1,0.0,3,10,57,1,0.0119521912350597,0,0
2,0.0,0,13,76,2,0.0,0,0
1,3.2,27,18,43,1,0.1075697211155378,0,0
2,3.4,17,21,35,2,0.0212234706616729,0,0
1,2.7,11,7,52,1,0.0365448504983388,0,1
3,3.3,339,9,64,2,0.1992945326278659,1,0
2,2.9,21,16,33,1,0.0262172284644194,0,0
1,3.3,10,26,33,1,0.0284900284900284,0,0
2,2.6,76,28,39,1,0.1011984021304926,0,0
1,2.9,6,13,76,2,0.0239043824701195,0,0
3,3.3,61,12,20,2,0.0609390609390609,0,1
1,3.2,12,12,46,1,0.1188118811881188,0,0
3,3.4,195,15,28,3,0.1771117166212534,1,1
1,3.1,23,11,52,1,0.0764119601328903,0,1
1,3.0,8,36,50,1,0.0529801324503311,0,0
1,3.3,65,5,75,2,0.1620947630922693,0,1
2,3.3,157,7,42,3,0.2239657631954351,0,1
1,3.1,12,16,76,3,0.0341880341880341,0,0
3,3.4,180,8,49,1,0.1798201798201798,1,1
2,2.6,16,23,82,3,0.0319361277445109,0,1
1,2.6,21,14,43,1,0.0523690773067331,0,0
1,2.9,10,9,47,2,0.0284900284900284,0,0
2,2.6,114,7,49,3,0.2275449101796407,0,1
2,3.3,13,17,26,1,0.0162297128589263,0,0
2,2.9,8,15,26,1,0.0099875156054931,0,1
1,3.1,4,20,58,1,0.0159362549800796,0,1
1,2.8,8,10,46,1,0.0529801324503311,0,0
2,3.2,8,4,33,2,0.0099875156054931,0,0
1,3.3,32,11,64,1,0.0911680911680911,0,1
1,2.9,9,18,53,2,0.0299003322259136,0,1
2,2.7,10,8,42,3,0.016638935108153,0,1
1,2.8,21,20,41,1,0.0598290598290598,0,0
2,3.1,21,13,65,2,0.0419161676646706,0,1
2,3.2,35,18,53,1,0.0698602794411177,0,1
1,3.4,74,20,53,2,0.2948207171314741,0,0
1,2.8,25,18,26,3,0.1655629139072847,0,0
1,3.1,175,6,40,1,0.3880266075388026,0,1
2,2.9,13,5,65,3,0.0259481037924151,0,0
2,2.8,87,6,45,4,0.1736526946107784,0,1
1,3.4,19,15,59,2,0.0756972111553784,0,0
1,3.4,59,19,66,2,0.168091168091168,0,1
1,2.6,220,5,48,2,0.6267806267806267,0,0
1,2.7,26,5,65,3,0.074074074074074,0,0
1,4.5,67,17,66,1,0.4437086092715231,0,1
2,3.9,406,6,39,3,0.810379241516966,0,1
1,3.5,35,15,45,1,0.0776053215077605,0,0
3,3.8,145,21,50,1,0.1114527286702536,1,1
1,3.6,30,16,52,1,0.1492537313432835,0,1
2,3.7,18,13,20,1,0.0299500831946755,0,1
1,3.8,243,8,49,2,0.8073089700996677,0,1
1,3.7,23,5,69,2,0.0764119601328903,0,0
3,3.7,18,6,96,2,0.0179820179820179,1,0
1,3.5,95,10,41,1,0.2706552706552707,0,0
1,3.5,65,10,85,2,0.2159468438538206,0,1
2,3.8,49,9,41,2,0.0611735330836454,0,1
3,3.9,93,12,60,4,0.0774354704412989,1,0
1,0.0,1,19,63,1,0.0049751243781094,0,0
2,0.0,0,21,73,2,0.0,0,0
1,0.0,0,14,42,1,0.0,0,0
1,0.0,1,16,44,1,0.0049751243781094,0,0
1,0.0,0,16,62,2,0.0,0,0
1,0.0,3,12,86,2,0.0074812967581047,0,0
1,0.0,0,10,43,1,0.0,0,0
1,0.0,1,10,40,1,0.0033222591362126,0,0
1,0.0,0,17,44,1,0.0,0,0
2,0.0,1,27,41,1,0.0019960079840319,0,0
1,0.0,0,14,34,1,0.0,0,0
2,0.0,2,18,34,2,0.0039920159680638,0,0
1,0.0,1,7,56,2,0.0066225165562913,0,0
1,0.0,0,15,52,1,0.0,0,0
3,0.0,0,8,45,3,0.0,0,0
1,0.0,2,10,39,2,0.0066445182724252,0,0
1,0.0,3,16,60,1,0.0099667774086378,0,0
1,4.0,55,7,29,2,0.1566951566951566,0,0
3,4.0,83,13,39,1,0.0829170829170829,0,0
3,4.1,1823,17,70,2,0.9848730415991356,1,0
3,3.3,704,14,45,3,0.4397251717676452,1,0
3,3.4,763,11,64,3,0.4013677012098895,1,1
3,3.3,1363,12,43,4,1.13488759367194,0,0
1,3.4,491,9,33,1,1.398860398860399,0,1
3,4.5,1033,10,50,2,0.7373304782298359,1,1
1,3.9,454,7,43,2,1.1321695760598505,0,1
3,3.9,1756,31,43,4,0.9237243556023146,1,1
3,3.8,1845,8,43,5,1.1524047470331042,1,1
3,3.7,379,16,49,4,0.3155703580349708,1,0
3,3.7,2247,10,35,5,1.2476401998889506,1,0
3,3.9,552,19,34,2,0.459616985845129,0,1
3,3.8,567,7,34,2,0.3148250971682398,1,0
3,3.5,384,5,44,5,0.3197335553705245,1,1
4,3.5,884,20,43,2,0.368179925031237,0,0
2,3.7,489,14,32,2,0.6104868913857678,0,1
3,3.7,3697,14,50,4,2.0527484730705163,1,0
4,3.9,1878,6,45,2,0.9385307346326835,1,1
3,4.3,7931,16,38,4,4.953778888194878,1,1
1,4.2,542,18,47,1,2.6965174129353238,0,0
4,4.2,278,25,46,4,0.1263062244434348,1,0
3,4.0,969,8,43,3,0.5696649029982364,1,1
2,4.2,1627,9,36,1,3.24750499001996,0,1
3,4.4,541,27,44,1,0.4158339738662567,1,1
3,4.1,1199,16,32,3,0.7489069331667708,1,1
3,3.3,30,23,70,1,0.0299700299700299,0,0
4,3.4,174,23,66,4,0.0869565217391304,1,0
3,3.7,128,34,66,4,0.0710716268739589,1,1
3,3.4,72,22,44,1,0.0653950953678474,0,0
4,3.9,295,29,44,5,0.1474262868565717,1,0
4,2.8,19,27,47,3,0.009495252373813,1,0
4,3.9,259,31,47,1,0.1035585765693722,1,0
3,0.0,1,38,50,4,0.0009990009990009,1,0
2,0.0,0,36,74,1,0.0,1,0
2,3.0,7,11,85,1,0.0099857346647646,0,0
2,0.0,1,17,85,2,0.0012484394506866,1,0
4,3.3,95,32,58,3,0.0316561146284571,1,0
4,3.0,19,32,58,5,0.0075969612155137,1,0
4,3.4,265,46,75,1,0.1059576169532187,1,0
4,3.7,44,31,58,5,0.0109972506873281,1,0
4,3.6,38,47,58,1,0.0151939224310275,0,0
4,3.5,14,20,66,2,0.0069965017491254,1,0
4,3.6,261,20,44,3,0.0745501285347043,1,0
4,3.9,410,25,44,1,0.0910908686958453,1,0
4,3.6,49,27,44,1,0.0195921631347461,1,0
3,3.8,79,24,44,2,0.0789210789210789,0,0
4,3.9,290,36,44,3,0.0724818795301174,1,0
4,4.0,424,29,44,1,0.0942012886025327,1,0
3,3.1,9,25,66,1,0.00599600266489,1,0
1,0.0,0,26,66,2,0.0,0,0
2,3.1,5,17,31,2,0.0099800399201596,0,0
2,2.6,30,12,80,4,0.0499168053244592,0,1
1,3.9,108,12,53,2,0.2693266832917705,0,0
1,0.0,0,19,47,2,0.0,0,0
1,3.1,13,12,61,4,0.037037037037037,0,0
1,3.2,12,11,64,1,0.0597014925373134,0,0
1,3.8,266,17,70,2,0.8837209302325582,0,0
1,0.0,1,21,35,1,0.0033222591362126,0,0
1,0.0,0,23,50,1,0.0,0,0
2,0.0,3,13,42,3,0.0037453183520599,0,0
1,2.9,36,19,79,2,0.0897755610972568,0,0
2,2.8,20,10,47,3,0.0399201596806387,0,0
1,3.0,4,26,78,2,0.0099750623441396,0,0
3,2.8,68,33,91,2,0.0453031312458361,1,0
1,2.9,4,14,45,1,0.0132890365448504,0,0
1,3.1,26,12,76,2,0.1293532338308457,0,0
1,3.4,11,13,43,1,0.0365448504983388,0,1
1,3.1,18,13,43,1,0.1782178217821782,0,0
1,3.2,137,14,80,2,0.681592039800995,0,1
1,2.7,8,10,52,1,0.0177383592017738,0,0
1,2.8,101,17,59,2,0.2877492877492877,0,1
2,2.8,103,7,58,4,0.1869328493647913,0,1
2,3.1,94,19,66,2,0.0988433228180862,1,1
1,3.2,22,11,41,1,0.1456953642384106,0,0
1,2.6,16,24,54,2,0.1584158415841584,0,0
1,2.7,56,10,78,3,0.1241685144124168,0,0
2,3.3,49,14,78,3,0.075268817204301,0,0
1,3.4,60,16,71,2,0.1496259351620947,0,1
1,3.4,86,18,42,1,0.4278606965174129,0,1
1,3.2,51,23,95,1,0.1452991452991453,0,1
1,3.3,24,15,74,2,0.0598503740648379,0,1
1,3.5,97,13,62,3,0.6423841059602649,0,0
1,3.5,60,12,65,2,0.2390438247011952,0,1
1,3.7,25,9,61,2,0.0830564784053156,0,1
1,0.0,3,7,54,2,0.0074812967581047,0,1
2,0.0,0,24,70,1,0.0,0,0
1,0.0,0,15,43,2,0.0,0,0
1,0.0,0,10,59,3,0.0,0,0
1,0.0,1,12,98,3,0.0033222591362126,0,0
2,0.0,3,12,81,1,0.0059880239520958,0,0
1,0.0,0,22,43,2,0.0,0,0
2,0.0,0,15,58,1,0.0,1,0
1,0.0,2,15,63,1,0.0079681274900398,0,0
1,0.0,2,32,66,2,0.0198019801980198,0,0
1,0.0,3,16,50,1,0.0149253731343283,0,0
1,0.0,0,15,56,2,0.0,0,0
1,0.0,1,24,52,2,0.0024937655860349,0,0
1,0.0,0,16,46,1,0.0,0,0
2,0.0,2,19,68,1,0.0039920159680638,0,0
1,0.0,0,15,62,2,0.0,0,0
1,0.0,1,31,56,1,0.0033222591362126,0,0
1,0.0,1,15,23,2,0.0033222591362126,0,0
1,0.0,1,14,79,2,0.0024937655860349,0,0
3,2.4,124,32,83,3,0.1032472939217318,1,1
2,2.4,113,14,62,2,0.1611982881597717,0,0
1,2.4,166,13,65,5,0.4139650872817955,0,1
2,4.1,71,13,49,2,0.1417165668662674,0,0
4,3.2,17,36,55,1,0.008495752123938,0,0
3,3.4,25,36,35,2,0.0249750249750249,0,0
3,3.8,20,39,35,2,0.0166527893422148,0,0
4,3.5,45,21,35,1,0.0128534704370179,0,0
4,4.4,2826,20,35,1,0.4347023534840794,0,0
4,4.1,188,40,55,5,0.0268533066704756,0,0
1,3.2,26,16,30,1,0.0648379052369077,0,0
1,3.1,10,9,35,1,0.0497512437810945,0,0
2,3.2,25,10,65,2,0.0499001996007984,0,0
1,3.5,117,10,84,2,0.388704318936877,0,0
1,2.7,11,20,38,1,0.0313390313390313,0,0
1,3.1,6,16,43,1,0.0594059405940594,0,0
1,2.8,9,25,52,2,0.0224438902743142,0,0
1,3.1,7,26,73,1,0.0232558139534883,0,1
1,2.8,41,15,91,1,0.271523178807947,0,0
1,3.1,5,15,73,1,0.0110864745011086,0,0
1,3.1,13,10,63,1,0.0324189526184538,0,0
2,2.7,6,7,48,3,0.0099833610648918,0,1
1,3.4,59,20,44,1,0.168091168091168,0,0
1,3.1,15,11,64,1,0.0498338870431893,0,0
1,3.3,18,12,55,2,0.1782178217821782,0,1
1,3.1,37,13,39,1,0.1054131054131054,0,1
1,3.2,14,8,29,1,0.0696517412935323,0,0
1,3.0,6,5,48,2,0.0149625935162094,0,0
1,3.3,60,16,40,3,0.1709401709401709,0,0
1,3.4,22,17,42,2,0.0730897009966777,0,0
1,3.3,10,11,26,1,0.0662251655629139,0,0
2,3.4,74,11,40,1,0.1231281198003327,0,1
1,3.4,25,15,53,2,0.1243781094527363,0,0
4,2.9,14,24,103,3,0.0055977608956417,1,0
2,2.7,12,16,60,2,0.0149812734082397,1,1
1,3.0,9,27,54,1,0.0224438902743142,0,1
1,2.6,18,18,42,1,0.0598006644518272,0,0
1,3.3,68,41,43,2,0.1507760532150776,0,0
1,3.1,7,16,42,1,0.0278884462151394,0,0
1,3.0,4,18,35,2,0.0159362549800796,0,0
1,2.9,33,21,51,2,0.0822942643391521,0,1
1,3.3,11,15,39,1,0.024390243902439,0,0
1,3.2,5,13,46,1,0.0124688279301745,0,0
1,3.2,38,13,36,1,0.3762376237623762,0,0
2,3.2,23,20,73,2,0.0459081836327345,0,1
2,3.1,14,17,60,2,0.0254083484573502,0,0
2,2.9,8,23,51,2,0.0159680638722554,0,0
1,3.1,9,24,38,1,0.0224438902743142,0,0
1,2.9,8,21,57,1,0.0318725099601593,0,0
2,2.9,57,5,51,2,0.0948419301164725,0,1
1,3.4,17,11,53,1,0.0845771144278607,0,0
1,3.3,14,13,50,1,0.0465116279069767,0,0
1,3.0,6,27,32,3,0.0239043824701195,0,0
1,2.9,14,16,75,1,0.0465116279069767,0,0
1,3.0,6,15,43,1,0.0298507462686567,0,0
1,2.9,16,22,73,1,0.0354767184035476,0,0
1,2.5,9,10,53,2,0.0199556541019955,0,1
1,3.6,33,8,59,1,0.1096345514950166,0,0
1,3.5,14,17,39,1,0.0696517412935323,0,1
1,3.7,89,16,32,2,0.2956810631229236,0,0
1,3.6,75,18,53,1,0.373134328358209,0,0
1,3.7,29,8,30,2,0.0963455149501661,0,1
1,0.0,1,14,39,2,0.0049751243781094,0,0
1,0.0,1,17,78,1,0.0033222591362126,0,0
1,0.0,2,11,26,1,0.0198019801980198,0,0
1,0.0,2,12,64,1,0.0056980056980056,0,0
1,0.0,3,20,45,2,0.0149253731343283,0,0
1,0.0,1,18,87,2,0.0049751243781094,0,0
1,0.0,1,8,63,2,0.0028490028490028,0,0
1,0.0,1,22,20,2,0.0028490028490028,0,0
1,0.0,1,20,37,2,0.0028490028490028,0,0
1,0.0,3,20,63,2,0.0099667774086378,0,0
1,0.0,2,9,51,2,0.0044345898004434,0,1
2,2.2,19,6,82,1,0.0379241516966067,0,1
3,4.2,621,20,37,3,0.5170691090757702,0,0
1,3.1,7,20,40,1,0.0174563591022443,0,0
1,3.4,12,20,68,1,0.0597014925373134,0,0
1,3.0,6,15,42,2,0.017094017094017,0,0
1,3.1,5,22,52,2,0.0495049504950495,0,0
2,3.4,40,13,50,2,0.0798403193612774,0,0
1,3.2,13,11,39,1,0.0646766169154228,0,0
1,3.0,5,20,65,1,0.0331125827814569,0,0
1,3.0,5,20,51,1,0.0166112956810631,0,0
2,3.8,1585,10,87,2,2.6372712146422628,0,0
1,3.9,635,13,22,1,1.5835411471321696,0,0
1,3.5,12,24,65,1,0.0597014925373134,0,0
1,3.6,22,18,65,1,0.0730897009966777,0,0
1,3.8,75,13,52,1,0.7425742574257426,0,0
2,3.8,40,32,27,4,0.0570613409415121,0,0
1,0.0,0,8,49,1,0.0,0,0
1,0.0,3,18,59,2,0.0297029702970297,0,0
2,0.0,3,17,61,1,0.0049916805324459,0,0
1,0.0,2,10,40,1,0.0099502487562189,0,0
1,0.0,1,13,41,1,0.0099009900990099,0,0
1,0.0,2,12,41,2,0.0049875311720698,0,0
1,0.0,0,11,57,1,0.0,0,0
1,0.0,0,12,35,1,0.0,0,0
1,4.2,69,10,76,2,0.6831683168316832,0,0
1,4.0,115,25,64,1,0.572139303482587,0,0
2,4.0,4689,7,41,2,5.853932584269663,0,0
1,4.3,76,20,39,1,0.3781094527363184,0,0
2,3.3,86,12,64,4,0.1716566866267465,0,1
2,3.3,74,7,56,1,0.1136712749615975,0,1
2,3.4,49,15,20,1,0.08153078202995,0,1
2,3.2,84,10,32,2,0.1048689138576779,0,1
1,3.4,50,15,88,1,0.1108647450110864,0,0
2,2.7,91,16,35,2,0.151414309484193,0,0
2,3.3,23,17,62,2,0.0328102710413694,1,1
2,3.4,88,14,71,2,0.1255349500713266,0,0
1,3.0,70,18,45,2,0.1745635910224439,0,1
1,3.2,96,16,70,1,0.2394014962593516,0,1
2,2.5,85,11,50,5,0.1414309484193011,0,0
2,3.4,60,11,37,3,0.0855920114122681,0,1
2,2.7,82,14,37,2,0.1364392678868552,0,1
3,2.6,105,16,56,3,0.1048951048951049,1,1
2,2.5,162,10,48,4,0.2695507487520798,0,1
1,3.2,62,24,27,2,0.1766381766381766,0,0
1,3.4,66,13,50,2,0.1463414634146341,0,0
2,2.5,46,5,30,2,0.0656205420827389,0,0
2,3.4,198,14,32,3,0.282453637660485,0,1
2,3.1,69,6,69,4,0.1377245508982036,0,1
2,3.4,52,8,64,2,0.1037924151696606,0,1
2,3.0,182,19,29,1,0.302828618968386,0,1
3,3.3,85,15,53,2,0.0606709493219129,1,1
2,3.4,102,18,20,2,0.1273408239700374,0,1
1,3.4,69,15,52,4,0.1720698254364089,0,1
1,2.7,37,9,57,2,0.082039911308204,0,1
2,4.5,50,19,20,4,0.062421972534332,0,1
2,3.5,40,8,56,1,0.0665557404326123,0,0
3,3.8,128,17,49,2,0.1023181454836131,0,1
1,3.8,212,12,72,1,0.603988603988604,0,1
1,3.6,164,12,61,2,0.5448504983388704,0,0
1,3.6,70,16,31,1,0.1745635910224439,0,1
2,3.5,74,10,66,3,0.1055634807417974,0,1
1,3.5,33,5,32,2,0.0822942643391521,0,1
1,3.6,116,12,47,1,0.2892768079800499,0,0
2,3.5,62,3,40,2,0.12375249500998,0,1
2,3.6,179,10,38,2,0.3572854291417165,0,1
2,3.6,56,12,47,2,0.0798858773181169,0,1
2,3.5,131,18,47,2,0.2179700499168053,0,1
1,3.6,155,12,55,2,0.5149501661129569,0,1
3,3.5,100,9,29,3,0.0768639508070714,1,1
1,3.7,32,18,47,4,0.0798004987531172,0,1
2,3.5,87,5,34,3,0.1736526946107784,0,1
1,3.7,61,10,30,2,0.1352549889135255,1,1
1,1.9,66,7,28,2,0.2629482071713147,0,0
2,4.3,22,11,20,3,0.0313837375178316,0,1
1,2.8,15,20,65,2,0.0993377483443708,0,0
1,2.8,30,11,64,1,0.0996677740863787,0,1
1,3.1,7,10,37,1,0.0174563591022443,0,0
1,2.9,4,13,38,1,0.0159362549800796,0,0
1,3.2,45,10,62,2,0.112219451371571,0,1
1,3.0,16,9,45,1,0.0399002493765586,0,1
1,2.8,5,11,73,2,0.0110864745011086,0,1
2,2.7,7,16,77,3,0.0139720558882235,0,1
1,3.1,9,7,53,2,0.0224438902743142,0,0
1,3.1,15,16,72,3,0.0427350427350427,0,0
1,2.8,25,16,78,2,0.0554323725055432,0,0
1,3.2,10,12,45,2,0.0497512437810945,0,0
1,3.1,42,13,37,2,0.208955223880597,0,0
2,3.4,62,10,75,2,0.12375249500998,0,1
1,2.6,17,18,45,2,0.1683168316831683,0,0
1,2.9,7,19,49,2,0.0155210643015521,0,0
2,2.6,9,11,38,3,0.0179640718562874,0,1
2,3.3,140,8,53,3,0.232945091514143,0,0
2,2.6,15,14,39,2,0.0249584026622296,0,0
1,3.1,16,19,65,3,0.0796019900497512,0,0
2,3.1,21,13,54,1,0.0419161676646706,0,1
1,2.8,5,19,41,2,0.0124688279301745,0,0
2,3.2,24,15,40,1,0.0479041916167664,0,1
2,3.0,15,17,56,2,0.029940119760479,0,0
2,3.3,78,6,67,4,0.155688622754491,0,1
2,3.3,29,18,38,2,0.0445468509984639,0,1
1,2.9,5,15,60,1,0.0124688279301745,0,0
2,3.5,107,18,66,2,0.1187569367369589,0,1
2,3.9,55,10,26,2,0.0610432852386237,0,1
1,3.6,32,12,45,2,0.2119205298013245,0,0
2,3.5,32,22,43,2,0.0638722554890219,0,1
1,3.5,19,19,57,2,0.0473815461346633,0,0
2,0.0,3,15,43,1,0.0049916805324459,0,1
1,0.0,1,15,52,1,0.0028490028490028,0,0
1,0.0,2,13,61,1,0.0066445182724252,0,0
1,0.0,0,14,69,3,0.0,0,0
1,0.0,0,17,54,1,0.0,0,0
1,0.0,0,18,44,2,0.0,0,1
1,0.0,1,15,47,1,0.0039840637450199,0,0
1,0.0,0,17,40,1,0.0,0,0
1,0.0,0,25,43,1,0.0,0,0
1,0.0,0,24,45,1,0.0,0,0
1,0.0,0,21,29,1,0.0,0,0
2,0.0,0,19,45,1,0.0,0,0
1,0.0,0,25,59,1,0.0,0,0
2,0.0,1,13,54,2,0.0014265335235378,1,0
1,0.0,3,23,58,2,0.0099667774086378,0,0
1,0.0,0,29,73,1,0.0,0,0
1,0.0,0,21,46,2,0.0,0,0
1,0.0,2,15,78,3,0.0066445182724252,0,0
1,0.0,1,28,47,1,0.0028490028490028,0,1
1,0.0,0,15,45,1,0.0,0,0
1,0.0,0,11,19,1,0.0,0,0
1,0.0,0,11,63,3,0.0,0,0
2,2.3,126,10,72,2,0.1573033707865168,1,1
3,4.0,744,15,75,2,0.4647095565271705,0,0
1,4.1,352,22,71,1,1.7512437810945274,0,0
2,3.3,59,10,61,2,0.0981697171381031,0,0
2,3.3,81,28,42,1,0.1078561917443408,0,0
1,3.1,34,15,86,1,0.0753880266075388,0,0
2,3.4,31,12,50,1,0.0515806988352745,0,0
4,3.2,40,22,47,2,0.0199900049975012,1,0
2,3.2,40,18,38,3,0.0798403193612774,0,1
2,2.9,7,6,59,2,0.0127041742286751,0,0
3,3.4,116,9,22,3,0.1158841158841158,0,1
1,3.2,12,19,43,1,0.0794701986754966,0,0
1,3.0,5,17,47,1,0.0248756218905472,0,0
4,2.7,16,4,58,1,0.0053315561479506,0,0
1,3.2,85,8,86,2,0.2421652421652421,0,0
1,3.0,7,12,74,1,0.0174563591022443,0,0
2,3.1,6,11,85,3,0.0074906367041198,1,0
3,3.2,11,8,80,2,0.0099909173478655,1,0
4,4.9,408,14,24,1,0.0815836832633473,0,0
1,3.8,47,25,43,1,0.3112582781456953,0,0
3,3.9,450,9,33,2,0.3746877601998334,1,0
2,3.7,49,26,22,1,0.0699001426533523,0,0
2,3.7,223,33,36,4,0.3425499231950845,0,1
1,3.7,475,8,38,1,2.36318407960199,0,0
3,3.8,1347,8,22,2,0.7085744345081536,1,1
3,3.9,555,8,58,3,0.4621149042464613,1,0
4,3.9,299,22,22,4,0.1423131841980009,1,0
2,3.8,158,10,22,2,0.3153692614770459,0,1
3,3.9,291,13,36,2,0.2422980849292256,0,0
1,3.5,19,18,79,1,0.1258278145695364,0,0
3,3.6,1058,13,38,2,0.8457234212629896,1,0
2,3.9,303,16,22,3,0.3782771535580524,1,1
1,0.0,1,16,47,1,0.0039840637450199,0,0
1,0.0,0,11,45,1,0.0,0,0
1,0.0,0,19,48,3,0.0,0,0
3,0.0,3,13,38,2,0.0029970029970029,1,0
2,0.0,2,11,69,2,0.0039920159680638,0,0
1,0.0,3,8,47,2,0.0119521912350597,0,0
3,4.2,361,10,22,5,0.2327530625402966,1,0
3,4.2,162,13,36,4,0.1199111769059955,1,0
2,4.2,1869,15,22,1,3.730538922155689,0,1
4,4.1,501,15,50,3,0.2503748125937031,1,0
1,3.1,23,15,68,1,0.0509977827050997,0,0
1,3.3,33,12,44,1,0.1096345514950166,0,0
1,2.9,6,10,59,2,0.0199335548172757,0,0
1,3.0,15,10,41,2,0.0746268656716417,0,0
1,3.1,4,9,84,1,0.0099750623441396,0,0
3,2.6,49,10,53,3,0.0489510489510489,1,0
2,3.3,14,3,54,2,0.0174781523096129,1,0
2,2.8,22,15,70,1,0.0439121756487025,0,0
1,3.3,15,14,52,1,0.0993377483443708,0,0
2,2.8,26,16,50,2,0.0273396424815983,1,1
2,2.5,47,18,70,3,0.0586766541822721,0,1
3,3.2,8,7,73,5,0.0079920079920079,1,0
2,2.8,67,6,54,4,0.1337325349301397,0,1
3,3.3,19,6,40,1,0.0126582278481012,1,0
1,3.5,49,19,40,2,0.1086474501108647,0,0
3,3.8,92,11,64,4,0.0919080919080919,1,0
2,3.7,78,12,30,1,0.155688622754491,0,1
2,3.8,170,15,17,4,0.2828618968386023,0,1
2,3.8,80,13,55,1,0.1451905626134301,0,1
1,0.0,3,11,76,2,0.0149253731343283,0,0
2,2.4,76,11,85,3,0.1264559068219634,0,1
4,3.4,120,25,46,1,0.0342759211653813,1,0
4,3.5,202,32,46,3,0.0673108963678773,1,0
4,3.4,64,35,50,1,0.0255897640943622,1,0
4,3.2,24,33,50,1,0.007997334221926,1,0
2,3.3,17,41,50,1,0.0339321357285429,0,0
4,3.6,162,41,50,3,0.0539820059980006,1,0
4,3.5,79,34,50,2,0.0315873650539784,1,0
1,3.1,43,31,66,1,0.1072319201995012,0,1
3,2.8,142,11,69,2,0.1135091926458833,1,1
1,3.3,10,9,102,1,0.0249376558603491,0,0
2,3.2,23,24,67,2,0.025527192008879,1,1
1,4.5,665,17,90,1,4.403973509933775,0,1
1,3.2,15,20,77,1,0.0498338870431893,0,0
1,3.0,27,7,32,2,0.0769230769230769,0,0
1,2.7,13,22,65,2,0.086092715231788,0,0
1,3.4,53,6,39,2,0.1760797342192691,0,0
2,3.2,29,19,31,2,0.0578842315369261,0,0
1,3.5,14,9,56,1,0.0465116279069767,0,0
2,3.8,414,21,58,3,0.6888519134775375,0,1
1,0.0,1,22,31,1,0.0049751243781094,0,0
1,0.0,0,25,31,1,0.0,0,0
1,2.3,44,11,59,2,0.2913907284768212,0,0
1,3.1,35,19,56,2,0.0776053215077605,0,0
4,3.3,15,32,78,1,0.003332592757165,1,0
1,3.0,6,10,34,2,0.0199335548172757,0,0
1,3.1,9,23,54,2,0.0596026490066225,0,0
1,3.3,21,21,56,1,0.1390728476821192,0,0
1,3.1,9,14,69,2,0.044776119402985,0,0
2,3.0,4,12,47,1,0.0079840319361277,0,1
2,3.1,13,13,32,2,0.0185449358059914,0,0
2,3.1,21,14,42,2,0.0349417637271214,0,0
3,3.6,455,7,61,3,0.2933591231463572,1,0
2,3.5,367,30,68,3,0.5235378031383737,0,1
2,3.8,540,8,25,2,0.8985024958402662,0,1
1,0.0,1,22,59,2,0.0024937655860349,0,0
1,0.0,0,20,54,6,0.0,0,0
3,0.0,0,25,31,3,0.0,1,0
1,0.0,1,7,29,2,0.0024937655860349,0,0
1,0.0,0,11,56,1,0.0,0,0
1,0.0,2,20,86,2,0.0132450331125827,0,0
2,0.0,0,14,64,3,0.0,1,1
2,0.0,1,13,66,3,0.0014265335235378,0,0
1,0.0,0,17,34,1,0.0,0,0
3,4.4,1521,9,54,4,1.0133244503664225,0,0
1,4.2,729,18,44,4,2.4219269102990038,0,0
3,4.3,90,21,32,4,0.0599600266489007,1,0
3,3.2,17,14,46,2,0.0097087378640776,0,0
1,2.9,11,24,58,2,0.0438247011952191,0,0
1,2.6,38,34,37,4,0.1262458471760797,0,0
1,2.8,9,21,48,2,0.0891089108910891,0,0
1,2.7,16,26,70,4,0.0531561461794019,0,0
1,2.9,7,17,62,2,0.0463576158940397,0,0
1,3.4,41,12,41,1,0.2039800995024875,0,1
2,2.6,58,15,54,2,0.1052631578947368,0,1
1,2.9,4,24,38,2,0.0199004975124378,0,0
1,2.9,33,15,25,1,0.073170731707317,0,1
1,3.1,28,10,35,3,0.1393034825870646,0,1
1,3.1,100,12,44,1,0.4975124378109453,0,0
2,3.2,22,16,35,2,0.0399274047186932,0,0
2,3.0,4,6,80,2,0.0066555740432612,0,1
1,2.9,14,22,44,1,0.0349127182044887,0,0
1,2.5,13,9,49,1,0.0517928286852589,0,1
2,2.8,8,14,39,2,0.0133111480865224,0,0
1,3.2,17,5,50,2,0.0423940149625935,0,1
1,3.2,8,9,63,2,0.0398009950248756,0,0
1,3.2,26,16,43,3,0.074074074074074,0,0
2,3.3,85,16,65,3,0.1696606786427145,0,1
2,2.8,14,19,49,3,0.0279441117764471,0,0
1,3.4,25,11,51,2,0.099601593625498,0,0
1,3.2,10,9,44,1,0.0249376558603491,0,0
1,2.8,7,13,37,1,0.0278884462151394,0,0
1,2.9,10,27,68,1,0.0398406374501992,0,0
1,3.2,87,17,60,1,0.2478632478632478,0,0
1,3.2,57,7,39,1,0.14214463840399,0,1
1,2.6,24,41,43,2,0.0532150776053215,0,1
1,3.0,5,10,39,2,0.0124688279301745,0,0
1,3.1,9,29,31,1,0.0596026490066225,0,0
1,3.2,14,18,55,2,0.0557768924302788,0,0
2,3.4,20,15,68,3,0.0362976406533575,0,1
2,3.1,11,15,36,2,0.0219560878243512,0,0
1,3.2,12,19,62,2,0.0341880341880341,0,0
2,3.1,70,15,69,3,0.0873907615480649,0,1
1,3.3,55,14,18,1,0.2191235059760956,0,1
1,2.9,4,14,49,3,0.0199004975124378,0,0
1,3.0,10,18,64,3,0.0221729490022172,0,0
1,2.8,10,11,23,1,0.0662251655629139,0,0
1,3.0,8,21,39,2,0.0318725099601593,0,0
1,3.3,91,9,40,1,0.3625498007968127,0,0
2,3.3,67,20,66,2,0.0955777460770328,0,0
2,3.1,92,10,37,2,0.1669691470054446,0,0
1,2.7,6,13,40,2,0.017094017094017,0,1
1,2.6,24,12,43,1,0.0532150776053215,0,1
2,3.2,26,18,30,1,0.0399385560675883,0,0
2,3.3,17,13,40,1,0.0242510699001426,0,0
1,3.4,80,12,63,1,0.199501246882793,0,1
1,2.6,23,13,64,1,0.0655270655270655,0,1
2,2.7,52,6,29,2,0.0943738656987295,0,1
1,3.1,11,13,45,1,0.0365448504983388,0,0
2,3.6,30,15,18,1,0.0499168053244592,0,1
2,3.6,108,10,51,2,0.1348314606741573,1,0
2,3.6,22,11,35,4,0.0366056572379367,0,1
2,3.7,89,6,18,1,0.118508655126498,0,1
2,3.5,30,19,33,4,0.0374531835205992,0,0
2,3.6,36,9,82,6,0.059900166389351,0,1
1,3.5,80,7,54,2,0.199501246882793,0,1
1,3.8,71,10,49,4,0.3532338308457711,0,0
2,3.8,492,10,32,2,0.5460599334073252,0,1
1,3.6,94,13,41,1,0.6225165562913907,0,0
3,3.6,372,7,59,3,0.2859338970023059,1,1
2,3.8,495,9,35,1,0.9880239520958084,0,1
2,3.6,91,22,37,1,0.151414309484193,0,0
1,3.5,60,11,56,3,0.2390438247011952,0,0
2,3.5,23,10,42,2,0.027027027027027,0,1
1,0.0,3,9,37,2,0.0119521912350597,0,0
1,0.0,0,20,48,1,0.0,0,0
1,0.0,3,12,41,1,0.0149253731343283,0,0
1,2.4,11,13,77,1,0.0313390313390313,0,1
1,2.3,9,14,39,2,0.0224438902743142,0,1
1,2.3,19,16,64,2,0.0473815461346633,0,1
1,3.3,86,20,30,1,0.2857142857142857,0,0
1,2.5,56,20,57,2,0.2231075697211155,0,1
1,3.1,10,3,79,4,0.0249376558603491,0,0
1,3.3,82,15,59,1,0.1818181818181818,0,0
2,3.3,26,17,61,2,0.0399385560675883,0,0
1,3.4,75,16,37,1,0.2491694352159468,0,0
2,3.1,77,16,45,2,0.0961298377028714,0,0
1,3.4,38,17,44,3,0.0842572062084257,0,0
2,3.4,36,14,88,2,0.0513552068473609,0,0
3,2.9,4,16,75,4,0.0033305578684429,1,0
2,2.8,25,7,43,1,0.0499001996007984,0,0
1,3.4,41,5,61,2,0.1022443890274314,0,1
2,3.1,69,7,48,2,0.1252268602540834,0,0
2,3.2,69,7,57,3,0.1059907834101382,0,0
2,3.3,6,19,22,4,0.0074906367041198,0,0
1,3.3,49,9,64,2,0.3245033112582781,0,0
2,3.2,145,20,51,5,0.181023720349563,1,0
2,3.3,41,35,64,3,0.0629800307219662,0,1
1,2.9,15,20,52,1,0.0374064837905236,0,1
2,2.7,109,11,43,3,0.1813643926788685,0,1
1,2.7,41,37,27,1,0.1362126245847176,0,0
1,3.2,28,12,44,6,0.0698254364089775,0,0
2,3.4,21,14,97,2,0.0279627163781624,0,0
2,3.4,21,13,98,2,0.0262172284644194,0,0
1,3.3,53,17,51,2,0.1760797342192691,0,0
2,3.3,145,12,28,2,0.2631578947368421,0,1
2,3.1,24,17,79,1,0.0399334442595673,0,0
1,3.5,12,34,56,1,0.0597014925373134,0,0
1,3.9,55,6,37,1,0.3642384105960264,0,0
1,3.8,36,23,64,2,0.1196013289036544,0,0
1,3.6,108,11,59,2,0.4302788844621514,0,1
1,3.7,151,15,76,1,0.601593625498008,0,1
2,3.6,91,14,71,1,0.1651542649727767,0,0
2,3.7,393,21,75,3,0.6036866359447005,0,1
1,3.9,72,10,73,3,0.2868525896414343,0,0
1,3.8,167,7,64,2,0.4164588528678304,0,1
1,3.7,20,16,81,1,0.099502487562189,0,1
1,3.5,61,9,54,1,0.2430278884462151,0,0
1,3.8,83,17,47,3,0.4129353233830846,0,0
1,3.6,62,17,66,2,0.308457711442786,0,0
1,3.7,58,10,52,2,0.1926910299003322,0,1
1,3.7,116,11,69,2,1.1485148514851484,0,0
2,3.5,21,16,85,3,0.0349417637271214,1,0
2,3.5,133,12,45,2,0.2654690618762475,0,0
1,3.9,150,21,72,2,0.746268656716418,0,0
1,3.6,261,12,51,2,0.6508728179551122,0,0
1,3.7,131,18,44,1,2.5686274509803924,0,0
1,3.7,234,13,46,1,0.7774086378737541,0,0
2,3.5,85,13,47,3,0.1061173533083645,0,1
1,3.5,36,41,29,2,0.23841059602649,0,0
2,3.8,115,13,44,2,0.2295409181636726,0,1
2,3.5,143,6,75,4,0.2854291417165668,0,1
1,3.5,47,19,51,2,0.1172069825436409,0,0
2,3.8,41,19,42,4,0.0431125131440588,0,1
3,3.6,346,9,82,4,0.1820094687006838,1,0
1,3.9,223,20,56,1,1.47682119205298,0,0
1,3.5,97,9,63,1,0.3222591362126246,0,0
2,3.6,24,6,13,1,0.0479041916167664,0,1
1,3.6,25,12,78,1,0.0830564784053156,0,1
1,3.5,15,23,61,1,0.1485148514851485,0,1
1,0.0,0,20,75,1,0.0,0,0
2,0.0,0,13,75,2,0.0,0,0
1,0.0,0,23,62,1,0.0,0,0
2,4.2,300,18,40,4,0.4991680532445923,1,1
1,4.0,108,14,53,2,0.2693266832917705,0,0
2,3.1,59,15,70,1,0.0841654778887303,0,0
2,3.3,36,25,74,1,0.059900166389351,0,1
2,3.1,62,10,83,1,0.103161397670549,0,0
1,3.4,44,19,78,1,0.0975609756097561,0,1
1,4.1,187,17,45,1,1.851485148514852,0,0
1,3.2,11,12,70,2,0.0313390313390313,0,0
1,3.2,27,19,75,2,0.0598669623059867,0,1
1,3.4,33,16,58,3,0.094017094017094,0,0
1,3.4,32,11,54,3,0.1063122923588039,0,0
1,3.3,11,9,101,3,0.0547263681592039,0,0
2,3.3,87,12,73,3,0.1578947368421052,0,0
2,2.6,192,13,84,2,0.2256169212690952,1,1
3,3.4,232,7,76,3,0.2317682317682317,1,0
3,3.2,177,11,64,4,0.1360491929285165,0,1
3,3.2,286,6,60,3,0.1905396402398401,1,0
2,3.6,306,16,80,3,0.3820224719101123,1,1
3,3.5,63,11,44,4,0.0629370629370629,0,1
2,3.5,159,26,61,1,0.198501872659176,1,0
2,3.7,28,10,45,3,0.0349563046192259,1,0
1,3.5,40,10,57,2,0.0997506234413965,0,0
3,3.7,213,8,43,4,0.1330418488444722,1,1
3,3.7,160,29,64,3,0.1390095569070373,1,1
1,3.8,300,15,81,2,1.195219123505976,0,0
3,3.8,248,20,77,3,0.1906225980015372,0,0
1,3.6,109,16,80,1,0.4342629482071713,0,0
2,3.5,132,12,98,2,0.1757656458055925,1,0
1,4.0,95,7,108,3,0.3784860557768924,0,0
1,4.0,292,10,61,2,0.9700996677740864,0,1
2,2.8,39,19,44,5,0.0778443113772455,0,0
1,3.4,68,9,62,2,0.2709163346613545,0,0
1,2.9,92,22,70,1,0.4577114427860697,0,0
2,3.4,51,11,34,2,0.0636704119850187,1,0
3,3.2,142,15,54,4,0.1289736603088101,1,1
1,2.6,21,15,48,1,0.0465631929046563,0,0
1,2.5,71,12,54,3,0.1574279379157428,0,1
2,3.2,71,8,60,2,0.1181364392678868,0,1
2,3.4,122,11,74,2,0.2029950083194675,0,1
2,3.0,39,28,91,3,0.0556348074179743,0,0
2,3.4,43,14,56,2,0.0613409415121255,0,0
1,3.4,38,7,60,2,0.0947630922693266,0,1
1,2.7,39,5,66,2,0.0972568578553615,0,1
2,3.1,73,17,34,2,0.1041369472182596,0,1
1,2.9,10,22,61,2,0.0497512437810945,0,0
2,2.7,32,11,74,4,0.0638722554890219,0,1
1,2.9,36,15,59,1,0.23841059602649,0,0
1,3.3,36,11,51,4,0.0798226164079822,0,0
2,3.1,134,21,42,1,0.1784287616511318,1,1
1,3.3,55,18,40,1,0.1566951566951566,0,0
2,2.9,90,14,57,2,0.1497504159733777,0,0
2,3.2,60,8,61,1,0.1197604790419161,0,0
1,2.7,47,18,51,1,0.1172069825436409,0,0
1,3.4,43,10,44,1,0.1428571428571428,0,0
1,3.3,236,19,47,6,0.6723646723646723,0,0
3,2.6,31,9,65,3,0.028156221616712,1,1
2,2.5,38,12,65,3,0.0542082738944365,0,1
2,3.1,123,7,44,3,0.1535580524344569,1,0
1,2.8,9,10,56,1,0.0596026490066225,0,0
1,3.3,70,10,82,3,0.1994301994301994,0,0
2,3.4,114,6,44,2,0.2068965517241379,0,0
2,2.7,56,6,36,2,0.101633393829401,0,0
2,3.1,247,5,72,3,0.410981697171381,0,1
1,3.1,90,6,71,1,0.1995565410199556,0,1
2,2.7,84,15,51,3,0.0932297447280799,1,0
2,3.3,93,14,65,3,0.1428571428571428,0,1
2,3.4,44,10,35,3,0.0675883256528417,0,1
1,3.0,27,17,51,1,0.0673316708229426,0,0
2,2.7,68,19,55,3,0.0905459387483355,1,1
1,3.3,23,34,79,1,0.0573566084788029,0,1
3,3.2,30,10,60,5,0.0214132762312633,1,0
2,2.5,69,10,59,2,0.1377245508982036,0,1
1,2.6,41,9,68,2,0.1168091168091168,0,0
1,3.4,36,11,65,2,0.0897755610972568,0,1
1,3.6,179,19,44,3,0.4463840399002494,0,0
1,3.5,22,9,43,2,0.048780487804878,0,0
2,3.7,456,16,99,2,0.7004608294930875,0,1
2,3.6,43,19,55,3,0.0477247502774694,1,1
1,3.7,120,11,69,1,0.5970149253731343,0,1
2,3.8,230,19,69,3,0.3281027104136947,0,1
1,3.5,26,10,83,1,0.0863787375415282,0,1
2,3.5,27,12,75,2,0.0449251247920133,0,1
1,3.6,35,16,70,1,0.6862745098039216,0,0
2,3.6,76,24,59,1,0.1516966067864271,0,1
2,3.7,177,10,71,1,0.271889400921659,0,0
1,3.6,99,17,62,1,0.6556291390728477,0,0
1,3.7,136,15,60,1,0.5418326693227091,0,1
2,3.5,72,20,46,2,0.1198003327787021,0,1
2,3.5,88,10,50,2,0.1464226289517471,0,0
1,3.8,100,15,47,2,0.4975124378109453,0,0
2,3.6,118,6,34,4,0.2355289421157684,0,0
2,3.8,603,7,70,4,0.8601997146932953,0,1
1,3.5,149,10,40,1,0.4245014245014245,0,0
2,3.7,39,16,21,2,0.0556348074179743,0,1
1,3.5,109,8,63,1,0.3105413105413105,0,0
1,3.5,214,6,52,2,0.6096866096866097,0,1
1,3.5,64,6,80,2,0.1823361823361823,0,1
1,0.0,0,24,54,1,0.0,0,0
1,0.0,1,12,57,1,0.0028490028490028,0,0
1,0.0,0,12,62,1,0.0,0,0
1,0.0,0,16,37,1,0.0,0,0
1,2.3,32,15,57,1,0.0709534368070953,0,0
3,2.4,52,11,45,1,0.0519480519480519,1,0
2,4.0,841,13,61,3,1.6786427145708582,0,0
1,4.0,74,13,60,1,0.3681592039800995,0,0
3,4.3,142,15,68,5,0.1351094196003806,1,0
4,4.5,524,7,38,2,0.2618690654672663,0,0
2,3.3,132,10,47,2,0.2634730538922156,0,0
3,3.1,18,12,22,2,0.0179820179820179,0,1
1,3.3,29,15,28,2,0.0963455149501661,0,0
2,2.5,120,7,45,6,0.184331797235023,0,1
1,3.2,242,20,71,1,1.6026490066225163,0,0
2,3.3,89,25,28,2,0.1111111111111111,0,0
3,4.5,4986,9,28,4,3.321785476349101,0,0
3,4.6,1569,9,26,4,1.045303131245836,0,0
3,3.8,863,10,39,3,0.7185678601165695,1,1
2,3.9,157,14,27,1,0.2612312811980033,0,0
4,3.6,1428,12,29,5,0.7136431784107946,1,0
4,3.6,300,16,54,5,0.119952019192323,1,1
3,3.6,574,11,48,3,0.5734265734265734,0,0
3,3.7,243,10,28,1,0.2427572427572427,0,0
2,3.8,391,7,28,3,0.557774607703281,0,1
2,3.6,29,24,45,3,0.0362047440699126,0,0
3,3.7,395,18,42,3,0.2322163433274544,1,0
2,3.7,2860,11,55,2,4.393241167434716,0,0
3,3.6,505,9,52,1,0.2968841857730747,1,1
3,3.9,454,6,28,2,0.3240542469664525,0,1
4,3.8,203,11,36,3,0.1014492753623188,1,0
1,3.7,79,32,46,1,0.1970074812967581,0,0
3,3.9,287,8,39,6,0.2389675270607826,0,0
4,3.8,199,13,29,1,0.0947168015230842,0,0
1,3.5,17,13,50,1,0.0376940133037694,0,0
4,3.9,372,8,26,5,0.1859070464767616,1,1
2,3.7,188,6,27,4,0.3752495009980039,0,1
2,3.6,34,18,42,3,0.0424469413233458,0,0
3,3.7,774,18,39,4,0.455026455026455,1,0
2,3.8,256,26,39,1,0.3651925820256776,0,0
4,3.8,1186,9,70,4,0.4742103158736505,0,0
4,3.8,669,18,31,4,0.3343328335832084,0,1
1,0.0,2,15,44,1,0.0044345898004434,0,0
3,4.2,113,11,26,3,0.0664315108759553,1,0
1,4.0,518,7,27,3,1.2917705735660847,0,1
3,4.1,1330,8,50,3,0.8307307932542161,1,1
3,4.0,1203,14,25,7,0.7756286266924565,1,0
4,4.0,79,8,26,2,0.0394802598700649,1,0
4,4.2,551,23,37,2,0.2753623188405797,0,0
3,4.0,1093,16,37,3,0.6620230163537251,1,0
4,4.2,578,22,37,2,0.2751070918610185,1,1
3,4.2,1914,20,26,2,1.471176018447348,0,0
2,4.0,220,16,33,2,0.3660565723793677,0,0
2,4.4,912,20,35,2,1.3009985734664764,0,0
3,4.2,436,17,43,3,0.2420877290394225,1,0
3,3.1,10,12,28,2,0.0090826521344232,1,0
1,3.1,12,23,61,1,0.047808764940239,0,0
1,3.3,13,13,50,5,0.0288248337028824,0,1
2,3.0,11,18,66,2,0.0156918687589158,1,1
1,3.2,19,3,43,3,0.0473815461346633,0,0
1,3.3,73,24,27,3,0.1618625277161862,0,0
1,3.2,23,15,51,1,0.0509977827050997,0,0
1,3.2,11,11,70,1,0.0728476821192053,0,0
2,3.1,10,21,43,2,0.0199600798403193,0,0
2,2.6,49,14,48,2,0.0889292196007259,0,0
3,2.8,15,17,44,3,0.0124895920066611,1,0
1,3.2,100,13,63,2,0.4975124378109453,0,0
3,2.7,63,6,46,4,0.0572207084468664,1,0
2,2.7,45,8,44,3,0.0561797752808988,1,1
2,3.0,4,23,43,2,0.0053262316910785,0,0
2,3.3,57,14,57,2,0.0813124108416547,0,0
2,3.3,12,20,108,2,0.0184331797235023,0,0
1,3.3,35,19,54,2,0.0872817955112219,0,1
1,3.0,6,13,60,1,0.017094017094017,0,1
2,3.4,143,10,69,3,0.2039942938659058,0,0
1,2.7,23,16,62,3,0.0655270655270655,0,0
2,2.7,41,12,42,3,0.0744101633393829,0,1
1,3.2,29,21,56,1,0.0963455149501661,0,1
2,3.3,13,10,80,2,0.0259481037924151,0,0
1,3.2,16,13,35,2,0.0455840455840455,0,0
2,3.2,31,20,42,2,0.0515806988352745,0,0
2,2.7,46,14,45,3,0.0834845735027223,0,1
1,3.1,9,18,64,2,0.0299003322259136,0,0
1,2.8,23,28,63,3,0.0764119601328903,0,0
1,3.1,7,23,56,2,0.0174563591022443,0,0
1,2.7,15,16,55,1,0.0332594235033259,0,0
1,3.2,9,17,69,1,0.0199556541019955,0,0
2,2.6,67,18,44,3,0.0836454431960049,0,1
1,3.3,17,20,63,3,0.0423940149625935,0,0
2,2.8,4,13,72,3,0.0066555740432612,0,0
3,3.2,74,15,89,3,0.0616153205661948,1,1
2,3.0,5,19,63,2,0.0083194675540765,0,0
1,2.8,8,19,75,1,0.1568627450980392,0,0
2,3.2,50,17,28,2,0.062421972534332,1,0
1,2.9,16,14,56,2,0.0531561461794019,0,0
2,3.0,20,21,65,1,0.0332778702163061,0,0
4,3.2,14,8,89,2,0.0055977608956417,1,0
3,3.4,74,10,71,3,0.067211625794732,1,0
2,3.1,20,6,120,2,0.0362976406533575,0,0
3,3.5,133,14,57,4,0.1107410491257285,1,1
2,3.5,98,12,47,3,0.1505376344086021,0,0
1,3.6,26,7,49,1,0.1035856573705179,0,0
2,3.7,68,9,39,1,0.1357285429141716,0,0
3,3.6,283,12,55,2,0.2827172827172827,1,0
3,3.5,21,14,37,4,0.0174854288093255,1,0
1,3.5,23,18,65,1,0.152317880794702,0,0
2,3.6,55,9,87,2,0.0915141430948419,0,1
2,3.5,102,14,53,2,0.1358189081225033,0,1
2,2.4,20,24,82,2,0.0399201596806387,0,0
1,2.1,54,10,80,1,0.1538461538461538,0,0
2,2.4,39,9,67,1,0.048689138576779,0,1
1,2.9,6,16,68,1,0.0298507462686567,0,0
1,3.0,15,11,45,1,0.0597609561752988,0,0
1,2.9,7,14,39,3,0.0348258706467661,0,0
1,2.9,16,10,84,2,0.0531561461794019,0,0
1,3.0,6,8,93,1,0.0199335548172757,0,0
1,2.9,9,24,45,1,0.0224438902743142,0,0
1,2.9,5,16,31,1,0.0142450142450142,0,0
1,2.9,4,12,66,1,0.0264900662251655,0,0
2,2.5,50,11,68,2,0.0998003992015968,0,1
1,3.1,12,34,58,1,0.1188118811881188,0,0
2,3.2,79,7,44,3,0.1576846307385229,0,0
1,3.3,20,18,70,2,0.1324503311258278,0,0
2,3.2,52,11,80,3,0.0798771121351766,0,1
2,3.3,26,17,32,3,0.0518962075848303,0,1
1,3.2,11,11,55,5,0.0313390313390313,0,0
2,2.9,13,14,75,2,0.0185449358059914,0,0
2,3.1,75,14,49,2,0.1069900142653352,0,0
1,3.3,26,15,74,2,0.1721854304635761,0,0
2,2.9,10,10,47,2,0.014265335235378,0,0
1,3.2,6,10,38,2,0.0199335548172757,0,0
2,3.3,12,5,32,2,0.0239520958083832,0,0
1,3.1,22,12,32,1,0.0626780626780626,0,1
1,3.2,30,10,69,1,0.0748129675810473,0,0
1,3.3,12,17,44,1,0.1188118811881188,0,0
1,2.6,15,16,53,1,0.0374064837905236,0,0
1,3.2,10,13,58,1,0.0332225913621262,0,0
1,3.0,11,12,44,2,0.027431421446384,0,0
1,3.0,16,12,46,3,0.0399002493765586,0,0
1,3.4,15,13,42,1,0.1485148514851485,0,0
2,3.1,8,10,45,1,0.0133111480865224,0,0
1,2.7,18,30,73,1,0.0399113082039911,0,0
1,3.1,10,19,52,2,0.0249376558603491,0,0
1,3.3,20,16,39,1,0.198019801980198,0,0
2,3.3,16,8,71,2,0.029038112522686,0,0
2,3.4,39,23,64,1,0.0778443113772455,0,0
2,2.9,66,13,50,3,0.0823970037453183,0,1
1,3.1,7,7,59,1,0.0278884462151394,0,0
2,3.1,54,20,41,2,0.1077844311377245,0,1
2,3.1,44,12,37,3,0.0878243512974051,0,0
2,3.1,15,14,55,2,0.0249584026622296,0,0
2,2.9,14,30,31,2,0.0174781523096129,1,0
1,3.0,4,15,54,3,0.0113960113960113,0,0
1,3.1,13,12,83,2,0.0646766169154228,0,0
1,3.2,31,7,62,4,0.1029900332225913,0,0
2,3.6,22,11,38,2,0.0399274047186932,0,0
1,3.5,21,10,57,2,0.0465631929046563,0,0
1,0.0,2,9,72,2,0.0066445182724252,0,0
1,0.0,1,23,44,1,0.0049751243781094,0,0
2,0.0,0,12,44,1,0.0,0,0
1,0.0,0,19,40,3,0.0,0,0
1,0.0,0,19,41,1,0.0,0,0
1,0.0,0,13,41,1,0.0,0,0
1,0.0,0,15,30,1,0.0,0,0
1,0.0,0,10,46,2,0.0,0,0
2,0.0,2,20,30,1,0.0039920159680638,0,0
1,0.0,3,11,37,4,0.0085470085470085,0,0
1,0.0,2,11,45,2,0.0049875311720698,0,1
1,0.0,0,14,62,1,0.0,0,0
1,0.0,1,20,43,2,0.0039840637450199,0,0
1,0.0,0,18,85,1,0.0,0,0
1,0.0,2,16,32,2,0.0056980056980056,0,0
1,0.0,2,14,39,1,0.0066445182724252,0,0
2,0.0,0,8,39,1,0.0,0,0
1,0.0,0,12,63,1,0.0,0,0
1,0.0,1,18,52,1,0.0028490028490028,0,0
1,0.0,2,12,64,1,0.0044345898004434,0,0
1,0.0,0,15,82,2,0.0,0,0
1,0.0,0,16,44,2,0.0,0,0
1,0.0,0,19,31,2,0.0,0,0
1,0.0,1,17,43,1,0.0049751243781094,0,0
1,0.0,0,13,39,1,0.0,0,0
1,0.0,1,20,31,1,0.0039840637450199,0,0
1,0.0,0,11,31,1,0.0,0,0
1,0.0,3,14,32,1,0.0119521912350597,0,0
1,0.0,0,16,45,2,0.0,0,0
1,0.0,3,15,31,1,0.0074812967581047,0,0
1,3.1,10,8,46,2,0.0249376558603491,0,1
4,3.5,218,8,40,3,0.0990458882326215,1,0
1,0.0,1,23,27,1,0.0033222591362126,0,0
3,0.0,1,20,39,2,0.0006662225183211,1,0
2,0.0,0,12,28,1,0.0,0,0
1,0.0,1,13,41,2,0.0033222591362126,0,0
1,0.0,0,9,39,1,0.0,0,0
1,0.0,1,26,28,2,0.0049751243781094,0,0
1,0.0,1,19,40,1,0.0033222591362126,0,0
1,3.4,44,15,53,1,0.1752988047808765,0,0
2,3.0,7,14,48,2,0.0139720558882235,0,0
1,3.1,4,34,39,1,0.0396039603960396,0,0
1,2.7,4,24,49,2,0.0159362549800796,0,1
1,2.8,8,14,73,4,0.0318725099601593,0,0
1,2.7,7,6,62,2,0.0174563591022443,0,1
1,3.2,56,11,32,2,0.1241685144124168,0,1
1,3.3,6,8,38,1,0.0397350993377483,0,1
2,3.0,4,14,51,2,0.0066555740432612,0,0
1,2.6,10,13,45,1,0.099009900990099,0,1
2,3.3,40,19,45,2,0.072595281306715,0,0
2,3.4,49,18,31,3,0.0699001426533523,0,1
1,3.0,4,12,61,2,0.0396039603960396,0,0
1,2.7,9,18,48,2,0.0224438902743142,0,0
1,2.6,102,20,31,3,0.2261640798226164,0,1
1,3.8,183,8,44,2,0.9104477611940298,0,0
2,3.7,270,11,32,3,0.4147465437788018,0,1
2,3.6,75,8,63,1,0.124792013311148,0,1
2,3.5,116,16,31,2,0.1448189762796504,1,1
1,0.0,0,8,50,1,0.0,0,0
1,0.0,3,10,45,3,0.0119521912350597,0,1
1,0.0,3,9,49,1,0.0099667774086378,0,0
1,0.0,2,19,49,2,0.0079681274900398,0,0
1,0.0,1,12,66,1,0.0033222591362126,0,0
1,0.0,2,11,32,2,0.0066445182724252,0,1
1,0.0,0,21,44,2,0.0,0,0
2,0.0,2,3,32,2,0.0033277870216306,0,0
1,0.0,0,13,32,1,0.0,0,1
1,0.0,0,13,55,1,0.0,0,0
1,0.0,0,21,55,1,0.0,0,0
1,0.0,1,7,49,1,0.0099009900990099,0,0
1,0.0,3,12,40,2,0.0149253731343283,0,1
1,0.0,1,19,32,2,0.0028490028490028,0,1
1,0.0,0,11,50,1,0.0,0,1
1,0.0,1,16,71,1,0.0039840637450199,0,0
2,0.0,0,11,32,2,0.0,0,0
1,0.0,2,13,55,2,0.0132450331125827,0,0
1,0.0,0,14,50,1,0.0,0,0
1,0.0,3,21,31,1,0.0149253731343283,0,1
1,0.0,0,14,45,1,0.0,0,0
1,0.0,0,14,32,1,0.0,0,1
2,0.0,0,18,34,1,0.0,0,0
1,3.4,22,21,49,4,0.0730897009966777,0,1
2,3.0,32,15,25,1,0.0532445923460898,0,1
3,3.1,8,13,25,2,0.0079920079920079,1,1
2,3.4,45,11,36,2,0.0898203592814371,0,1
2,2.5,47,14,54,2,0.0670470756062767,0,0
2,3.4,59,25,48,2,0.0906298003072196,0,1
2,2.9,39,11,47,1,0.0707803992740471,0,1
2,2.9,31,11,44,2,0.0476190476190476,0,1
2,2.8,54,18,31,3,0.0674157303370786,0,1
1,3.3,40,13,31,2,0.1593625498007968,0,0
2,2.6,50,15,49,3,0.0998003992015968,0,0
2,3.1,18,8,57,2,0.0299500831946755,0,0
2,3.1,33,13,33,5,0.0658682634730539,0,0
1,3.0,41,26,70,4,0.1362126245847176,0,1
1,3.5,70,14,32,1,0.3482587064676617,0,0
2,3.7,269,11,63,8,0.4882032667876588,0,1
2,3.8,472,10,40,7,0.7853577371048253,0,0
2,3.8,21,11,32,1,0.0419161676646706,0,1
3,3.7,57,13,45,2,0.0569430569430569,0,1
2,3.8,63,17,48,3,0.1143375680580762,0,0
2,3.5,54,21,45,1,0.0980036297640653,0,0
3,0.0,2,27,42,5,0.0019980019980019,1,0
2,3.5,515,13,50,2,1.0279441117764472,0,0
1,4.1,577,18,64,2,3.8211920529801326,0,0
1,3.4,32,13,47,1,0.1063122923588039,0,0
1,3.2,23,11,47,3,0.0764119601328903,0,0
2,3.3,23,15,65,2,0.038269550748752,0,0
2,3.3,12,15,59,1,0.0239520958083832,0,0
2,3.1,20,20,49,2,0.0362976406533575,0,0
1,3.3,7,13,56,2,0.0348258706467661,0,0
1,3.2,11,22,63,4,0.024390243902439,0,0
1,2.8,13,17,63,3,0.0288248337028824,0,1
1,0.0,0,6,62,1,0.0,0,0
1,0.0,0,12,65,2,0.0,0,0
1,0.0,0,14,65,2,0.0,0,0
1,0.0,0,17,70,2,0.0,0,0
2,0.0,0,26,66,2,0.0,0,0
1,0.0,0,8,38,2,0.0,0,0
1,4.2,762,10,84,2,1.9002493765586037,0,0
1,2.8,8,7,28,2,0.0318725099601593,0,0
1,2.6,5,20,65,2,0.0124688279301745,0,1
1,3.3,13,11,66,3,0.0517928286852589,0,0
1,3.1,24,10,40,1,0.0598503740648379,0,0
2,3.1,18,10,42,1,0.0359281437125748,0,1
1,2.9,13,6,41,1,0.037037037037037,0,0
2,2.8,14,9,43,3,0.0279441117764471,0,0
1,3.0,74,16,41,1,0.2948207171314741,0,0
1,2.7,18,15,62,1,0.0399113082039911,0,0
1,2.8,14,15,77,1,0.0310421286031042,0,0
1,3.0,7,8,68,2,0.0348258706467661,0,0
1,3.2,15,11,66,2,0.0746268656716417,0,0
1,2.8,9,47,66,1,0.044776119402985,0,0
1,3.1,8,29,39,1,0.0792079207920792,0,0
1,3.0,11,20,51,1,0.0728476821192053,0,0
1,3.4,17,22,39,3,0.0677290836653386,0,1
1,2.9,11,10,44,1,0.0438247011952191,0,0
2,2.6,46,14,68,2,0.0656205420827389,0,0
2,2.6,10,6,81,2,0.016638935108153,0,1
1,3.2,4,9,41,1,0.0159362549800796,0,1
1,3.4,188,14,77,2,0.9353233830845772,0,1
1,3.0,9,19,71,1,0.044776119402985,0,0
2,2.6,8,7,76,2,0.0159680638722554,0,1
1,3.1,7,14,43,2,0.0174563591022443,0,0
2,2.7,64,15,60,2,0.1277445109780439,0,1
1,3.3,61,6,41,2,0.1521197007481296,0,0
1,3.0,13,19,44,1,0.0431893687707641,0,0
2,2.9,7,33,38,2,0.0116472545757071,0,0
2,3.4,31,32,71,2,0.0344062153163152,0,1
1,3.0,8,19,63,2,0.0265780730897009,0,1
1,2.8,8,15,40,2,0.0398009950248756,0,0
2,2.9,17,15,22,2,0.0339321357285429,0,1
1,2.8,34,8,65,2,0.084788029925187,0,0
1,3.3,29,19,39,1,0.0963455149501661,0,0
1,3.1,21,13,74,1,0.0598290598290598,0,0
1,2.8,7,6,84,2,0.0348258706467661,0,1
2,2.7,25,10,43,1,0.0499001996007984,0,0
1,3.4,31,25,62,1,0.1029900332225913,0,0
1,3.0,10,15,45,2,0.0284900284900284,0,0
1,3.2,23,15,53,2,0.0764119601328903,0,1
1,3.1,7,19,50,1,0.0199430199430199,0,0
1,3.1,13,17,49,1,0.0517928286852589,0,0
1,3.1,10,13,57,2,0.0398406374501992,0,0
2,3.5,22,15,22,1,0.0366056572379367,0,1
2,3.5,66,11,41,2,0.1317365269461078,0,1
1,3.8,70,14,60,1,0.3482587064676617,0,0
2,3.8,270,10,61,2,0.4492512479201331,0,1
2,3.7,40,15,28,2,0.0499375780274656,0,1
2,3.5,54,18,55,2,0.1077844311377245,0,0
2,0.0,3,26,70,2,0.0059880239520958,0,0
1,0.0,0,22,61,1,0.0,0,0
1,0.0,0,9,62,1,0.0,0,0
1,0.0,0,32,79,3,0.0,0,0
1,0.0,0,24,55,2,0.0,0,0
2,2.4,41,18,91,3,0.0511860174781523,0,1
1,2.1,121,14,41,6,0.3017456359102244,0,1
2,2.2,120,10,59,2,0.2395209580838323,0,1
2,4.1,675,15,76,4,0.8426966292134831,0,1
4,3.3,20,25,46,1,0.0099950024987506,0,0
4,3.5,114,26,46,1,0.0227954409118176,1,0
4,3.9,90,23,46,1,0.0449775112443778,0,0
4,3.5,39,18,46,1,0.0129956681106297,1,0
4,3.8,273,21,46,1,0.0606531881804043,1,0
4,4.0,189,28,46,4,0.0419906687402799,1,0
3,3.5,26,28,85,1,0.0259740259740259,1,0
2,2.5,66,7,76,2,0.1098169717138103,0,0
2,3.1,15,11,54,3,0.0230414746543778,0,0
2,3.1,81,10,64,2,0.1244239631336405,0,0
1,3.3,205,3,67,4,0.5112219451371571,0,0
3,3.1,54,13,71,2,0.0539460539460539,1,0
2,2.5,81,14,81,2,0.115549215406562,0,0
2,3.2,67,14,64,3,0.1029185867895545,0,1
1,2.9,8,7,48,2,0.0529801324503311,0,0
3,2.6,72,16,65,3,0.0719280719280719,1,1
1,3.4,51,9,67,3,0.2031872509960159,0,0
2,3.2,75,12,69,3,0.1069900142653352,0,1
1,2.7,27,9,68,1,0.1075697211155378,0,0
1,3.2,15,26,77,2,0.0746268656716417,0,0
1,2.6,32,19,49,4,0.0798004987531172,0,0
3,3.0,7,7,40,1,0.0046635576282478,1,0
1,2.9,49,5,42,3,0.1086474501108647,0,0
1,3.1,12,24,46,1,0.0299251870324189,0,0
2,2.6,26,27,47,3,0.0518962075848303,0,0
1,3.3,25,6,45,2,0.099601593625498,0,0
1,2.9,12,16,42,3,0.0341880341880341,0,0
2,2.5,55,11,45,3,0.0646298472385428,1,0
3,3.2,18,4,40,2,0.0179820179820179,1,0
2,3.4,98,21,47,4,0.1398002853067047,0,1
1,3.1,8,13,69,1,0.0398009950248756,0,0
1,2.9,6,16,44,2,0.017094017094017,0,0
1,2.7,10,19,46,2,0.0249376558603491,0,0
2,3.3,171,14,53,3,0.2439372325249643,1,1
2,3.2,66,6,47,4,0.1317365269461078,0,1
2,3.1,11,26,48,1,0.0183028286189683,0,0
4,3.1,10,15,40,2,0.0045433893684688,1,0
1,3.6,26,5,52,1,0.0863787375415282,0,0
2,3.5,14,7,47,3,0.0279441117764471,0,0
1,3.8,330,30,41,2,0.8229426433915212,0,1
3,3.8,25,10,56,7,0.0249750249750249,0,1
4,3.7,393,16,46,4,0.1964017991004497,1,1
1,3.9,200,6,47,3,0.6644518272425249,0,1
3,3.5,148,11,46,2,0.0821765685730149,1,1
2,3.8,202,15,47,3,0.3361064891846921,0,0
1,3.6,58,14,58,2,0.1926910299003322,0,0
3,0.0,2,22,47,1,0.0019980019980019,1,0
1,2.3,52,15,42,1,0.1152993348115299,0,0
4,4.1,665,5,40,2,0.2292312995518786,1,0
4,4.1,278,19,40,1,0.1323179438362684,1,0
3,4.1,3495,22,45,2,3.4915084915084917,0,0
2,2.8,8,19,74,3,0.0159680638722554,0,0
1,3.0,63,11,54,1,0.1396895787139689,0,0
1,3.3,13,19,43,1,0.0324189526184538,0,0
2,2.7,19,12,43,2,0.0379241516966067,0,0
2,3.1,55,20,40,2,0.0784593437945791,0,0
2,3.1,53,10,43,1,0.0961887477313974,0,0
1,2.9,13,15,52,1,0.0431893687707641,0,0
1,2.9,7,11,49,1,0.0463576158940397,0,0
2,3.2,19,10,43,2,0.0379241516966067,0,0
4,3.7,131,11,49,2,0.0654672663668165,1,0
1,3.6,25,17,43,3,0.1243781094527363,0,0
3,3.8,194,7,62,2,0.1938061938061938,1,0
1,3.7,162,13,64,1,0.3592017738359201,0,0
1,0.0,1,13,46,1,0.0024937655860349,0,0
1,0.0,2,14,40,1,0.0079681274900398,0,0
1,0.0,0,15,62,1,0.0,0,0
1,0.0,0,18,59,1,0.0,0,0
1,0.0,2,19,44,2,0.0066445182724252,0,0
4,4.2,2549,28,58,3,0.98000768935025,1,1
1,2.7,11,28,49,5,0.027431421446384,0,0
1,2.9,5,14,69,1,0.0248756218905472,0,0
3,2.9,7,18,57,3,0.0069930069930069,1,0
1,2.7,14,14,59,1,0.0696517412935323,0,0
2,2.9,6,7,45,5,0.0099833610648918,0,0
2,3.0,5,16,57,2,0.0090744101633393,0,0
1,3.2,17,13,87,1,0.0564784053156146,0,0
2,2.5,6,15,43,2,0.0099833610648918,0,1
2,3.1,16,28,67,1,0.0266222961730449,0,0
1,3.1,12,24,72,1,0.0299251870324189,0,0
2,2.9,11,12,64,3,0.0183028286189683,0,0
2,3.1,6,10,63,3,0.0085592011412268,0,0
2,2.8,17,21,55,2,0.0178759200841219,1,0
2,3.0,22,16,52,3,0.0274656679151061,1,0
2,3.0,5,7,82,4,0.0090744101633393,0,0
2,3.1,8,6,48,3,0.0159680638722554,0,0
2,2.8,10,9,76,5,0.0110987791342952,1,0
2,2.9,15,9,73,3,0.029940119760479,0,0
2,2.9,6,15,61,2,0.0066592674805771,1,0
1,2.8,5,18,73,3,0.0166112956810631,0,0
2,2.9,5,12,37,2,0.0090744101633393,0,0
3,3.1,16,6,45,4,0.0159840159840159,1,0
1,2.9,5,30,45,1,0.0248756218905472,0,0
1,2.9,6,10,99,2,0.0133037694013303,0,0
2,3.9,23,8,49,4,0.0328102710413694,0,0
1,0.0,0,24,46,2,0.0,0,0
2,0.0,0,23,55,1,0.0,0,0
1,0.0,0,8,26,1,0.0,0,0
1,0.0,1,10,47,1,0.0066225165562913,0,0
1,0.0,1,11,40,2,0.0049751243781094,0,0
1,0.0,0,12,47,2,0.0,0,0
2,0.0,0,10,62,2,0.0,0,1
1,0.0,0,29,48,1,0.0,0,0
3,0.0,0,11,75,3,0.0,0,0
2,0.0,0,26,87,3,0.0,0,0
1,0.0,0,43,68,1,0.0,0,0
1,0.0,0,23,46,3,0.0,0,0
1,0.0,2,18,27,1,0.0066445182724252,0,0
2,0.0,0,17,53,3,0.0,0,0
2,0.0,2,25,96,3,0.0033277870216306,0,0
1,0.0,1,20,84,2,0.0033222591362126,0,0
1,0.0,0,15,57,2,0.0,0,0
1,0.0,0,13,85,1,0.0,0,0
1,0.0,0,13,41,1,0.0,0,0
1,0.0,0,21,29,1,0.0,0,0
1,0.0,3,15,67,1,0.0074812967581047,0,0
1,0.0,3,15,64,1,0.0066518847006651,0,0
1,0.0,0,21,40,1,0.0,0,0
1,0.0,0,18,45,3,0.0,0,0
2,0.0,1,17,60,2,0.0019960079840319,0,0
1,0.0,2,8,58,1,0.0079681274900398,0,0
2,0.0,0,14,42,2,0.0,0,0
1,0.0,0,17,51,1,0.0,0,0
1,0.0,0,20,70,1,0.0,0,0
1,0.0,2,25,67,2,0.0132450331125827,0,0
2,0.0,1,6,74,3,0.0019960079840319,0,0
1,0.0,2,12,54,2,0.0079681274900398,0,0
1,0.0,1,16,48,2,0.0022172949002217,0,0
2,0.0,1,5,45,1,0.0019960079840319,0,0
1,0.0,2,11,61,1,0.0044345898004434,0,0
1,0.0,1,27,39,1,0.0033222591362126,0,0
1,0.0,1,20,27,1,0.0033222591362126,0,0
1,0.0,2,16,46,2,0.0079681274900398,0,0
1,0.0,0,19,44,1,0.0,0,0
1,0.0,0,12,66,1,0.0,0,0
3,0.0,0,14,53,3,0.0,1,0
1,0.0,0,23,36,1,0.0,0,0
1,0.0,0,16,57,1,0.0,0,0
1,0.0,1,12,53,2,0.0066225165562913,0,0
4,2.7,17,31,55,1,0.008495752123938,1,0
4,3.4,39,31,55,2,0.0121836925960637,1,0
4,3.3,57,34,55,2,0.0189936687770743,1,0
2,3.0,8,16,34,2,0.0159680638722554,0,0
2,3.2,13,9,70,1,0.0259481037924151,0,0
1,3.1,7,8,38,2,0.0155210643015521,0,0
1,3.1,8,24,60,2,0.0177383592017738,0,0
1,0.0,0,14,62,2,0.0,0,0
1,0.0,1,15,50,1,0.0024937655860349,0,0
1,0.0,0,22,65,3,0.0,0,0
2,0.0,0,7,41,2,0.0,0,0
1,0.0,3,17,65,2,0.0074812967581047,0,0
2,0.0,0,7,39,1,0.0,0,0
2,0.0,0,9,57,3,0.0,0,0
1,0.0,0,14,55,1,0.0,0,0
1,0.0,0,9,34,1,0.0,0,0
1,0.0,0,23,53,3,0.0,0,0
1,0.0,0,15,60,1,0.0,0,0
1,0.0,0,25,63,2,0.0,0,0
1,0.0,0,17,38,1,0.0,0,0
1,0.0,0,12,60,2,0.0,0,0
2,0.0,1,22,70,2,0.0016638935108153,0,0
1,0.0,0,10,44,3,0.0,0,0
1,0.0,0,19,61,2,0.0,0,0
1,0.0,3,18,39,1,0.0066518847006651,0,0
2,0.0,0,23,60,2,0.0,0,0
1,0.0,0,16,50,2,0.0,0,0
2,0.0,1,18,54,3,0.0016638935108153,0,0
2,3.2,93,7,64,2,0.1326676176890157,0,1
1,3.3,78,12,46,2,0.1945137157107231,0,0
1,3.1,7,9,82,2,0.0155210643015521,0,0
1,2.5,52,15,40,1,0.1152993348115299,0,0
3,3.3,191,15,75,5,0.1231463571889103,1,1
2,3.4,75,13,45,2,0.1497005988023952,0,0
1,3.3,51,15,51,2,0.1452991452991453,0,0
2,3.3,35,13,61,2,0.053763440860215,0,1
2,3.4,297,25,42,2,0.3707865168539326,0,1
2,3.2,245,24,43,3,0.3058676654182272,0,0
2,2.7,68,13,34,3,0.1044546850998463,0,1
2,3.3,105,9,70,2,0.2095808383233532,0,0
1,3.4,45,10,67,1,0.2238805970149253,0,1
2,3.0,183,7,45,2,0.2284644194756554,1,1
1,3.0,15,6,70,1,0.0746268656716417,0,0
1,2.8,75,5,87,3,0.1870324189526184,0,1
1,3.2,17,19,44,2,0.0423940149625935,0,1
1,3.3,20,27,49,1,0.0664451827242525,0,1
1,3.4,214,12,40,2,0.7109634551495017,0,0
2,2.6,146,37,49,2,0.2429284525790349,0,1
1,3.4,103,9,32,3,0.4103585657370518,0,1
2,3.3,250,10,39,2,0.4537205081669691,0,1
2,3.4,50,19,88,3,0.062421972534332,0,1
1,3.2,14,14,55,1,0.0349127182044887,0,0
2,2.8,120,18,48,3,0.149812734082397,0,1
2,3.0,34,17,47,2,0.0485021398002853,0,1
1,3.3,62,8,62,2,0.4105960264900662,0,1
2,3.4,218,8,47,3,0.4351297405189621,0,1
2,3.4,217,7,56,1,0.2709113607990012,0,1
2,2.8,183,6,49,4,0.3652694610778443,0,1
2,3.4,155,18,53,5,0.1821386603995299,1,1
2,2.8,198,17,50,3,0.247191011235955,1,1
2,3.4,485,26,24,3,0.8069883527454242,0,1
2,3.2,134,4,30,3,0.2229617304492512,0,1
1,3.3,37,23,54,2,0.1054131054131054,0,1
2,3.6,61,15,24,1,0.1014975041597337,0,1
2,3.5,226,18,53,3,0.2508324084350721,0,1
2,3.9,100,8,67,3,0.1996007984031936,0,1
3,3.9,113,13,90,2,0.1128871128871128,0,1
2,3.9,50,12,24,3,0.0587544065804935,0,1
2,3.8,306,9,59,1,0.4700460829493088,0,1
2,3.5,361,9,68,2,0.4806924101198402,0,1
2,3.6,290,14,42,3,0.4825291181364393,0,1
2,3.7,93,8,57,2,0.1161048689138576,0,1
1,3.7,370,18,63,1,0.9226932668329176,0,1
2,3.8,55,16,44,2,0.0784593437945791,0,1
2,3.7,132,9,49,6,0.2196339434276206,0,1
1,3.7,145,7,60,2,0.3615960099750623,0,1
1,3.8,45,6,58,2,0.1792828685258964,0,0
1,3.5,52,16,43,3,0.1481481481481481,0,0
2,3.7,99,15,24,4,0.1976047904191616,0,1
1,3.6,82,18,35,1,0.543046357615894,0,0
2,3.5,99,22,67,3,0.1163337250293772,1,1
1,3.6,114,11,42,2,1.1287128712871286,0,0
2,3.6,427,12,56,3,0.6559139784946236,0,0
2,3.7,408,8,59,2,0.6788685524126455,0,0
2,3.5,60,10,52,2,0.0855920114122681,0,1
2,3.6,412,6,73,3,0.5877318116975749,0,1
3,3.9,38,20,48,3,0.0253164556962025,0,0
1,3.7,137,13,45,2,0.3037694013303769,0,0
2,3.5,259,15,56,3,0.369472182596291,0,1
3,3.6,148,8,71,2,0.0986009327115256,0,1
2,3.6,268,11,78,2,0.3149236192714453,0,1
1,3.9,91,18,33,1,0.226932668329177,0,1
3,3.5,104,9,48,3,0.0692871419053964,1,1
3,3.5,168,7,42,4,0.111925383077948,1,0
3,3.6,305,17,43,5,0.3046953046953047,1,1
2,3.8,75,17,68,2,0.1152073732718894,0,1
2,3.7,41,19,43,4,0.0431125131440588,0,1
2,3.5,34,14,41,2,0.0424469413233458,0,1
2,2.3,185,14,29,2,0.2639087018544935,0,0
1,2.3,18,9,50,3,0.0399113082039911,0,1
2,2.4,137,15,41,4,0.248638838475499,0,1
1,2.0,84,17,83,3,0.2094763092269326,0,1
2,2.2,182,13,50,2,0.302828618968386,0,1
2,4.4,84,8,98,2,0.1198288159771754,0,1
1,4.0,308,8,74,1,1.0232558139534884,0,1
2,4.0,153,19,43,2,0.1698113207547169,1,1
2,4.0,244,14,57,3,0.4870259481037924,0,1
2,4.1,84,22,89,3,0.1198288159771754,0,1
2,4.0,255,10,53,2,0.3183520599250936,0,1
1,4.3,126,18,30,2,0.4186046511627907,0,1
3,4.0,53,14,39,3,0.0529470529470529,0,1
1,4.1,135,10,42,3,0.5378486055776892,0,1
1,3.2,10,14,69,1,0.0332225913621262,0,0
1,3.3,47,6,69,1,0.1561461794019933,0,0
1,0.0,1,12,49,1,0.0099009900990099,0,0
2,0.0,2,14,56,1,0.0033277870216306,0,0
1,0.0,2,13,41,2,0.0066445182724252,0,0
2,0.0,2,12,66,1,0.0039920159680638,0,0
3,4.2,278,14,115,2,0.231473771856786,1,1
1,3.2,20,21,57,1,0.0664451827242525,0,0
1,2.7,7,16,67,3,0.0199430199430199,0,1
1,3.0,6,35,57,2,0.017094017094017,0,0
1,3.2,13,22,59,2,0.0324189526184538,0,0
1,3.1,14,16,58,2,0.0465116279069767,0,0
1,2.9,18,15,60,2,0.119205298013245,0,0
1,3.0,6,11,63,2,0.0239043824701195,0,0
1,3.1,7,13,59,2,0.0155210643015521,0,0
1,3.1,10,17,46,1,0.0284900284900284,0,0
2,3.2,21,15,71,3,0.0299572039942938,0,0
1,3.5,25,25,80,1,0.0712250712250712,0,0
2,3.5,24,11,56,2,0.0399334442595673,0,1
1,0.0,3,16,49,2,0.0099667774086378,0,0
1,0.0,3,20,67,1,0.0149253731343283,0,0
1,0.0,2,30,61,2,0.0044345898004434,0,0
1,2.6,4,9,56,1,0.0132890365448504,0,1
1,3.2,19,9,52,2,0.0421286031042128,0,0
1,2.9,5,23,55,2,0.0331125827814569,0,0
1,2.9,7,10,60,1,0.0463576158940397,0,0
1,2.8,7,14,59,3,0.0199430199430199,0,1
1,2.9,4,23,74,1,0.0132890365448504,0,0
1,2.7,20,12,54,2,0.1324503311258278,0,0
1,3.1,13,14,79,1,0.0431893687707641,0,1
3,3.2,51,17,53,3,0.0463215258855585,1,1
2,2.7,14,36,73,2,0.0279441117764471,0,0
1,3.0,8,14,47,1,0.0318725099601593,0,0
2,2.7,29,10,47,2,0.0386151797603195,1,0
1,2.7,11,10,60,1,0.0365448504983388,0,1
1,2.7,28,10,78,1,0.0797720797720797,0,0
1,2.6,25,18,53,2,0.1655629139072847,0,0
2,3.2,86,14,86,3,0.1321044546850998,0,0
1,2.9,6,13,66,2,0.0298507462686567,0,0
2,2.7,33,17,68,2,0.0658682634730539,0,0
1,3.1,34,22,48,1,0.1691542288557214,0,0
1,3.0,8,23,59,2,0.0792079207920792,0,0
2,3.1,77,18,73,3,0.0854605993340732,1,1
1,3.2,24,16,96,3,0.0683760683760683,0,0
1,2.7,14,8,59,1,0.0557768924302788,0,0
2,2.7,46,20,70,3,0.091816367265469,0,0
1,2.6,61,19,52,2,0.1737891737891738,0,0
2,2.7,60,22,56,2,0.0921658986175115,0,1
1,3.0,20,25,74,2,0.0498753117206982,0,1
1,3.3,45,11,82,1,0.1495016611295681,0,0
1,2.8,8,16,52,1,0.0265780730897009,0,1
2,3.3,21,15,86,5,0.0419161676646706,0,1
1,2.9,5,26,71,2,0.0199203187250996,0,0
1,3.0,22,11,55,2,0.2178217821782178,0,0
2,2.7,5,19,48,2,0.0099800399201596,0,1
1,2.9,5,31,61,2,0.0199203187250996,0,0
1,3.0,4,13,76,1,0.0099750623441396,0,0
2,2.6,53,22,69,2,0.0881863560732113,0,1
1,2.8,11,19,53,2,0.027431421446384,0,0
1,3.3,58,10,56,1,0.1652421652421652,0,1
1,2.8,15,12,70,3,0.0427350427350427,0,1
1,3.1,26,16,74,2,0.0863787375415282,0,0
1,3.0,18,22,56,2,0.0895522388059701,0,0
2,2.8,49,15,91,2,0.08153078202995,0,0
1,3.1,7,12,61,2,0.0174563591022443,0,0
1,3.1,7,25,46,2,0.0278884462151394,0,0
2,3.2,23,8,80,2,0.038269550748752,0,1
1,3.1,53,13,70,2,0.1321695760598503,0,1
4,3.1,80,27,68,4,0.0399800099950025,1,0
2,3.4,33,28,55,3,0.0598911070780399,0,1
1,3.7,39,12,53,2,0.2582781456953642,0,0
2,3.6,165,10,107,3,0.3293413173652694,0,1
1,3.7,72,13,69,1,0.2868525896414343,0,0
2,3.7,49,10,72,1,0.0978043912175648,0,1
2,3.7,57,10,82,2,0.1034482758620689,0,0
1,3.7,65,27,52,5,0.2159468438538206,0,1
1,0.0,1,18,57,1,0.0066225165562913,0,0
1,0.0,2,12,77,1,0.0099502487562189,0,0
1,0.0,0,9,60,2,0.0,0,0
1,0.0,0,7,58,2,0.0,0,0
1,0.0,2,12,53,1,0.0079681274900398,0,0
2,0.0,1,9,61,2,0.0019960079840319,0,0
1,0.0,0,14,30,1,0.0,0,0
1,0.0,0,11,60,2,0.0,0,0
1,0.0,0,12,87,2,0.0,0,0
1,0.0,0,14,66,2,0.0,0,0
1,0.0,1,22,49,2,0.0024937655860349,0,0
1,0.0,0,14,53,1,0.0,0,0
1,0.0,1,11,53,1,0.0039840637450199,0,0
1,0.0,3,34,59,1,0.0066518847006651,0,0
2,0.0,2,17,85,2,0.0033277870216306,0,0
1,0.0,2,24,87,2,0.0099502487562189,0,0
2,0.0,0,18,63,3,0.0,0,0
1,0.0,0,13,66,3,0.0,0,0
1,0.0,0,13,51,1,0.0,0,0
1,0.0,3,10,44,1,0.0099667774086378,0,0
1,0.0,0,18,57,1,0.0,0,0
1,0.0,0,12,61,1,0.0,0,0
1,0.0,0,21,64,1,0.0,0,0
1,0.0,0,14,30,2,0.0,0,0
1,0.0,1,12,79,1,0.0049751243781094,0,0
1,0.0,3,6,56,1,0.0198675496688741,0,0
1,0.0,0,24,53,2,0.0,0,0
1,2.4,49,15,92,1,0.1086474501108647,0,0
2,2.4,76,12,70,3,0.1516966067864271,0,1
1,2.4,36,12,52,1,0.1196013289036544,0,1
1,3.1,12,23,48,2,0.1188118811881188,0,0
1,2.8,14,14,48,1,0.1386138613861386,0,0
1,3.3,48,6,65,2,0.1594684385382059,0,1
1,3.2,12,11,61,2,0.0341880341880341,0,0
1,2.9,4,9,54,1,0.0132890365448504,0,0
1,3.0,7,7,47,2,0.0232558139534883,0,0
2,2.7,49,13,78,2,0.0978043912175648,0,1
1,3.0,5,14,67,2,0.0166112956810631,0,0
2,2.5,25,28,93,2,0.0499001996007984,0,1
1,2.8,11,15,61,1,0.0438247011952191,0,0
1,3.2,44,9,51,1,0.1752988047808765,0,0
1,2.8,8,20,73,2,0.0318725099601593,0,0
2,3.1,22,23,89,1,0.0439121756487025,0,0
1,3.3,23,22,57,1,0.0764119601328903,0,0
1,2.8,69,17,79,4,0.1720698254364089,0,0
3,2.6,94,26,55,2,0.0939060939060939,1,1
1,3.1,81,10,49,2,0.2019950124688279,0,1
1,3.3,16,24,43,1,0.1059602649006622,0,0
1,3.6,32,13,61,1,0.6274509803921569,0,0
1,3.5,16,16,53,1,0.1059602649006622,0,0
1,3.7,79,16,69,1,0.1970074812967581,0,1
1,3.8,94,17,70,1,0.4676616915422885,0,0
2,3.9,254,16,45,1,0.5069860279441117,0,1
1,3.7,410,12,60,2,1.0224438902743145,0,1
1,3.6,100,14,84,4,0.2217294900221729,0,1
1,0.0,0,15,59,1,0.0,0,0
1,0.0,3,21,50,2,0.0085470085470085,0,0
1,0.0,0,10,60,1,0.0,0,0
2,2.2,119,14,78,3,0.1697574893009985,0,1
2,2.6,27,18,50,2,0.0385164051355206,0,0
1,3.1,5,22,50,2,0.0110864745011086,0,0
2,3.0,25,15,63,3,0.027746947835738,1,0
1,2.8,4,9,50,2,0.0132890365448504,0,0
1,3.0,24,13,82,1,0.0797342192691029,0,0
1,3.0,30,18,46,2,0.0748129675810473,0,0
1,2.8,19,16,47,3,0.0473815461346633,0,0
1,2.6,35,29,48,2,0.0872817955112219,0,0
1,3.3,28,26,75,1,0.0620842572062084,0,0
1,2.7,11,25,52,1,0.1089108910891089,0,0
2,2.7,29,12,56,2,0.0578842315369261,0,1
1,3.0,6,13,48,1,0.0298507462686567,0,0
1,3.0,6,22,62,1,0.0298507462686567,0,0
1,2.9,9,18,88,1,0.0299003322259136,0,0
1,2.9,5,16,79,1,0.0124688279301745,0,0
1,2.8,10,20,51,1,0.0398406374501992,0,0
2,2.9,4,8,62,1,0.0079840319361277,0,0
2,3.3,26,9,55,2,0.0288568257491675,1,0
1,3.0,13,17,41,1,0.086092715231788,0,0
2,3.5,90,10,67,1,0.1796407185628742,0,1
1,0.0,3,16,49,1,0.0099667774086378,0,0
1,0.0,1,9,76,1,0.0099009900990099,0,0
1,0.0,2,12,48,1,0.0099502487562189,0,0
1,0.0,1,30,70,1,0.0033222591362126,0,0
1,0.0,2,14,102,2,0.0099502487562189,0,0
1,0.0,1,26,30,3,0.0033222591362126,0,0
2,0.0,3,25,51,1,0.0059880239520958,0,0
1,0.0,1,20,46,1,0.0033222591362126,0,0
1,0.0,0,14,47,1,0.0,0,0
2,0.0,1,11,54,3,0.0019960079840319,0,0
1,0.0,2,15,67,1,0.0079681274900398,0,0
2,0.0,0,15,56,1,0.0,0,0
1,3.0,7,16,62,3,0.0199430199430199,0,0
1,2.9,4,12,62,2,0.0099750623441396,0,0
1,2.9,9,22,60,1,0.0358565737051792,0,0
1,2.9,6,21,55,2,0.0149625935162094,0,0
2,0.0,0,8,47,1,0.0,0,0
1,0.0,1,8,38,1,0.0033222591362126,0,0
2,0.0,0,13,47,3,0.0,0,0
1,0.0,2,11,61,3,0.0079681274900398,0,0
1,0.0,0,13,61,2,0.0,0,0
1,0.0,0,9,47,2,0.0,0,0
1,0.0,0,17,19,2,0.0,0,0
2,0.0,3,22,64,1,0.0059880239520958,0,0
1,0.0,1,10,41,1,0.0024937655860349,0,0
1,0.0,3,7,64,2,0.0074812967581047,0,0
1,0.0,0,11,37,1,0.0,0,0
1,0.0,0,27,38,1,0.0,0,0
1,0.0,0,12,55,2,0.0,0,0
1,0.0,1,14,38,1,0.0039840637450199,0,0
2,0.0,1,15,38,1,0.0016638935108153,0,0
1,0.0,0,17,92,2,0.0,0,0
2,3.4,91,10,48,2,0.1816367265469061,0,0
3,3.2,151,31,44,3,0.1508491508491508,1,1
3,2.8,83,9,55,3,0.0829170829170829,0,0
2,2.9,4,22,34,2,0.0057061340941512,0,0
2,3.0,4,15,62,1,0.0079840319361277,0,0
1,0.0,0,13,52,2,0.0,0,0
1,0.0,0,15,41,3,0.0,0,0
1,0.0,1,14,47,1,0.0033222591362126,0,0
1,0.0,0,14,52,6,0.0,0,0
1,0.0,0,15,51,2,0.0,0,0
1,0.0,0,14,41,1,0.0,0,0
2,0.0,0,10,46,2,0.0,0,1
1,0.0,0,14,41,1,0.0,0,0
1,0.0,2,15,41,1,0.0056980056980056,0,0
1,0.0,0,16,49,3,0.0,0,0
1,0.0,3,16,51,3,0.0085470085470085,0,0
1,0.0,0,12,29,2,0.0,0,0
1,0.0,1,11,70,1,0.0049751243781094,0,0
2,0.0,2,15,63,1,0.0039920159680638,0,0
1,0.0,0,15,64,2,0.0,0,0
1,0.0,0,26,67,1,0.0,0,0
1,0.0,0,13,59,1,0.0,0,0
3,0.0,0,26,73,1,0.0,1,0
1,0.0,1,25,41,3,0.0049751243781094,0,0
3,0.0,1,15,77,3,0.0008326394671107,0,0
1,0.0,2,7,37,1,0.0049875311720698,0,0
1,0.0,0,16,35,1,0.0,0,0
1,0.0,2,23,59,1,0.0079681274900398,0,1
1,0.0,0,19,29,1,0.0,0,0
1,0.0,1,21,67,3,0.0039840637450199,0,0
1,0.0,1,22,41,1,0.0039840637450199,0,0
1,0.0,2,18,46,2,0.0099502487562189,0,0
2,0.0,0,15,52,1,0.0,0,0
1,0.0,0,11,41,3,0.0,0,0
1,0.0,0,16,60,1,0.0,0,0
1,0.0,0,19,33,3,0.0,0,0
1,0.0,0,13,41,2,0.0,0,0
4,3.4,220,4,53,4,0.1099450274862568,0,1
4,3.4,570,13,54,3,0.2712993812470252,1,0
3,3.8,565,7,50,2,0.5131698455949137,0,1
4,3.5,498,23,50,2,0.2262607905497501,1,1
2,4.1,92,27,38,2,0.1312410841654779,0,0
3,3.2,20,8,58,2,0.0166527893422148,1,0
4,0.0,2,20,58,1,0.000999500249875,1,0
3,0.0,0,22,58,1,0.0,1,0
4,0.0,0,28,58,1,0.0,1,0
4,0.0,1,26,58,1,0.0004997501249375,1,0
3,0.0,0,25,58,1,0.0,0,0
1,3.8,727,12,23,2,2.0712250712250717,0,1
1,3.2,62,20,55,1,0.247011952191235,0,0
1,2.6,52,13,32,2,0.1296758104738154,0,1
1,3.2,16,19,32,1,0.0796019900497512,0,0
2,2.8,94,14,54,2,0.1340941512125535,0,0
1,2.9,39,5,32,2,0.0972568578553615,0,1
2,3.3,255,11,28,3,0.3183520599250936,0,1
3,2.7,47,10,32,3,0.0391340549542048,0,0
1,3.1,25,20,23,8,0.0623441396508728,0,1
2,3.1,16,19,73,1,0.0319361277445109,0,0
2,3.1,105,7,76,1,0.2095808383233532,0,0
2,3.0,12,13,46,3,0.0171184022824536,0,0
1,3.1,17,9,43,1,0.0423940149625935,0,0
1,3.3,32,19,30,2,0.1592039800995024,0,0
2,3.4,101,6,31,2,0.1186839012925969,1,1
1,3.2,8,24,31,2,0.0265780730897009,0,0
2,3.4,68,6,45,4,0.1357285429141716,0,1
1,2.7,20,8,79,1,0.0443458980044345,0,0
1,3.7,78,15,67,1,0.7722772277227723,0,0
1,3.5,62,9,43,1,0.2059800664451827,0,0
1,3.7,142,13,48,3,0.4717607973421927,0,0
1,3.5,41,8,40,1,0.1362126245847176,0,0
2,3.6,122,10,34,2,0.2435129740518962,0,1
1,3.5,20,13,57,1,0.0664451827242525,0,0
1,3.7,128,11,32,2,0.4252491694352159,0,0
3,4.1,155,21,28,4,0.0968144909431605,1,1
2,3.3,28,12,62,2,0.0465890183028286,0,1
1,3.2,15,8,46,1,0.0746268656716417,0,0
1,3.2,21,18,48,1,0.0523690773067331,0,0
1,2.7,9,8,46,1,0.0224438902743142,0,0
1,2.8,13,23,63,3,0.086092715231788,0,0
2,3.3,97,16,44,1,0.1210986267166042,1,0
1,3.5,38,16,41,3,0.1082621082621082,0,0
1,3.8,234,26,28,1,0.9322709163346612,0,0
1,0.0,3,15,31,1,0.0099667774086378,0,0
3,4.3,113,7,56,4,0.0940882597835137,1,0
1,3.4,33,17,59,1,0.0822942643391521,0,0
2,3.1,18,7,36,1,0.0276497695852534,0,0
1,3.1,6,14,50,1,0.0199335548172757,0,0
2,2.7,31,18,36,3,0.06187624750499,0,0
2,3.3,19,12,78,2,0.0379241516966067,0,1
1,3.2,13,9,50,2,0.0431893687707641,0,0
2,2.9,48,13,59,1,0.0599250936329588,0,0
1,3.1,25,9,63,1,0.0830564784053156,0,0
1,3.2,13,10,48,1,0.0324189526184538,0,0
2,3.3,79,7,52,2,0.1126961483594864,0,0
2,3.2,32,12,65,2,0.0532445923460898,0,0
1,3.3,11,9,92,1,0.027431421446384,0,0
2,2.6,87,3,68,2,0.1736526946107784,0,1
1,3.3,28,12,62,2,0.0797720797720797,0,0
2,2.6,69,6,59,4,0.1377245508982036,0,1
1,3.2,41,9,69,2,0.1168091168091168,0,0
3,3.5,120,7,48,2,0.108991825613079,0,1
2,3.5,107,14,63,3,0.1780366056572379,0,0
1,3.5,33,7,47,2,0.0822942643391521,0,0
3,3.8,371,13,58,2,0.3089092422980849,1,0
3,2.4,96,10,41,3,0.0959040959040959,1,1
1,4.1,60,7,97,2,0.1496259351620947,0,0
2,4.1,137,15,59,4,0.1710362047440699,0,1
2,2.6,34,22,49,3,0.0485021398002853,0,1
1,2.9,22,16,69,2,0.0876494023904382,0,0
2,3.3,27,11,28,1,0.0359520639147802,1,1
2,3.6,62,9,49,2,0.103161397670549,0,0
1,3.5,57,20,78,3,0.1623931623931624,0,1
1,3.1,15,11,66,1,0.0498338870431893,0,0
2,3.1,17,16,73,2,0.0242510699001426,0,0
1,3.2,10,11,21,1,0.0249376558603491,0,0
1,3.1,21,11,66,2,0.0697674418604651,0,0
2,2.5,20,19,54,2,0.0399201596806387,0,0
1,3.1,7,9,30,1,0.0463576158940397,0,0
2,3.0,5,22,52,2,0.0099800399201596,0,0
1,3.2,7,6,76,1,0.0463576158940397,0,0
2,3.4,57,11,62,2,0.0813124108416547,0,0
1,3.2,31,17,27,2,0.1029900332225913,0,0
2,3.0,6,13,40,1,0.0099833610648918,0,0
2,2.9,8,15,58,3,0.014519056261343,0,0
2,3.0,4,9,51,1,0.0079840319361277,0,0
2,3.0,8,13,68,3,0.0088790233074361,1,0
2,3.1,9,9,34,2,0.0179640718562874,0,0
1,2.9,5,24,27,2,0.0248756218905472,0,0
1,3.4,25,11,27,2,0.0623441396508728,0,1
1,3.8,85,10,47,1,0.8415841584158416,0,1
2,3.5,53,7,44,2,0.1057884231536926,0,0
1,3.7,39,17,36,1,0.1940298507462686,0,1
1,3.7,39,11,53,1,0.2582781456953642,0,0
2,3.6,99,20,71,2,0.1412268188302425,0,0
1,3.6,20,12,27,1,0.0498753117206982,0,0
1,0.0,0,10,45,1,0.0,0,0
2,0.0,0,10,65,1,0.0,0,0
1,0.0,0,11,51,1,0.0,0,0
1,0.0,0,14,38,2,0.0,0,0
1,0.0,2,22,44,1,0.0099502487562189,0,0
1,0.0,0,5,65,2,0.0,0,0
1,0.0,0,31,26,2,0.0,0,0
1,0.0,0,11,49,3,0.0,0,0
1,0.0,0,18,66,2,0.0,0,0
2,0.0,1,18,45,2,0.0019960079840319,0,0
1,0.0,0,10,88,1,0.0,0,0
2,0.0,3,23,52,2,0.0049916805324459,0,0
1,0.0,0,29,33,1,0.0,0,0
2,0.0,0,21,33,1,0.0,0,0
2,0.0,1,12,68,3,0.0014265335235378,1,0
1,0.0,0,13,45,1,0.0,0,0
1,0.0,0,11,34,1,0.0,0,0
1,2.9,4,18,51,1,0.0199004975124378,0,0
1,3.0,5,18,65,1,0.0495049504950495,0,0
1,2.9,5,24,76,1,0.0248756218905472,0,0
1,3.0,4,8,94,1,0.0132890365448504,0,0
1,3.1,8,9,47,2,0.0265780730897009,0,0
1,3.1,9,5,57,2,0.0299003322259136,0,0
1,3.1,14,16,95,3,0.0398860398860398,0,0
1,3.0,6,17,61,1,0.0298507462686567,0,0
1,3.0,4,36,48,1,0.0113960113960113,0,0
1,3.0,4,6,71,3,0.0099750623441396,0,0
1,2.7,11,11,64,2,0.024390243902439,0,0
1,3.1,12,19,51,1,0.1188118811881188,0,0
1,2.8,11,16,51,4,0.0547263681592039,0,0
1,3.1,7,9,47,1,0.0278884462151394,0,0
1,3.1,10,17,46,1,0.0497512437810945,0,0
1,3.1,6,6,51,1,0.0397350993377483,0,0
1,3.0,4,9,73,2,0.0099750623441396,0,0
2,3.1,8,23,49,2,0.0159680638722554,0,0
1,3.0,14,13,29,1,0.1386138613861386,0,0
1,3.0,11,12,58,1,0.0547263681592039,0,0
2,3.1,5,15,32,2,0.007132667617689,0,1
1,2.6,6,19,61,1,0.0239043824701195,0,1
1,2.9,11,12,68,2,0.027431421446384,0,0
1,3.5,14,10,51,2,0.0349127182044887,0,0
1,0.0,0,18,81,1,0.0,0,0
1,0.0,0,18,56,1,0.0,0,0
1,0.0,0,25,68,2,0.0,0,0
1,0.0,0,8,69,3,0.0,0,0
1,0.0,1,12,51,2,0.0024937655860349,0,0
1,0.0,3,19,72,1,0.0149253731343283,0,0
1,0.0,0,19,71,1,0.0,0,0
1,0.0,1,19,31,1,0.0033222591362126,0,0
1,0.0,0,10,91,1,0.0,0,0
1,0.0,0,25,76,1,0.0,0,0
1,0.0,0,13,69,1,0.0,0,0
2,0.0,1,16,96,3,0.0014265335235378,0,0
1,0.0,0,11,48,1,0.0,0,0
1,0.0,0,15,68,1,0.0,0,0
1,0.0,0,22,26,1,0.0,0,0
1,0.0,0,14,45,1,0.0,0,0
1,0.0,0,18,68,1,0.0,0,0
1,0.0,1,11,49,1,0.0049751243781094,0,0
1,0.0,1,15,68,1,0.0039840637450199,0,0
1,0.0,0,7,49,1,0.0,0,0
1,0.0,0,11,71,1,0.0,0,0
1,0.0,1,18,71,1,0.0033222591362126,0,0
1,0.0,2,18,72,1,0.0079681274900398,0,0
1,0.0,1,20,43,3,0.0066225165562913,0,0
1,0.0,1,24,47,1,0.0099009900990099,0,0
1,0.0,0,11,45,2,0.0,0,0
1,0.0,0,20,68,1,0.0,0,0
1,0.0,0,15,55,1,0.0,0,0
2,0.0,0,9,61,1,0.0,0,0
1,0.0,0,22,70,2,0.0,0,0
1,0.0,0,15,45,2,0.0,0,0
1,0.0,0,15,69,1,0.0,0,0
1,0.0,2,42,47,1,0.0132450331125827,0,0
1,0.0,1,23,43,1,0.0099009900990099,0,0
1,0.0,0,10,62,1,0.0,0,0
1,0.0,3,10,31,1,0.0297029702970297,0,0
2,0.0,3,13,62,1,0.0059880239520958,0,0
1,0.0,0,17,76,2,0.0,0,0
1,0.0,0,33,54,1,0.0,0,0
1,0.0,0,14,68,1,0.0,0,0
1,0.0,0,13,62,1,0.0,0,0
1,0.0,0,10,71,1,0.0,0,0
1,0.0,0,9,46,2,0.0,0,0
1,0.0,1,35,53,1,0.0049751243781094,0,0
1,2.8,22,35,44,1,0.0876494023904382,0,0
1,3.2,11,10,58,1,0.0313390313390313,0,0
1,2.9,8,12,71,3,0.0318725099601593,0,0
1,2.9,10,16,72,3,0.0284900284900284,0,0
1,3.3,86,11,42,2,0.2144638403990025,0,0
3,3.0,6,16,100,2,0.0059940059940059,1,0
2,3.2,12,19,25,2,0.0239520958083832,0,0
2,3.4,135,18,46,3,0.2246256239600665,0,1
1,3.3,16,17,58,2,0.0796019900497512,0,0
2,2.9,4,17,41,1,0.0079840319361277,0,0
1,2.9,10,11,41,2,0.0284900284900284,0,0
1,2.8,7,10,23,1,0.0348258706467661,0,0
2,2.8,17,14,58,2,0.0242510699001426,0,0
1,2.7,16,6,49,1,0.0637450199203187,0,0
1,2.8,12,15,41,3,0.047808764940239,0,0
2,3.4,78,6,60,4,0.155688622754491,0,1
1,2.9,20,9,25,1,0.0498753117206982,0,0
2,2.7,66,9,57,2,0.1013824884792626,0,0
1,3.5,27,15,47,2,0.0673316708229426,0,0
1,3.5,21,16,46,2,0.0523690773067331,0,1
2,3.7,21,9,39,2,0.0381125226860254,0,1
1,0.0,1,15,71,2,0.0099009900990099,0,0
1,0.0,2,15,44,2,0.0132450331125827,0,0
1,0.0,0,21,53,2,0.0,0,0
1,0.0,0,19,40,2,0.0,0,0
1,0.0,3,19,53,3,0.0074812967581047,0,0
1,0.0,0,6,54,1,0.0,0,0
1,0.0,3,13,23,1,0.0099667774086378,0,0
1,0.0,0,15,43,2,0.0,0,0
1,0.0,0,12,40,1,0.0,0,0
1,0.0,0,16,38,1,0.0,0,0
1,0.0,1,15,40,1,0.0049751243781094,0,0
1,0.0,1,18,38,1,0.0033222591362126,0,0
1,0.0,0,21,50,1,0.0,0,0
1,0.0,2,12,41,2,0.0099502487562189,0,0
1,0.0,0,11,45,1,0.0,0,0
1,0.0,0,16,38,1,0.0,0,0
1,0.0,0,25,37,1,0.0,0,0
1,0.0,1,15,48,1,0.0099009900990099,0,0
1,0.0,0,16,63,3,0.0,0,0
2,0.0,0,17,52,1,0.0,0,0
1,0.0,2,7,23,1,0.0066445182724252,0,0
2,2.3,32,17,54,2,0.0638722554890219,0,1
1,2.9,4,22,44,1,0.0264900662251655,0,0
1,0.0,0,23,54,1,0.0,0,0
1,0.0,1,23,57,1,0.0099009900990099,0,0
1,0.0,1,21,60,1,0.0049751243781094,0,0
1,0.0,0,27,41,2,0.0,0,0
1,0.0,0,14,53,2,0.0,0,0
1,0.0,0,10,70,2,0.0,0,0
1,0.0,0,22,40,1,0.0,0,0
1,0.0,0,9,51,2,0.0,0,0
1,0.0,0,27,55,3,0.0,0,0
1,0.0,1,17,93,2,0.0066225165562913,0,0
2,0.0,1,20,60,1,0.0019960079840319,0,0
1,0.0,2,15,57,1,0.0079681274900398,0,0
1,0.0,0,14,31,2,0.0,0,0
1,0.0,3,13,78,2,0.0074812967581047,0,0
1,0.0,0,12,68,2,0.0,0,0
1,0.0,0,18,68,1,0.0,0,0
1,0.0,2,18,37,2,0.0066445182724252,0,0
1,0.0,0,9,55,1,0.0,0,0
1,0.0,1,23,78,3,0.0024937655860349,0,0
1,0.0,0,26,37,1,0.0,0,0
1,0.0,2,28,55,4,0.0079681274900398,0,0
1,0.0,0,16,63,3,0.0,0,0
1,0.0,0,21,56,2,0.0,0,0
1,0.0,0,15,57,3,0.0,0,0
2,0.0,0,14,47,1,0.0,1,0
1,0.0,0,18,50,2,0.0,0,0
1,0.0,0,28,67,1,0.0,0,0
1,0.0,0,11,90,1,0.0,0,0
1,0.0,2,19,32,2,0.0198019801980198,0,0
1,0.0,0,17,52,2,0.0,0,0
1,0.0,0,13,54,1,0.0,0,0
1,0.0,0,33,65,3,0.0,0,0
1,0.0,0,18,78,1,0.0,0,0
1,0.0,1,13,60,1,0.0049751243781094,0,0
1,0.0,2,14,45,3,0.0099502487562189,0,0
1,0.0,0,29,40,3,0.0,0,0
1,0.0,1,20,76,3,0.0049751243781094,0,0
2,0.0,0,13,44,2,0.0,1,0
1,0.0,0,22,56,1,0.0,0,0
1,0.0,0,13,45,1,0.0,0,0
1,0.0,2,15,100,1,0.0079681274900398,0,0
1,0.0,0,17,56,1,0.0,0,0
1,0.0,2,9,38,1,0.0132450331125827,0,0
1,0.0,0,27,55,1,0.0,0,0
1,0.0,0,14,100,1,0.0,0,0
1,0.0,1,21,32,2,0.0066225165562913,0,0
1,0.0,0,19,43,1,0.0,0,0
1,0.0,0,13,43,2,0.0,0,0
1,0.0,0,25,35,1,0.0,0,0
1,0.0,0,17,51,1,0.0,0,0
1,0.0,0,18,34,1,0.0,0,0
1,0.0,0,40,32,1,0.0,0,0
2,0.0,1,8,76,3,0.0016638935108153,0,0
1,0.0,0,11,77,2,0.0,0,0
1,0.0,1,11,59,1,0.0028490028490028,0,0
1,0.0,1,11,61,1,0.0028490028490028,0,0
1,0.0,2,15,44,1,0.0049875311720698,0,0
1,0.0,1,12,62,1,0.0049751243781094,0,0
1,0.0,1,18,70,1,0.0066225165562913,0,0
1,0.0,0,22,64,1,0.0,0,0
1,0.0,1,12,41,2,0.0099009900990099,0,0
1,0.0,1,23,71,2,0.0099009900990099,0,0
1,0.0,0,21,60,3,0.0,0,0
1,0.0,0,7,52,1,0.0,0,0
1,0.0,0,14,45,1,0.0,0,0
1,0.0,0,24,67,2,0.0,0,0
1,0.0,0,13,53,1,0.0,0,0
1,0.0,0,27,62,2,0.0,0,0
2,0.0,0,19,85,1,0.0,0,0
1,0.0,0,15,36,2,0.0,0,0
1,0.0,0,27,63,3,0.0,0,0
1,0.0,0,19,85,2,0.0,0,0
1,0.0,0,30,45,1,0.0,0,0
1,0.0,0,11,79,3,0.0,0,0
1,0.0,0,20,62,2,0.0,0,0
1,0.0,0,10,32,2,0.0,0,0
1,0.0,0,14,45,1,0.0,0,0
1,0.0,0,30,60,1,0.0,0,0
1,0.0,0,21,41,3,0.0,0,0
1,0.0,0,15,65,1,0.0,0,0
1,0.0,0,21,65,2,0.0,0,0
1,0.0,0,12,62,1,0.0,0,0
1,0.0,0,13,50,1,0.0,0,0
1,0.0,1,21,53,1,0.0099009900990099,0,0
1,0.0,1,12,66,2,0.0039840637450199,0,0
1,0.0,0,24,56,2,0.0,0,0
1,0.0,0,9,54,3,0.0,0,0
1,0.0,0,14,74,2,0.0,0,0
1,0.0,0,23,50,1,0.0,0,0
1,0.0,0,15,90,3,0.0,0,0
1,0.0,0,28,67,1,0.0,0,0
1,0.0,0,11,68,1,0.0,0,0
1,0.0,1,21,51,1,0.0066225165562913,0,0
1,0.0,0,17,57,2,0.0,0,0
1,0.0,0,23,65,2,0.0,0,0
1,0.0,0,15,40,1,0.0,0,0
1,0.0,1,16,48,1,0.0049751243781094,0,0
1,0.0,0,16,43,1,0.0,0,0
1,0.0,0,24,51,2,0.0,0,0
1,0.0,0,13,52,2,0.0,0,0
1,3.0,8,14,53,1,0.0529801324503311,0,0
2,3.4,23,12,45,2,0.0459081836327345,0,1
1,3.0,7,20,56,3,0.0348258706467661,0,0
1,2.6,23,15,50,1,0.0509977827050997,0,0
1,2.9,4,15,59,1,0.0132890365448504,0,0
1,3.2,15,9,50,2,0.0993377483443708,0,0
2,3.0,4,6,59,2,0.0079840319361277,0,0
1,3.1,13,11,74,3,0.037037037037037,0,0
2,2.8,8,13,37,2,0.0106524633821571,0,0
1,3.0,7,17,63,3,0.0348258706467661,0,0
1,3.0,4,8,50,1,0.0199004975124378,0,0
1,3.2,16,16,52,3,0.0455840455840455,0,0
1,3.2,10,15,48,1,0.0332225913621262,0,1
1,3.4,13,28,40,1,0.086092715231788,0,0
2,2.8,12,15,68,3,0.0133185349611542,0,0
1,2.8,12,27,51,1,0.047808764940239,0,0
1,3.3,30,12,53,1,0.1986754966887417,0,0
1,3.1,10,18,29,1,0.099009900990099,0,0
3,3.1,15,16,50,3,0.0136239782016348,1,0
1,2.8,12,7,50,1,0.0794701986754966,0,0
2,2.6,32,6,50,2,0.0532445923460898,0,1
1,3.0,7,9,49,2,0.0578512396694214,0,0
1,2.8,20,16,62,1,0.099502487562189,0,0
1,3.1,21,19,53,1,0.1390728476821192,0,0
1,3.2,14,17,59,3,0.0398860398860398,0,0
1,2.8,14,17,45,2,0.0465116279069767,0,0
1,0.0,0,21,24,2,0.0,0,0
1,0.0,0,24,71,1,0.0,0,0
1,0.0,1,24,29,2,0.0049751243781094,0,0
1,0.0,0,15,54,1,0.0,0,0
1,0.0,0,18,39,2,0.0,0,0
1,0.0,0,15,68,1,0.0,0,0
1,0.0,0,21,59,2,0.0,0,0
1,0.0,1,11,60,1,0.0033222591362126,0,0
1,0.0,0,9,40,1,0.0,0,0
1,0.0,0,17,50,1,0.0,0,0
1,0.0,0,7,47,1,0.0,0,0
1,0.0,0,13,39,2,0.0,0,0
1,0.0,2,21,48,2,0.0132450331125827,0,0
1,0.0,0,11,38,2,0.0,0,0
1,0.0,0,19,34,1,0.0,0,0
1,0.0,1,19,47,1,0.0039840637450199,0,0
1,0.0,1,11,29,1,0.0099009900990099,0,0
1,0.0,3,19,39,1,0.0099667774086378,0,0
1,0.0,2,19,45,2,0.0198019801980198,0,0
1,0.0,0,24,49,1,0.0,0,0
2,0.0,2,21,68,2,0.0033277870216306,0,0
1,0.0,0,12,50,1,0.0,0,0
1,0.0,0,13,57,1,0.0,0,0
1,0.0,0,23,35,3,0.0,0,0
1,0.0,0,23,37,1,0.0,0,0
1,0.0,2,18,37,1,0.0079681274900398,0,0
1,0.0,0,12,53,1,0.0,0,0
1,0.0,1,6,69,2,0.0028490028490028,0,0
1,0.0,0,13,63,2,0.0,0,0
1,0.0,0,11,70,1,0.0,0,0
2,0.0,0,6,86,3,0.0,0,0
1,0.0,0,20,69,2,0.0,0,0
1,0.0,0,12,49,2,0.0,0,0
1,0.0,0,19,68,1,0.0,0,0
2,0.0,0,32,65,3,0.0,0,0
1,0.0,0,25,66,2,0.0,0,0
1,2.7,38,7,53,2,0.0947630922693266,0,0
3,2.8,105,25,61,5,0.0552340873224618,1,0
1,2.8,11,18,45,1,0.0728476821192053,0,0
1,2.9,4,30,59,6,0.0088691796008869,0,0
1,3.1,13,15,65,1,0.0288248337028824,0,0
1,3.0,38,15,56,1,0.0842572062084257,0,1
1,3.2,9,12,49,3,0.0299003322259136,0,1
2,3.0,71,14,41,2,0.101283880171184,0,0
1,3.0,12,6,48,2,0.0794701986754966,0,0
1,3.1,8,17,59,1,0.0398009950248756,0,0
1,3.1,14,17,47,3,0.0557768924302788,0,0
1,3.2,14,13,46,1,0.0696517412935323,0,0
1,3.1,11,8,61,2,0.0438247011952191,0,0
1,3.0,27,14,48,2,0.1075697211155378,0,0
1,3.4,29,4,57,3,0.0723192019950124,0,0
1,2.5,94,6,43,1,0.2084257206208425,0,1
3,3.1,14,15,61,2,0.0139860139860139,1,1
4,3.7,142,4,55,3,0.0302063390767921,0,0
2,3.7,177,10,62,2,0.3532934131736527,0,1
1,3.9,104,17,50,1,0.5174129353233831,0,0
2,3.6,103,18,50,3,0.1285892634207241,0,1
2,3.6,58,13,79,3,0.0724094881398252,0,0
2,3.6,142,6,42,4,0.2834331337325349,0,0
1,0.0,2,9,47,1,0.0079681274900398,0,0
1,0.0,1,18,55,1,0.0066225165562913,0,0
2,0.0,1,13,52,2,0.0018148820326678,0,0
1,0.0,0,23,71,1,0.0,0,0
1,0.0,1,11,69,1,0.0049751243781094,0,0
1,0.0,1,19,60,1,0.0024937655860349,0,0
1,0.0,0,20,67,1,0.0,0,0
3,2.4,184,13,72,2,0.1838161838161838,1,1
3,4.4,1293,12,69,2,0.9229122055674518,1,1
3,2.8,21,22,72,1,0.0116601887840088,1,0
1,3.1,110,27,66,1,0.3654485049833887,0,0
2,3.4,89,11,50,8,0.161524500907441,0,1
1,3.3,32,15,49,1,0.0709534368070953,0,0
2,3.4,42,13,64,3,0.0838323353293413,0,1
1,3.3,32,9,64,1,0.1063122923588039,0,1
1,3.4,24,16,61,2,0.0532150776053215,0,0
1,2.8,23,4,57,2,0.0764119601328903,0,0
2,3.4,85,14,87,2,0.1212553495007132,0,0
2,2.9,45,7,47,2,0.0816696914700544,0,0
1,3.4,80,13,67,2,0.26578073089701,0,1
1,2.7,66,10,63,3,0.2192691029900332,0,0
1,3.2,31,28,66,2,0.0773067331670823,0,1
3,2.7,261,13,64,2,0.2607392607392607,1,1
3,3.3,211,9,62,3,0.2107892107892107,0,1
1,3.4,84,16,63,3,0.2393162393162393,0,1
1,3.4,49,11,47,1,0.1086474501108647,0,1
2,3.4,80,23,80,2,0.1596806387225549,0,1
2,3.4,60,23,64,2,0.0998336106489184,0,0
2,3.4,131,6,51,4,0.2614770459081836,0,1
3,3.4,391,8,60,4,0.2790863668807994,1,1
1,3.9,813,11,63,2,2.3162393162393164,0,0
1,3.7,459,3,63,1,2.283582089552239,0,0
2,3.6,426,11,70,2,0.8502994011976048,0,1
1,3.5,50,15,67,1,0.1108647450110864,0,0
1,3.6,69,17,63,2,0.1965811965811965,0,1
1,3.8,22,13,57,1,0.0730897009966777,0,0
1,3.6,87,5,64,2,0.2169576059850374,0,1
1,3.8,201,8,66,3,0.5012468827930174,0,0
1,3.6,139,12,69,2,0.3082039911308204,0,1
1,3.8,121,17,58,1,0.3017456359102244,0,1
1,3.8,23,26,61,2,0.1144278606965174,0,0
3,3.7,151,12,61,2,0.1257285595337219,1,1
1,3.8,29,21,85,1,0.0643015521064301,0,1
1,3.5,82,9,58,1,0.2044887780548628,0,0
1,3.5,34,26,57,3,0.2251655629139073,0,0
2,3.8,99,13,63,2,0.1976047904191616,0,0
1,3.9,155,12,79,2,0.3865336658354115,0,0
2,3.7,294,9,46,1,0.4194008559201141,0,0
1,3.6,22,14,51,1,0.0730897009966777,0,0
3,3.8,457,21,81,1,0.3261955745895789,1,0
1,3.5,13,5,70,1,0.0517928286852589,0,0
3,4.1,937,15,80,2,0.5852592129918801,0,0
2,4.0,20,9,49,2,0.0399201596806387,0,0
3,4.2,42,19,36,3,0.0419580419580419,0,1
1,4.1,156,7,55,2,0.3890274314214463,0,1
3,4.0,537,13,38,5,0.3252574197456087,0,0
3,4.0,277,7,67,5,0.2306411323896752,1,1
4,2.7,24,16,52,4,0.0095961615353858,1,0
2,2.9,8,8,61,2,0.0114122681883024,0,0
1,3.2,88,20,49,3,0.2507122507122507,0,1
2,3.0,5,11,53,2,0.0062421972534332,0,0
2,3.3,47,6,64,2,0.0938123752495009,0,0
2,3.3,62,9,41,3,0.0952380952380952,0,1
1,2.7,16,17,46,4,0.0399002493765586,0,0
2,2.9,4,23,40,2,0.0057061340941512,0,0
2,2.7,15,15,53,2,0.0249584026622296,0,0
2,2.8,95,14,62,2,0.1355206847360913,0,0
1,2.8,14,16,67,4,0.0398860398860398,0,0
1,3.0,7,6,72,2,0.0278884462151394,0,0
1,3.0,12,16,47,3,0.0341880341880341,0,0
1,3.1,7,15,76,2,0.0155210643015521,0,0
1,3.3,13,9,56,1,0.0324189526184538,0,1
2,2.9,9,20,67,1,0.0179640718562874,0,0
2,3.4,127,10,52,2,0.2534930139720558,0,1
2,3.1,10,14,48,3,0.0181488203266787,0,0
2,2.9,44,16,38,2,0.0549313358302122,0,1
2,2.9,28,22,80,2,0.0399429386590584,0,0
1,2.9,5,41,70,2,0.0142450142450142,0,0
2,2.9,6,9,71,2,0.0108892921960072,0,0
1,2.7,14,29,91,2,0.0696517412935323,0,0
1,3.2,27,25,76,2,0.1075697211155378,0,0
2,2.8,4,6,69,3,0.0053262316910785,1,0
2,3.0,8,13,63,2,0.0133111480865224,0,0
2,2.8,21,15,29,3,0.0262172284644194,0,0
1,3.6,129,13,50,2,0.3216957605985037,0,0
2,3.5,29,11,93,3,0.0362047440699126,0,1
2,3.8,17,9,91,3,0.0242510699001426,0,0
2,3.9,189,18,62,3,0.2359550561797752,0,1
2,3.5,30,15,48,2,0.0374531835205992,0,1
1,3.6,52,8,58,2,0.1481481481481481,0,0
1,0.0,1,20,85,1,0.0049751243781094,0,0
1,0.0,0,23,29,4,0.0,0,0
1,0.0,2,22,68,1,0.0079681274900398,0,0
1,0.0,2,9,53,1,0.0132450331125827,0,0
1,0.0,2,12,58,1,0.0066445182724252,0,0
1,0.0,2,15,65,1,0.0044345898004434,0,0
1,0.0,1,34,50,2,0.0033222591362126,0,0
1,0.0,2,29,35,2,0.0066445182724252,0,0
1,0.0,2,19,58,1,0.0044345898004434,0,0
1,0.0,0,16,59,1,0.0,0,0
1,0.0,3,17,77,1,0.0297029702970297,0,0
2,0.0,2,16,74,3,0.0028530670470756,0,0
2,0.0,1,12,63,2,0.0019960079840319,0,0
3,4.2,391,10,51,3,0.2171016102165463,1,1
3,3.2,36,11,48,3,0.0359640359640359,0,0
1,3.4,38,22,62,1,0.1262458471760797,0,0
1,2.9,10,21,52,2,0.0284900284900284,0,0
1,3.1,7,11,38,1,0.0199430199430199,0,0
1,3.2,40,19,69,2,0.1139601139601139,0,0
1,3.9,251,19,59,2,0.8338870431893688,0,0
2,3.7,360,7,62,2,0.449438202247191,1,1
1,0.0,2,16,39,1,0.0056980056980056,0,0
1,0.0,0,16,60,1,0.0,0,0
1,2.2,251,7,55,3,0.7150997150997151,0,0
1,3.3,27,13,24,1,0.1075697211155378,0,0
2,0.0,0,21,41,1,0.0,0,0
1,0.0,0,14,66,2,0.0,0,0
1,0.0,0,15,61,1,0.0,0,0
1,0.0,0,8,68,2,0.0,0,0
1,0.0,0,10,55,1,0.0,0,0
1,0.0,0,17,89,2,0.0,0,0
1,0.0,0,13,78,3,0.0,0,0
2,3.0,10,12,47,1,0.0199600798403193,0,1
2,3.2,18,12,74,3,0.0359281437125748,0,0
2,3.0,6,15,47,2,0.0085592011412268,0,0
1,3.5,26,15,47,2,0.0648379052369077,0,0
1,0.0,0,10,58,2,0.0,0,0
2,0.0,2,11,24,1,0.0033277870216306,0,0
3,3.1,5,7,61,2,0.0045413260672116,1,0
2,2.6,55,16,38,5,0.1097804391217564,0,0
1,3.1,8,6,61,2,0.0398009950248756,0,0
2,2.6,29,28,52,1,0.0386151797603195,0,0
2,3.2,69,13,61,1,0.0861423220973782,0,0
2,3.3,69,14,38,2,0.0984308131241084,0,0
2,3.2,36,12,61,1,0.0718562874251497,0,0
2,3.4,36,14,52,3,0.059900166389351,0,0
1,3.3,18,15,61,2,0.0895522388059701,0,0
1,2.7,17,12,49,2,0.0677290836653386,0,1
1,3.2,19,9,67,1,0.0473815461346633,0,0
2,2.6,47,3,52,2,0.0938123752495009,0,1
1,3.3,18,11,58,2,0.119205298013245,0,0
1,2.8,6,7,57,1,0.0149625935162094,0,0
2,2.6,71,13,61,1,0.0886392009987515,1,0
2,2.6,46,16,61,2,0.0656205420827389,0,0
2,3.6,53,12,54,1,0.0881863560732113,0,0
1,3.9,51,7,65,2,0.1271820448877805,0,0
3,3.7,792,25,52,3,0.4946908182386009,1,1
4,3.8,601,17,56,1,0.3003498250874563,1,1
2,3.5,65,6,53,4,0.1297405189620758,0,0
1,3.9,31,11,58,2,0.1235059760956175,0,0
1,3.5,35,14,61,1,0.1394422310756972,0,0
1,0.0,0,21,80,2,0.0,0,0
3,0.0,3,8,73,4,0.0029970029970029,1,0
1,0.0,1,7,61,1,0.0099009900990099,0,0
1,0.0,1,25,61,3,0.0024937655860349,0,0
1,2.9,5,9,45,2,0.0124688279301745,0,0
2,2.8,6,6,41,3,0.0099833610648918,0,0
2,3.1,14,8,109,1,0.0232945091514143,0,0
2,3.0,4,13,38,6,0.0079840319361277,0,0
1,2.7,16,15,59,1,0.0354767184035476,0,0
1,3.4,21,13,58,1,0.0598290598290598,0,0
2,3.2,38,10,60,3,0.0632279534109817,0,1
3,2.8,8,17,69,2,0.0072661217075386,1,0
1,2.9,4,12,39,1,0.0199004975124378,0,0
2,2.9,32,28,52,6,0.0355160932297447,1,0
2,3.1,29,14,52,2,0.0413694721825962,0,0
2,2.8,19,19,56,4,0.0271041369472182,0,0
2,3.2,18,15,44,5,0.0326678765880217,0,0
2,3.0,5,25,53,5,0.0083194675540765,0,1
2,2.9,11,8,41,3,0.0219560878243512,0,0
1,2.9,7,29,42,2,0.0232558139534883,0,0
2,2.9,8,14,39,2,0.0094007050528789,1,0
1,2.9,4,17,44,1,0.0159362549800796,0,0
2,2.8,17,12,66,3,0.0212234706616729,1,0
1,3.0,8,25,42,1,0.0398009950248756,0,0
1,3.0,6,26,50,1,0.0298507462686567,0,0
1,3.0,4,14,58,1,0.0159362549800796,0,0
1,3.0,9,12,25,2,0.044776119402985,0,0
1,3.2,18,11,39,3,0.0448877805486284,0,0
2,3.0,10,21,49,3,0.0110987791342952,1,0
3,3.1,17,27,66,2,0.0169830169830169,1,0
1,3.1,28,23,39,3,0.0930232558139534,0,0
2,2.9,32,19,63,4,0.0399500624219725,1,0
2,3.0,22,14,39,3,0.0313837375178316,0,0
2,2.8,18,16,43,1,0.0224719101123595,0,0
1,2.9,4,26,47,4,0.0199004975124378,0,0
2,3.2,679,19,79,4,0.9686162624821684,0,0
3,2.7,19,24,78,3,0.0189810189810189,1,0
2,3.2,22,44,82,4,0.0366056572379367,0,0
2,3.0,5,20,42,1,0.0099800399201596,0,0
1,3.3,25,14,48,1,0.0830564784053156,0,0
1,3.1,6,17,79,1,0.017094017094017,0,0
2,2.8,26,18,58,3,0.0324594257178526,0,1
3,3.1,14,7,61,2,0.01076095311299,1,0
1,3.2,12,19,39,2,0.0597014925373134,0,0
2,2.7,37,16,89,2,0.0738522954091816,0,1
2,2.9,9,25,61,3,0.0149750415973377,0,0
2,2.8,8,16,43,2,0.0099875156054931,0,0
1,3.1,5,30,40,1,0.0495049504950495,0,0
1,2.9,8,28,44,2,0.0265780730897009,0,0
1,2.7,7,27,42,2,0.0278884462151394,0,0
1,2.7,12,12,64,1,0.0597014925373134,0,0
2,3.4,37,10,56,3,0.0615640599001663,0,0
2,3.0,8,18,43,4,0.0094007050528789,1,0
3,3.2,18,24,39,3,0.012847965738758,1,0
2,2.8,10,27,45,2,0.016638935108153,0,0
2,3.0,11,9,46,3,0.0122086570477247,1,0
2,3.0,16,6,54,1,0.0266222961730449,0,0
2,2.9,7,9,56,3,0.0127041742286751,0,0
1,2.8,4,20,44,1,0.0199004975124378,0,0
3,2.7,13,22,58,1,0.0118074477747502,1,0
1,3.5,27,19,46,4,0.0673316708229426,0,0
1,3.5,39,12,38,1,0.0972568578553615,0,0
2,0.0,3,12,65,2,0.0049916805324459,0,0
1,0.0,1,10,52,1,0.0099009900990099,0,0
1,0.0,1,14,65,1,0.0099009900990099,0,0
3,0.0,2,29,48,2,0.0019980019980019,0,0
1,2.2,16,19,87,1,0.0399002493765586,0,0
1,4.3,1317,20,39,1,13.03960396039604,0,1
1,2.9,5,17,39,2,0.0166112956810631,0,0
1,2.9,5,22,51,1,0.0248756218905472,0,0
2,3.0,7,15,76,2,0.0116472545757071,0,0
1,2.9,4,26,70,3,0.0099750623441396,0,0
1,2.9,7,16,49,2,0.0174563591022443,0,0
1,3.0,10,18,73,2,0.0497512437810945,0,0
2,2.7,8,9,69,2,0.0122887864823348,0,0
1,2.9,5,14,38,2,0.0495049504950495,0,0
1,2.8,6,16,39,1,0.0298507462686567,0,0
1,3.0,5,13,51,1,0.0110864745011086,0,0
1,3.0,6,28,48,1,0.0397350993377483,0,0
1,2.8,6,12,48,2,0.0594059405940594,0,0
1,0.0,2,21,48,2,0.0198019801980198,0,0
1,0.0,2,21,40,1,0.0132450331125827,0,0
1,0.0,2,20,47,1,0.0198019801980198,0,0
1,0.0,1,22,46,4,0.0049751243781094,0,0
1,0.0,0,15,61,1,0.0,0,0
1,0.0,1,32,59,1,0.0099009900990099,0,0
1,0.0,0,13,76,1,0.0,0,0
1,0.0,1,19,57,1,0.0049751243781094,0,0
1,0.0,0,16,46,1,0.0,0,0
1,0.0,1,20,42,2,0.0099009900990099,0,0
1,0.0,2,16,50,1,0.0056980056980056,0,0
2,0.0,1,14,41,3,0.0016638935108153,0,0
1,0.0,0,23,51,1,0.0,0,0
2,0.0,1,14,53,2,0.0014265335235378,0,0
1,0.0,1,17,48,3,0.0049751243781094,0,0
1,0.0,0,18,62,2,0.0,0,0
1,0.0,0,15,57,1,0.0,0,0
1,0.0,2,12,49,1,0.0099502487562189,0,0
2,0.0,2,11,52,1,0.0033277870216306,0,0
1,0.0,1,38,68,1,0.0022172949002217,0,0
2,0.0,1,15,73,2,0.0019960079840319,0,0
1,0.0,1,28,46,1,0.0099009900990099,0,0
1,0.0,3,26,43,1,0.0198675496688741,0,0
1,0.0,0,21,68,3,0.0,0,0
1,0.0,0,5,69,1,0.0,0,0
1,0.0,1,23,58,2,0.0049751243781094,0,0
1,0.0,1,18,51,1,0.0028490028490028,0,0
1,0.0,0,11,67,2,0.0,0,0
1,0.0,0,8,55,1,0.0,0,0
1,0.0,3,12,42,1,0.0297029702970297,0,0
1,0.0,0,16,52,1,0.0,0,0
1,0.0,1,25,57,1,0.0099009900990099,0,0
2,0.0,2,18,80,2,0.0039920159680638,0,0
2,0.0,2,9,39,2,0.0039920159680638,0,0
2,0.0,2,9,54,2,0.0039920159680638,0,1
1,0.0,0,21,57,1,0.0,0,0
1,0.0,1,26,57,3,0.0049751243781094,0,0
1,0.0,1,25,59,2,0.0099009900990099,0,0
2,0.0,3,12,52,1,0.0059880239520958,0,0
2,0.0,0,15,93,3,0.0,0,0
1,0.0,1,19,52,1,0.0024937655860349,0,0
1,0.0,1,11,60,1,0.0049751243781094,0,0
1,0.0,1,22,46,1,0.0049751243781094,0,0
1,0.0,0,25,54,2,0.0,0,0
2,0.0,1,15,78,2,0.0019960079840319,0,0
1,0.0,3,16,43,1,0.0149253731343283,0,0
1,0.0,1,19,56,1,0.0099009900990099,0,0
1,0.0,1,24,52,1,0.0196078431372549,0,0
2,3.2,10,11,67,2,0.0199600798403193,0,0
1,3.2,4,7,81,2,0.0099750623441396,0,1
2,0.0,2,7,67,2,0.002219755826859,0,0
2,0.0,0,13,67,1,0.0,0,0
2,0.0,0,14,67,2,0.0,0,0
2,0.0,0,14,67,3,0.0,0,0
1,0.0,2,9,67,1,0.0049875311720698,0,0
2,0.0,1,11,67,2,0.0015360983102918,0,0
1,0.0,0,9,67,2,0.0,0,0
1,3.3,46,17,61,2,0.1147132169576059,0,0
2,3.4,66,22,55,2,0.1197822141560798,0,1
2,3.1,11,27,49,1,0.0156918687589158,0,0
2,4.3,108,8,48,2,0.1198668146503884,0,1
1,3.3,39,7,30,2,0.0972568578553615,0,0
1,3.5,39,14,51,1,0.1295681063122923,0,0
3,3.6,447,11,37,3,0.2978014656895403,1,1
3,3.9,768,7,33,3,0.6394671107410491,1,1
1,3.8,154,16,38,2,0.7661691542288557,0,0
3,3.8,337,5,34,3,0.1981187536743092,1,1
3,3.8,600,10,33,1,0.4995836802664446,0,1
3,4.4,64,12,45,1,0.0399750156152404,1,0
3,4.4,4373,6,33,2,2.9133910726182544,0,1
3,4.1,1157,8,37,1,0.770819453697535,1,0
1,2.9,5,15,51,1,0.0199203187250996,0,0
1,2.9,4,18,41,2,0.0113960113960113,0,0
1,0.0,0,19,48,2,0.0,0,0
1,0.0,1,20,47,1,0.0033222591362126,0,0
1,0.0,1,19,47,1,0.0033222591362126,0,0
2,0.0,0,14,69,2,0.0,0,0
1,0.0,0,7,57,2,0.0,0,0
1,0.0,0,17,23,2,0.0,0,0
1,0.0,0,14,43,2,0.0,0,0
2,0.0,0,24,23,1,0.0,0,0
1,0.0,1,14,52,1,0.0039840637450199,0,0
1,0.0,0,15,44,1,0.0,0,0
1,0.0,0,28,45,1,0.0,0,0
2,0.0,0,10,45,1,0.0,0,0
1,0.0,0,8,43,1,0.0,0,0
1,0.0,0,13,60,1,0.0,0,0
1,0.0,3,14,45,1,0.0099667774086378,0,0
1,0.0,1,21,51,2,0.0033222591362126,0,0
1,0.0,0,11,47,1,0.0,0,0
1,0.0,0,16,51,2,0.0,0,0
1,2.7,30,20,54,1,0.0854700854700854,0,1
2,2.9,38,13,37,2,0.0758483033932135,0,1
1,2.8,53,18,45,2,0.1321695760598503,0,0
1,3.1,15,9,47,2,0.0597609561752988,0,1
1,3.3,40,15,51,1,0.0886917960088691,0,0
1,3.3,14,12,24,1,0.0398860398860398,0,0
2,3.3,49,14,86,3,0.08153078202995,0,1
1,3.3,21,12,41,2,0.1044776119402985,0,1
1,3.2,9,8,38,1,0.0299003322259136,0,0
1,2.9,44,14,50,2,0.1461794019933555,0,0
2,3.1,24,15,75,1,0.0479041916167664,0,1
2,3.2,111,14,56,2,0.1583452211126961,0,0
1,3.3,51,16,49,3,0.1452991452991453,0,1
1,3.4,23,10,67,3,0.0764119601328903,0,1
1,3.4,46,17,32,2,0.4554455445544554,0,0
2,3.2,50,17,49,2,0.0713266761768901,0,1
1,3.2,34,20,62,1,0.2251655629139073,0,0
1,3.4,27,20,37,1,0.0673316708229426,0,1
1,3.1,27,20,43,1,0.0897009966777408,0,0
2,2.9,37,9,73,1,0.0615640599001663,0,1
2,3.3,31,7,66,3,0.06187624750499,0,1
2,3.3,94,10,46,2,0.1876247504990019,0,1
1,3.2,37,16,47,1,0.147410358565737,0,0
1,3.0,43,21,43,2,0.1428571428571428,0,1
2,3.4,46,15,65,1,0.0656205420827389,0,0
2,3.4,75,11,54,2,0.0936329588014981,0,1
2,3.1,58,18,61,3,0.0724094881398252,0,1
1,2.7,36,9,63,1,0.1791044776119403,0,0
1,2.7,16,13,47,3,0.0354767184035476,0,0
1,3.3,31,15,50,3,0.0773067331670823,0,0
2,3.4,39,13,63,2,0.0599078341013824,0,1
1,3.2,92,17,65,3,0.2621082621082621,0,1
2,2.5,78,13,40,2,0.129783693843594,0,1
1,2.6,49,3,37,1,0.3245033112582781,0,0
1,3.2,49,13,66,2,0.1086474501108647,0,0
1,3.4,35,16,50,2,0.1394422310756972,0,0
1,2.7,27,16,57,2,0.1075697211155378,0,0
2,3.2,95,13,62,3,0.1186017478152309,1,1
1,3.4,65,15,37,1,0.3233830845771144,0,1
1,2.8,29,15,73,2,0.0963455149501661,0,0
2,3.2,32,7,51,3,0.058076225045372,0,0
2,3.6,40,15,54,1,0.0798403193612774,0,0
1,3.8,63,18,24,2,0.1571072319201995,0,1
2,3.5,18,10,48,1,0.0256776034236804,0,0
1,3.6,52,7,80,2,0.1727574750830564,0,1
1,3.5,107,16,44,2,0.3048433048433048,0,0
2,3.8,105,17,50,2,0.190562613430127,0,1
2,3.6,29,13,46,1,0.0482529118136439,0,1
1,3.5,75,15,45,1,0.373134328358209,0,1
1,3.5,76,13,47,1,0.1895261845386533,0,1
1,3.6,108,11,33,2,0.3588039867109635,0,1
2,3.6,75,22,92,3,0.124792013311148,0,1
1,2.1,68,11,86,2,0.2259136212624584,0,1
1,2.2,43,14,45,2,0.1072319201995012,0,1
2,2.1,45,6,61,3,0.0641940085592011,0,1
2,2.3,31,6,51,4,0.06187624750499,0,1
3,3.1,18,4,65,3,0.0149875104079933,1,0
1,2.8,15,9,47,2,0.0374064837905236,0,1
2,3.0,5,9,61,3,0.0099800399201596,0,0
1,2.8,55,13,59,2,0.1219512195121951,0,1
1,3.2,12,22,60,1,0.0299251870324189,0,0
2,3.4,27,20,73,3,0.0538922155688622,0,1
1,3.7,59,11,44,2,0.1960132890365448,0,0
1,3.5,65,5,82,2,0.1620947630922693,0,0
4,2.6,67,22,62,3,0.0334832583708145,1,0
3,3.4,67,24,40,3,0.0608537693006357,1,1
1,2.8,7,12,42,1,0.0232558139534883,0,0
1,3.1,4,16,61,1,0.0396039603960396,0,0
1,3.0,4,9,48,1,0.0132890365448504,0,1
1,3.2,9,11,30,2,0.0256410256410256,0,1
2,2.6,113,19,46,2,0.17357910906298,0,1
3,2.8,27,19,75,4,0.0168644597126795,0,0
1,2.8,63,3,52,2,0.1571072319201995,0,0
2,3.2,29,14,78,1,0.0445468509984639,0,0
2,3.2,161,6,49,4,0.3213572854291417,0,1
1,3.2,38,11,48,3,0.0947630922693266,0,1
2,2.5,75,24,87,2,0.124792013311148,0,0
2,3.2,45,24,62,2,0.0748752079866888,0,0
1,2.9,60,11,37,1,0.1330376940133037,0,1
3,3.3,10,9,38,4,0.0099900099900099,1,0
1,3.4,33,14,45,3,0.1314741035856573,0,1
2,3.2,73,14,57,2,0.1041369472182596,0,0
2,2.6,65,14,65,2,0.0927246790299572,0,0
1,3.3,72,10,64,2,0.1795511221945137,0,1
2,2.5,7,19,63,2,0.0116472545757071,0,0
1,3.1,36,7,45,2,0.0897755610972568,0,1
1,2.9,6,5,58,2,0.0149625935162094,0,0
1,3.0,5,13,55,2,0.0248756218905472,0,1
1,3.1,41,14,55,2,0.271523178807947,0,0
2,2.8,20,8,60,2,0.0399201596806387,0,1
1,3.1,12,23,45,2,0.0597014925373134,0,0
1,3.1,25,11,51,3,0.0623441396508728,0,1
2,3.3,58,10,62,2,0.1157684630738523,0,1
2,2.8,49,15,76,2,0.08153078202995,0,1
1,3.2,31,6,85,1,0.0883190883190883,0,1
1,3.2,39,30,71,2,0.0972568578553615,0,0
2,2.7,43,18,52,2,0.0858283433133732,0,1
2,2.7,7,18,43,2,0.0139720558882235,0,1
2,3.1,15,15,51,3,0.0249584026622296,0,1
1,3.3,110,13,81,2,0.2743142144638404,0,0
2,3.3,31,20,71,2,0.0562613430127041,0,1
2,2.6,4,18,57,3,0.0079840319361277,0,1
2,2.6,48,11,69,1,0.0639147802929427,0,1
1,2.9,9,16,66,1,0.0224438902743142,0,0
2,3.3,24,7,89,3,0.0399334442595673,0,1
1,2.7,8,21,83,2,0.0199501246882793,0,1
2,3.1,26,19,84,2,0.043261231281198,0,0
1,3.1,13,25,45,1,0.0324189526184538,0,0
2,3.2,158,14,55,2,0.3153692614770459,0,1
2,3.0,80,21,52,2,0.1331114808652246,0,1
2,3.4,25,18,61,3,0.0415973377703826,0,0
2,3.3,77,6,37,4,0.1536926147704591,0,1
3,3.4,21,18,117,3,0.0209790209790209,1,0
1,3.0,7,14,43,2,0.0174563591022443,0,0
1,3.3,85,14,68,3,0.2823920265780731,0,1
2,3.3,128,18,64,1,0.2554890219560878,0,1
1,3.0,4,9,40,2,0.0159362549800796,0,0
1,3.0,5,19,70,1,0.0495049504950495,0,0
1,3.3,34,24,46,2,0.1129568106312292,0,0
2,3.1,19,10,64,3,0.0316139767054908,0,1
1,3.7,71,12,38,3,0.2022792022792023,0,0
1,3.9,91,13,34,1,0.900990099009901,0,0
1,3.5,26,13,61,2,0.1035856573705179,0,0
1,3.6,93,11,37,2,0.3089700996677741,0,0
1,3.6,68,16,34,3,0.1937321937321937,0,0
1,3.6,40,9,72,2,0.1139601139601139,0,0
1,3.9,63,20,46,2,0.2093023255813953,0,1
2,3.9,92,10,20,2,0.1530782029950083,0,1
2,3.6,103,20,50,3,0.1469329529243937,0,0
2,3.7,105,6,47,2,0.1747088186356073,0,0
1,3.5,10,24,54,1,0.0332225913621262,0,0
1,3.7,57,9,54,1,0.5643564356435643,0,0
2,3.6,79,9,44,1,0.1576846307385229,0,0
1,3.9,72,11,47,2,0.2392026578073089,0,1
1,3.6,27,23,50,1,0.0673316708229426,0,0
1,3.5,33,13,52,1,0.1641791044776119,0,1
1,3.5,32,14,70,2,0.0911680911680911,0,1
2,3.6,379,19,20,4,0.398527865404837,0,1
1,3.5,98,37,42,1,0.9702970297029704,0,1
1,0.0,0,7,56,3,0.0,0,0
1,0.0,0,14,26,1,0.0,0,0
1,0.0,0,13,52,1,0.0,0,0
1,0.0,0,16,45,1,0.0,0,0
1,0.0,3,10,37,2,0.0149253731343283,0,1
1,0.0,2,32,42,2,0.0099502487562189,0,0
1,0.0,2,26,70,2,0.0099502487562189,0,0
1,0.0,1,7,50,1,0.0049751243781094,0,0
1,2.4,69,37,58,1,0.2292358803986711,0,1
2,2.4,37,10,58,5,0.0738522954091816,0,1
2,2.3,131,11,70,3,0.2179700499168053,0,1
1,3.3,100,19,46,1,0.3322259136212624,0,0
3,4.5,2213,9,71,3,1.84263114071607,0,0
2,3.2,17,20,46,2,0.0282861896838602,0,0
1,3.1,9,10,47,1,0.0596026490066225,0,0
2,3.0,4,7,51,2,0.0079840319361277,0,0
1,3.3,13,21,71,1,0.0646766169154228,0,0
1,3.0,12,7,33,2,0.0299251870324189,0,0
1,2.8,24,12,61,2,0.1589403973509933,0,0
4,3.2,11,6,50,3,0.0045814244064972,1,0
1,2.8,12,21,55,1,0.0341880341880341,0,0
2,3.2,19,15,62,2,0.0344827586206896,0,0
1,0.0,0,24,60,2,0.0,0,0
1,0.0,0,8,32,1,0.0,0,0
1,0.0,2,19,52,1,0.0099502487562189,0,0
1,0.0,0,11,74,2,0.0,0,0
1,0.0,3,9,59,1,0.0074812967581047,0,0
1,0.0,0,9,65,1,0.0,0,0
1,0.0,0,11,65,1,0.0,0,0
1,0.0,1,18,44,2,0.0039840637450199,0,0
3,2.9,48,7,39,3,0.0266518600777345,1,1
2,3.4,67,6,48,2,0.0836454431960049,1,1
2,3.4,81,11,59,6,0.1616766467065868,0,0
2,3.4,135,8,63,3,0.1685393258426966,0,0
2,3.0,8,18,61,3,0.0099875156054931,1,0
2,2.8,102,14,41,2,0.1455064194008559,0,0
1,3.2,51,7,47,2,0.1271820448877805,0,1
1,2.9,6,6,49,2,0.0239043824701195,0,0
1,3.0,4,16,109,3,0.0113960113960113,0,0
1,3.3,47,17,41,2,0.1561461794019933,0,0
2,2.7,15,13,66,1,0.0249584026622296,0,1
2,2.5,84,7,78,2,0.1198288159771754,0,1
1,3.0,10,22,92,3,0.0332225913621262,0,0
1,3.2,18,11,61,1,0.119205298013245,0,0
1,3.1,9,15,47,3,0.0224438902743142,0,0
1,3.1,177,9,43,2,0.5880398671096345,0,1
1,3.0,5,18,46,2,0.0199203187250996,0,0
1,3.1,6,5,28,1,0.0298507462686567,0,0
1,3.1,7,19,46,1,0.0199430199430199,0,0
1,2.9,6,10,46,2,0.0298507462686567,0,0
2,3.2,24,21,82,3,0.0479041916167664,0,0
2,3.3,121,13,42,3,0.1510611735330836,1,1
1,3.4,32,15,64,1,0.1274900398406374,0,0
1,3.3,17,14,54,2,0.0376940133037694,0,1
2,3.1,8,9,22,2,0.0159680638722554,0,0
2,3.5,145,15,47,1,0.2894211576846307,0,1
2,3.5,44,12,22,3,0.0732113144758735,0,1
2,3.7,50,9,60,3,0.0998003992015968,0,1
2,3.6,100,20,38,1,0.117508813160987,0,0
1,0.0,1,14,57,1,0.0033222591362126,0,1
1,0.0,2,10,95,3,0.0066445182724252,0,0
1,0.0,3,12,65,1,0.0066518847006651,0,0
1,0.0,0,18,115,1,0.0,0,0
1,0.0,0,9,62,1,0.0,0,0
1,0.0,0,10,68,1,0.0,0,0
1,0.0,1,5,45,2,0.0024937655860349,0,0
1,0.0,2,19,67,1,0.0099502487562189,0,0
1,0.0,0,12,64,2,0.0,0,0
1,0.0,0,19,67,1,0.0,0,0
1,0.0,0,16,59,2,0.0,0,0
1,0.0,0,14,52,2,0.0,0,0
1,0.0,1,18,55,2,0.0049751243781094,0,0
1,0.0,0,17,41,1,0.0,0,0
1,0.0,0,14,38,1,0.0,0,0
1,0.0,1,21,66,1,0.0024937655860349,0,0
1,0.0,0,20,61,1,0.0,0,0
2,0.0,2,15,82,2,0.0033277870216306,0,0
1,0.0,0,20,52,1,0.0,0,0
2,2.4,62,15,82,2,0.1125226860254083,0,1
4,3.0,32,18,54,2,0.015992003998001,1,0
4,3.1,18,20,54,1,0.0081781008632439,1,0
4,3.1,7,28,65,1,0.0027988804478208,1,0
4,0.0,0,30,64,2,0.0,0,0
2,0.0,0,36,60,1,0.0,0,0
1,3.3,18,23,48,1,0.0717131474103585,0,1
3,3.4,140,20,72,2,0.1076095311299,1,0
2,3.3,49,12,62,3,0.0611735330836454,1,0
2,3.2,129,11,42,7,0.234119782214156,0,1
1,3.2,24,13,65,1,0.0797342192691029,0,1
2,3.3,10,36,40,1,0.0124843945068664,0,1
2,2.6,10,13,53,1,0.016638935108153,0,1
2,3.1,8,10,53,2,0.0159680638722554,0,0
1,3.2,50,9,83,1,0.1661129568106312,0,1
2,3.2,25,14,61,2,0.031210986267166,0,1
2,3.1,45,22,40,1,0.0691244239631336,0,0
2,3.4,24,15,52,2,0.0299625468164794,0,1
2,3.2,112,14,51,2,0.1597717546362339,0,0
1,3.2,17,33,39,1,0.0484330484330484,0,0
2,3.2,23,10,63,1,0.0459081836327345,0,0
1,3.4,37,5,59,2,0.0922693266832917,0,1
2,3.3,57,14,50,3,0.0948419301164725,0,1
2,3.2,23,5,50,2,0.038269550748752,0,1
2,2.7,55,6,81,1,0.0998185117967332,0,1
1,3.3,48,17,106,2,0.1594684385382059,0,0
2,3.4,128,11,67,4,0.2129783693843594,0,1
3,3.4,198,9,93,5,0.1521906225980015,1,1
2,2.7,78,8,23,3,0.155688622754491,0,0
2,3.2,54,6,70,3,0.0898502495840266,0,0
3,2.5,70,16,62,3,0.0582847626977518,1,1
1,3.0,27,13,60,2,0.0598669623059867,0,0
1,3.1,15,19,81,2,0.0374064837905236,0,0
2,3.4,111,13,43,3,0.1385767790262172,1,1
3,3.4,84,24,76,2,0.0699417152373022,1,1
2,2.6,167,6,62,4,0.3333333333333333,0,1
1,3.3,42,13,72,2,0.2781456953642384,0,0
2,3.1,103,15,34,1,0.1285892634207241,0,1
2,3.4,18,17,23,4,0.0359281437125748,0,0
3,3.4,148,20,38,4,0.0821765685730149,1,1
2,3.4,27,14,49,3,0.0359520639147802,0,1
1,3.2,24,17,80,2,0.0797342192691029,0,0
1,3.2,63,23,49,3,0.1396895787139689,0,0
2,4.6,61,11,23,3,0.0870185449358059,0,1
2,3.6,198,8,70,2,0.2326674500587544,0,1
2,3.6,68,15,59,2,0.1131447587354409,0,1
2,3.5,180,17,61,4,0.2567760342368045,0,1
1,3.6,58,15,98,1,0.1286031042128603,0,0
2,3.9,75,12,57,2,0.0832408435072142,0,1
3,3.8,96,30,42,4,0.0799333888426311,1,0
3,3.8,140,39,58,1,0.0932711525649566,1,0
1,3.7,96,17,88,2,0.3189368770764119,0,0
1,3.5,36,22,80,2,0.23841059602649,0,0
1,3.5,19,4,55,1,0.0631229235880398,0,1
1,3.9,89,29,59,2,0.2219451371571072,0,1
2,3.7,141,10,67,2,0.281437125748503,0,1
2,3.5,150,13,67,3,0.2304147465437788,0,1
2,3.6,64,17,63,4,0.0710321864594894,1,1
2,3.6,68,10,79,2,0.1234119782214156,0,1
3,3.6,47,19,73,3,0.0260966129927817,1,1
2,3.6,203,19,39,4,0.213459516298633,0,1
3,3.8,121,29,56,4,0.0636507101525512,1,0
3,3.6,127,9,57,1,0.1057452123230641,1,1
2,4.0,147,14,23,2,0.1957390146471371,0,0
1,4.1,99,12,42,2,0.3944223107569721,0,1
3,4.0,126,20,45,3,0.1258741258741259,1,0
2,3.2,159,7,60,2,0.3173652694610778,0,0
2,2.5,253,14,40,2,0.3609129814550642,0,0
2,3.1,151,8,43,3,0.1774383078730904,1,0
3,2.8,249,13,69,2,0.191391237509608,1,0
2,3.2,115,6,40,4,0.2295409181636726,0,1
2,3.6,116,11,36,2,0.2315369261477046,0,1
1,3.7,223,14,43,1,0.4944567627494456,0,0
2,3.6,219,10,62,2,0.437125748502994,0,1
1,3.8,79,10,45,2,0.2624584717607973,0,1
3,3.9,96,14,57,3,0.0639573617588274,1,0
1,2.4,109,10,60,2,0.362126245847176,0,1
3,4.4,317,6,58,6,0.2262669521770164,1,1
3,4.4,326,15,39,2,0.2714404662781016,0,1
1,2.9,6,18,72,2,0.0239043824701195,0,0
2,2.9,4,15,54,1,0.0066555740432612,0,1
1,2.9,4,10,51,2,0.0159362549800796,0,0
1,0.0,0,15,91,1,0.0,0,0
1,0.0,0,9,58,2,0.0,0,0
1,0.0,0,17,89,1,0.0,0,0
2,0.0,1,21,70,1,0.0018148820326678,0,0
1,0.0,0,11,58,3,0.0,0,0
1,0.0,1,24,69,1,0.0066225165562913,0,0
2,0.0,3,24,61,3,0.0049916805324459,0,0
2,0.0,0,12,62,2,0.0,0,0
1,0.0,1,31,74,1,0.0066225165562913,0,0
1,0.0,3,13,66,1,0.0297029702970297,0,0
1,0.0,1,28,73,1,0.0028490028490028,0,0
1,0.0,0,20,58,2,0.0,0,0
1,0.0,3,18,68,1,0.0085470085470085,0,0
1,0.0,2,15,58,1,0.0198019801980198,0,0
1,0.0,3,17,78,2,0.0074812967581047,0,0
1,0.0,1,14,80,2,0.0024937655860349,0,0
1,0.0,0,26,75,1,0.0,0,0
1,0.0,3,17,75,1,0.0149253731343283,0,0
2,0.0,0,30,77,1,0.0,0,0
1,0.0,0,28,58,2,0.0,0,0
1,2.9,11,24,47,1,0.0313390313390313,0,0
1,2.5,17,13,52,2,0.1683168316831683,0,0
2,3.2,67,16,48,2,0.074361820199778,1,1
1,3.0,10,16,46,3,0.0284900284900284,0,0
1,2.9,11,24,70,3,0.0547263681592039,0,0
2,2.9,102,17,41,1,0.1697171381031613,0,1
1,2.6,53,12,45,2,0.1175166297117516,0,1
1,3.0,5,12,51,1,0.0331125827814569,0,0
2,3.3,163,17,60,2,0.250384024577573,0,1
1,3.1,5,5,56,2,0.0124688279301745,0,0
2,3.7,629,17,64,2,0.7852684144818977,0,1
1,3.7,148,13,61,1,0.736318407960199,0,0
1,3.9,193,14,41,2,0.7689243027888446,0,0
2,3.6,447,19,20,4,0.4700315457413249,0,1
1,0.0,0,20,60,3,0.0,0,0
1,0.0,0,15,28,3,0.0,0,0
1,0.0,0,12,51,1,0.0,0,0
2,0.0,0,15,57,1,0.0,0,1
1,0.0,1,13,64,2,0.0066225165562913,0,0
1,0.0,0,11,51,2,0.0,0,0
2,0.0,0,13,56,2,0.0,0,1
2,0.0,0,13,49,2,0.0,0,0
2,0.0,1,7,57,2,0.0016638935108153,0,1
1,0.0,0,17,56,3,0.0,0,0
1,0.0,0,11,55,1,0.0,0,0
1,0.0,0,13,42,1,0.0,0,0
2,0.0,1,18,56,1,0.0015360983102918,0,0
2,0.0,0,12,64,1,0.0,0,0
1,0.0,1,15,20,4,0.0028490028490028,0,0
1,0.0,0,31,59,1,0.0,0,0
2,0.0,1,15,37,2,0.0019960079840319,0,1
1,0.0,0,22,34,1,0.0,0,0
1,0.0,2,16,38,1,0.0056980056980056,0,0
1,0.0,0,18,37,2,0.0,0,0
1,0.0,3,12,58,1,0.0066518847006651,0,0
1,0.0,0,21,41,2,0.0,0,0
2,2.4,30,16,39,3,0.0399467376830892,0,1
1,4.1,881,21,66,1,2.197007481296758,0,0
1,2.9,9,15,73,1,0.0199556541019955,0,0
4,3.3,24,39,85,1,0.0095961615353858,1,0
4,4.5,295,36,85,1,0.0983005664778407,1,0
3,3.7,33,39,85,1,0.0329670329670329,0,0
3,3.6,26,42,85,1,0.0259740259740259,0,0
4,4.4,315,30,85,3,0.104965011662779,1,0
4,4.2,532,50,85,2,0.1772742419193602,1,0
4,3.1,40,24,72,2,0.0199900049975012,0,0
4,3.3,36,26,72,1,0.0143942423030787,1,0
2,3.4,91,10,51,2,0.1816367265469061,0,1
3,3.2,221,12,42,3,0.2007266121707538,0,1
2,3.9,1485,4,48,4,2.118402282453637,0,0
3,3.8,1082,22,77,4,0.9009159034138218,0,0
1,0.0,0,13,44,1,0.0,0,0
2,0.0,0,11,46,1,0.0,0,0
2,0.0,0,13,46,1,0.0,0,0
2,0.0,0,14,46,1,0.0,0,0
1,3.4,76,15,59,2,0.1685144124168514,0,0
2,2.5,31,11,51,3,0.0515806988352745,0,1
2,3.4,58,8,87,2,0.0681551116333725,0,1
2,2.5,78,33,71,3,0.097378277153558,1,1
1,3.3,32,14,37,1,0.1063122923588039,0,0
1,2.8,11,21,57,2,0.0728476821192053,0,0
1,2.6,26,11,49,1,0.0576496674057649,0,0
1,2.9,37,15,44,1,0.082039911308204,0,1
1,2.6,29,14,51,2,0.0826210826210826,0,0
1,3.0,6,13,50,1,0.0495867768595041,0,0
2,2.7,5,11,33,2,0.0083194675540765,0,1
1,2.7,16,13,46,2,0.1584158415841584,0,0
2,2.9,119,14,81,2,0.1697574893009985,0,0
1,2.9,6,11,34,1,0.0298507462686567,0,0
2,3.4,50,25,25,4,0.0831946755407653,0,1
2,2.5,165,18,78,2,0.2197070572569907,1,1
1,3.1,12,13,65,1,0.0341880341880341,0,0
2,3.0,14,12,56,3,0.0279441117764471,0,1
1,3.4,20,13,48,3,0.0664451827242525,0,0
1,2.9,4,13,56,2,0.0132890365448504,0,0
1,2.8,117,18,89,1,0.388704318936877,0,0
1,3.3,40,5,59,2,0.132890365448505,0,0
1,3.2,17,16,63,3,0.0484330484330484,0,0
1,2.8,7,16,39,2,0.0348258706467661,0,1
1,2.5,111,7,46,2,0.3687707641196013,0,0
1,2.9,66,26,87,2,0.2192691029900332,0,0
2,3.0,110,6,83,2,0.1689708141321044,0,1
2,3.2,6,10,71,1,0.0119760479041916,0,1
1,3.0,6,16,31,1,0.0149625935162094,0,0
1,2.6,24,18,63,1,0.2376237623762376,0,0
1,2.7,29,11,52,2,0.0826210826210826,0,0
2,3.0,58,22,70,1,0.0772303595206391,0,0
2,2.6,169,23,70,3,0.1875693673695893,1,0
1,2.7,11,13,60,3,0.0438247011952191,0,1
1,2.8,55,14,52,1,0.1566951566951566,0,1
3,3.2,102,30,52,3,0.1018981018981019,1,1
1,2.9,10,18,35,2,0.0398406374501992,0,0
2,2.6,135,14,73,2,0.2246256239600665,0,0
1,3.1,25,14,44,1,0.0830564784053156,0,0
1,3.4,79,20,51,2,0.5231788079470199,0,0
2,3.2,13,12,99,2,0.0162297128589263,0,1
1,3.0,12,10,67,1,0.0398671096345514,0,0
2,2.6,22,28,49,2,0.0366056572379367,0,0
2,2.9,5,27,48,1,0.0083194675540765,0,0
1,2.8,33,19,74,2,0.0822942643391521,0,0
2,2.7,120,11,57,3,0.1996672212978369,0,1
1,3.0,7,23,50,2,0.0232558139534883,0,0
1,3.0,4,20,36,1,0.0132890365448504,0,0
1,3.1,7,15,90,1,0.0278884462151394,0,0
1,2.7,22,18,56,2,0.1094527363184079,0,0
2,2.6,10,17,67,1,0.016638935108153,0,1
1,2.7,84,15,53,2,0.2094763092269326,0,1
1,2.7,18,17,56,1,0.0717131474103585,0,0
2,3.4,152,6,36,4,0.3033932135728543,0,1
2,3.2,27,16,56,2,0.0449251247920133,0,0
1,2.7,41,13,59,1,0.1362126245847176,0,0
2,2.5,40,17,75,2,0.0798403193612774,0,1
2,2.8,7,20,60,2,0.0077691453940066,0,1
1,3.4,21,14,59,3,0.0836653386454183,0,1
2,2.6,7,10,55,1,0.0139720558882235,0,1
2,2.9,135,16,80,3,0.1925820256776034,0,1
1,3.2,53,18,47,1,0.150997150997151,0,0
1,3.1,140,6,68,2,0.3988603988603988,0,1
1,3.7,25,12,80,2,0.0830564784053156,0,1
1,3.6,83,5,55,2,0.2757475083056478,0,0
1,3.5,27,31,51,2,0.0673316708229426,0,1
1,3.6,107,20,87,2,0.2668329177057356,0,1
2,3.5,38,10,25,3,0.0583717357910906,0,1
1,3.6,87,15,49,1,0.8613861386138614,0,0
2,3.5,126,11,61,4,0.2286751361161524,0,1
2,3.5,39,16,14,2,0.0556348074179743,0,1
2,3.7,617,13,73,3,0.8801711840228246,0,1
2,3.5,26,10,56,2,0.0518962075848303,0,1
1,0.0,1,23,74,2,0.0039840637450199,0,0
1,0.0,1,25,56,1,0.0066225165562913,0,0
2,0.0,1,11,36,3,0.0019960079840319,0,1
1,2.4,52,21,72,2,0.2587064676616915,0,0
2,4.2,251,11,50,3,0.500998003992016,0,1
1,4.2,474,17,64,2,1.5747508305647842,0,1
2,4.1,101,13,49,2,0.1344873501997336,0,1
2,4.2,163,21,37,3,0.2712146422628951,1,1
2,2.6,25,14,57,2,0.033288948069241,0,1
2,2.8,5,11,46,1,0.0099800399201596,0,0
2,3.4,49,9,69,2,0.0978043912175648,0,1
1,3.0,11,13,54,1,0.1089108910891089,0,0
3,3.2,411,16,92,4,0.2933618843683083,1,0
2,3.0,17,8,68,1,0.0339321357285429,0,1
1,3.3,11,14,45,1,0.027431421446384,0,0
1,3.2,23,11,110,1,0.0916334661354581,0,0
2,2.9,8,24,75,3,0.0114122681883024,0,1
2,3.2,93,24,61,2,0.1326676176890157,0,1
2,3.1,25,17,46,2,0.0415973377703826,0,1
2,3.0,27,9,52,2,0.0337078651685393,1,0
2,3.1,21,17,55,1,0.0419161676646706,0,1
3,3.4,224,13,25,3,0.2034514078110808,0,1
2,3.0,4,6,61,1,0.0061443932411674,0,0
3,3.4,246,13,33,3,0.1890853189853958,0,0
2,3.2,41,14,78,2,0.0584878744650499,0,0
1,3.1,14,16,49,3,0.0398860398860398,0,0
1,3.1,5,22,52,1,0.0495049504950495,0,0
2,3.2,7,17,50,3,0.0116472545757071,0,1
2,3.2,16,12,74,3,0.0228245363766048,0,0
2,3.3,90,10,66,3,0.1123595505617977,1,1
2,3.4,53,20,86,2,0.0705725699067909,0,1
1,3.4,33,24,44,2,0.094017094017094,0,1
2,2.6,41,13,75,3,0.0682196339434276,0,1
1,3.2,49,17,65,1,0.1221945137157107,0,0
2,3.3,22,6,89,2,0.0399274047186932,0,0
1,3.3,14,14,71,2,0.0696517412935323,0,0
1,3.0,14,22,49,1,0.0465116279069767,0,0
1,3.4,179,11,47,6,0.4463840399002494,0,0
2,2.7,114,6,48,4,0.2275449101796407,0,1
2,2.6,45,11,51,2,0.0599201065246338,1,1
1,3.2,22,17,34,2,0.0730897009966777,0,0
1,3.0,10,18,58,1,0.0249376558603491,0,0
3,4.6,128,18,59,1,0.0983858570330515,1,0
3,4.8,83,12,68,1,0.059243397573162,0,0
1,4.7,474,18,49,1,3.1390728476821192,0,1
3,4.5,778,26,73,6,0.5183211192538307,1,0
4,4.6,1691,24,65,4,0.8450774612693653,1,0
1,3.9,170,19,32,3,0.4239401496259352,0,0
1,3.8,413,17,44,1,4.089108910891089,0,0
1,3.7,43,11,34,2,0.1072319201995012,0,1
3,3.6,364,7,45,2,0.3306085376930063,0,1
2,3.8,334,11,44,8,0.6061705989110708,0,0
1,3.5,21,21,52,2,0.1044776119402985,0,0
3,3.9,605,21,47,4,0.5495004541326067,1,0
3,3.8,280,14,64,5,0.1998572448251249,0,1
3,3.8,316,13,46,3,0.1913991520290733,1,1
3,3.9,88,22,57,2,0.0517342739564961,1,0
3,3.7,662,5,67,2,0.6012715712988193,0,0
2,3.5,194,14,64,2,0.2767475035663338,0,0
3,3.7,282,12,49,1,0.2167563412759416,1,1
1,3.6,120,13,58,2,0.3986710963455149,0,0
1,3.9,122,7,47,2,0.3042394014962593,0,1
3,3.5,313,10,49,3,0.1840094062316284,1,0
3,3.7,196,6,85,3,0.1566746602717825,1,1
3,3.8,374,17,61,4,0.298960831334932,1,1
2,3.8,96,13,45,1,0.1198501872659176,1,1
3,3.6,751,18,47,5,0.6253122398001665,1,0
3,3.9,168,15,58,5,0.111925383077948,1,0
4,3.9,404,26,41,4,0.1835529304861426,1,0
4,3.8,52,32,73,3,0.0259870064967516,1,0
2,3.7,161,10,48,2,0.3213572854291417,0,1
2,3.8,160,20,49,1,0.3193612774451098,0,1
2,3.7,81,11,31,4,0.147005444646098,0,1
1,3.8,166,14,42,3,0.6613545816733067,0,1
2,3.6,622,13,48,2,0.7765293383270911,1,0
1,3.6,23,24,77,2,0.0916334661354581,0,0
2,3.7,422,29,71,2,0.6019971469329529,0,1
4,3.8,300,8,47,3,0.1499250374812593,1,1
2,3.9,606,15,57,2,1.2095808383233533,0,1
3,3.8,305,18,65,3,0.217701641684511,1,0
3,3.5,35,20,41,4,0.0291423813488759,1,0
2,3.6,74,13,44,3,0.1477045908183632,0,1
3,3.6,742,20,46,4,0.4634603372891943,1,1
3,3.8,608,16,88,2,0.4673328209069946,1,1
2,3.7,46,18,48,3,0.0765391014975041,0,1
3,3.7,699,17,33,4,0.4656895403064623,0,1
1,0.0,3,21,50,2,0.0297029702970297,0,0
2,2.2,126,9,44,1,0.2096505823627288,0,1
3,4.1,1980,16,67,3,1.4132762312633833,0,0
3,4.2,91,16,73,4,0.0606262491672218,1,1
3,4.0,115,36,47,4,0.1148851148851148,1,0
3,4.0,345,26,87,3,0.2553663952627683,1,1
2,4.4,229,11,40,3,0.3266761768901569,0,1
2,4.4,153,16,43,5,0.1910112359550561,1,0
1,4.2,89,10,58,3,0.2956810631229236,0,1
3,4.0,60,21,60,3,0.0499583680266444,1,0
3,4.4,1636,30,61,2,1.2574942352036895,0,0
2,4.3,58,19,25,4,0.0724094881398252,0,1
3,4.4,676,19,61,6,0.6139872842870118,1,0
3,4.1,2514,16,68,4,1.6748834110592938,0,0
1,4.0,220,13,61,2,1.0945273631840795,0,0
3,4.1,163,11,49,4,0.1628371628371628,1,0
3,4.0,129,22,63,3,0.0991544965411222,1,1
2,4.1,31,16,41,2,0.0442225392296719,0,0
3,4.2,289,15,74,3,0.2221368178324365,0,0
3,4.1,153,15,57,4,0.1273938384679434,1,1
3,4.0,91,15,47,3,0.0909090909090909,0,0
1,3.3,85,20,35,1,0.2823920265780731,0,0
1,3.0,76,10,55,1,0.2524916943521594,0,0
1,2.7,114,17,42,5,0.2527716186252771,0,1
1,3.3,79,17,36,1,0.3930348258706467,0,0
1,3.4,59,27,26,3,0.168091168091168,0,1
2,3.4,110,11,38,6,0.1996370235934664,0,1
1,3.2,212,34,43,2,0.603988603988604,0,1
2,2.7,128,15,26,2,0.2323049001814882,0,1
2,3.1,68,9,78,3,0.0970042796005706,0,1
2,3.3,82,14,89,2,0.1169757489300998,0,0
1,3.3,64,34,25,1,0.2549800796812749,0,0
2,3.1,60,3,79,2,0.1197604790419161,0,1
1,3.4,95,25,50,2,0.6291390728476821,0,0
2,3.4,108,10,38,2,0.2155688622754491,0,1
1,3.3,116,23,65,3,0.2572062084257206,0,1
3,3.0,126,20,41,2,0.1258741258741259,0,1
1,3.3,34,9,33,1,0.084788029925187,0,0
2,3.4,78,13,35,2,0.1198156682027649,0,1
1,3.2,73,14,36,3,0.1618625277161862,0,1
2,2.8,164,13,54,3,0.2047440699126092,0,1
3,3.3,156,33,47,2,0.1558441558441558,1,1
1,3.4,59,23,52,3,0.390728476821192,0,1
3,2.6,59,11,45,3,0.0589410589410589,1,1
2,3.3,132,6,31,4,0.2634730538922156,0,1
1,3.1,20,17,89,2,0.0498753117206982,0,0
2,3.6,45,15,17,1,0.0748752079866888,0,1
1,3.5,75,3,50,3,0.1870324189526184,0,0
1,3.5,55,34,55,1,0.1566951566951566,0,1
2,3.5,123,14,53,2,0.1754636233951498,0,0
1,3.6,95,20,31,2,0.3784860557768924,0,0
1,3.5,175,7,59,2,0.6972111553784861,0,0
2,3.5,62,12,78,2,0.103161397670549,0,1
1,3.8,43,9,67,1,0.1072319201995012,0,0
2,3.5,67,10,46,2,0.1337325349301397,0,1
2,3.5,159,16,77,3,0.198501872659176,1,1
1,3.5,42,7,60,1,0.1047381546134663,0,1
2,3.8,56,13,82,2,0.1117764471057884,0,1
1,3.6,98,13,84,1,0.4875621890547263,0,0
2,3.8,31,12,95,1,0.0442225392296719,0,1
1,3.9,129,28,45,1,0.6417910447761194,0,0
1,3.5,62,19,44,2,0.247011952191235,0,0
1,3.9,257,19,62,3,0.7321937321937322,0,1
1,3.5,70,21,37,1,0.1745635910224439,0,1
1,3.5,83,22,99,3,0.1840354767184035,0,1
2,2.3,128,18,51,2,0.2323049001814882,0,1
2,2.4,62,13,46,3,0.103161397670549,0,0
3,4.2,69,7,66,5,0.0492505353319057,1,1
1,4.2,171,17,61,1,0.6812749003984063,0,1
4,2.9,4,27,66,1,0.0010807889759524,0,0
4,3.6,30,19,66,3,0.0099966677774075,1,0
3,0.0,3,17,66,2,0.0029970029970029,1,0
2,3.1,45,5,47,3,0.0641940085592011,0,0
2,3.2,18,15,103,2,0.0359281437125748,0,0
1,3.0,6,16,61,1,0.0199335548172757,0,0
1,2.6,12,13,39,1,0.047808764940239,0,0
1,3.0,7,5,61,1,0.0174563591022443,0,0
1,3.3,27,22,61,1,0.0897009966777408,0,0
1,3.3,34,12,62,1,0.1691542288557214,0,0
2,3.4,15,10,52,2,0.029940119760479,0,1
2,2.8,90,19,66,5,0.1633393829401088,0,1
2,2.5,32,28,78,1,0.0426098535286285,0,0
1,2.8,16,15,71,1,0.0354767184035476,0,0
2,3.0,5,9,89,2,0.007132667617689,0,0
2,3.0,12,15,65,1,0.0239520958083832,0,0
1,2.9,4,16,72,3,0.0132890365448504,0,0
2,3.4,13,13,40,3,0.0185449358059914,0,1
2,3.1,8,10,53,1,0.0159680638722554,0,0
1,3.3,15,3,36,3,0.0498338870431893,0,0
2,2.6,83,10,64,2,0.1036204744069912,0,1
1,2.8,53,4,57,2,0.1321695760598503,0,0
2,3.3,141,17,76,2,0.281437125748503,0,1
2,2.6,70,20,21,2,0.1075268817204301,0,1
1,2.9,9,5,28,2,0.0299003322259136,0,0
1,3.3,30,16,59,3,0.0854700854700854,0,0
1,3.1,16,12,97,1,0.0531561461794019,0,0
1,2.8,60,13,65,1,0.1709401709401709,0,1
2,3.1,35,31,60,1,0.0582362728785357,0,1
1,3.2,37,15,70,1,0.1229235880398671,0,1
2,2.7,26,11,82,2,0.0518962075848303,0,1
1,2.7,6,5,37,1,0.0133037694013303,0,1
2,3.3,33,11,39,1,0.0658682634730539,0,0
2,3.1,34,11,54,2,0.0485021398002853,0,1
1,3.4,25,13,55,2,0.0712250712250712,0,0
1,2.8,8,13,60,1,0.0398009950248756,0,0
1,3.0,7,9,50,1,0.0174563591022443,0,0
2,2.7,90,34,59,2,0.1123595505617977,0,1
1,2.7,11,23,53,3,0.027431421446384,0,0
2,3.0,64,10,50,3,0.0710321864594894,0,1
2,2.8,9,6,40,2,0.0149750415973377,0,1
2,3.3,13,15,59,2,0.0259481037924151,0,0
2,2.9,188,6,39,4,0.3752495009980039,0,1
2,3.4,26,10,41,2,0.0518962075848303,0,0
2,3.0,6,14,63,2,0.0099833610648918,0,0
1,3.1,8,17,60,2,0.0199501246882793,0,0
2,3.0,4,17,80,4,0.0066555740432612,0,0
1,3.4,63,19,58,1,0.1571072319201995,0,0
2,3.3,150,8,104,3,0.2994011976047904,0,0
2,3.6,103,19,78,3,0.1713810316139767,0,1
3,3.7,210,8,99,2,0.1614142966948501,1,1
2,3.5,40,14,65,2,0.0798403193612774,0,1
2,3.5,123,14,61,2,0.2046589018302828,0,1
2,3.6,110,6,61,2,0.1830282861896838,0,1
2,3.7,154,10,57,2,0.2562396006655574,0,0
1,3.5,51,8,73,2,0.1271820448877805,0,1
2,3.8,310,15,54,3,0.3870162297128589,0,0
3,3.9,223,3,54,3,0.2227772227772227,1,0
3,3.9,21,10,70,1,0.0209790209790209,0,1
2,3.7,94,24,74,1,0.1564059900166389,0,0
4,3.7,622,17,80,2,0.2703172533681008,1,0
2,3.6,31,28,65,4,0.06187624750499,0,0
2,3.6,49,15,41,2,0.08153078202995,0,1
1,0.0,2,12,40,1,0.0049875311720698,0,0
1,0.0,1,9,85,3,0.0024937655860349,0,0
1,0.0,2,11,62,3,0.0049875311720698,0,0
1,0.0,3,12,49,2,0.0099667774086378,0,0
1,0.0,1,12,53,2,0.0028490028490028,0,0
1,0.0,2,11,82,2,0.0049875311720698,0,0
1,0.0,2,19,27,1,0.0066445182724252,0,0
1,0.0,2,20,60,1,0.0066445182724252,0,0
1,0.0,1,15,75,4,0.0022172949002217,0,0
1,0.0,1,15,18,3,0.0033222591362126,0,0
1,0.0,1,29,39,2,0.0033222591362126,0,0
1,2.4,28,15,67,1,0.0620842572062084,0,0
2,2.3,54,11,63,3,0.1077844311377245,0,0
3,4.2,49,16,60,3,0.0407993338884263,1,0
4,4.3,96,11,88,2,0.047976011994003,1,1
1,4.0,149,8,56,1,0.371571072319202,0,0
2,4.0,41,12,29,1,0.0511860174781523,0,1
2,4.3,3530,17,55,3,4.406991260923845,0,0
3,4.2,420,23,78,2,0.2332037756801776,1,1
2,4.1,647,12,68,2,0.7180910099889012,1,1
1,2.7,6,16,88,1,0.0298507462686567,0,1
1,2.8,14,14,69,2,0.1386138613861386,0,0
1,2.7,16,15,55,5,0.0455840455840455,0,0
2,2.7,4,14,39,2,0.0079840319361277,0,1
1,2.8,5,12,54,2,0.0142450142450142,0,1
1,2.7,16,19,51,1,0.0531561461794019,0,0
1,2.7,17,14,58,2,0.1683168316831683,0,0
1,3.1,12,15,66,2,0.0266075388026607,0,0
3,2.9,13,16,73,2,0.0129870129870129,0,0
1,0.0,1,23,46,1,0.0033222591362126,0,0
1,0.0,1,26,58,1,0.0049751243781094,0,0
1,0.0,0,18,46,3,0.0,0,0
1,0.0,0,6,100,2,0.0,0,0
2,0.0,0,15,59,2,0.0,0,1
1,0.0,0,7,91,1,0.0,0,0
1,0.0,3,2,51,1,0.0198675496688741,0,0
1,0.0,0,13,58,1,0.0,0,0
1,0.0,0,19,92,2,0.0,0,0
1,0.0,0,22,53,2,0.0,0,0
1,0.0,1,12,67,2,0.0033222591362126,0,0
1,0.0,1,12,52,2,0.0066225165562913,0,0
1,0.0,0,11,78,1,0.0,0,0
1,0.0,2,12,41,2,0.0079681274900398,0,0
2,0.0,1,16,44,1,0.0011750881316098,0,0
1,0.0,1,3,71,3,0.0039840637450199,0,0
1,0.0,0,24,69,1,0.0,0,0
1,0.0,0,23,58,1,0.0,0,0
1,0.0,0,19,43,1,0.0,0,0
1,0.0,2,11,51,2,0.0099502487562189,0,0
1,0.0,0,11,46,1,0.0,0,0
1,0.0,0,15,50,1,0.0,0,0
1,0.0,0,18,46,2,0.0,0,0
1,0.0,0,13,36,3,0.0,0,0
1,0.0,0,8,54,2,0.0,0,0
1,2.4,4,23,63,1,0.0132890365448504,0,1
1,3.0,5,31,33,2,0.0199203187250996,0,0
3,3.3,118,18,41,3,0.0906994619523443,1,1
3,3.0,4,22,71,5,0.0026648900732844,1,0
1,2.8,24,10,55,3,0.0598503740648379,0,1
2,3.4,42,12,37,3,0.0599144079885877,0,1
1,3.3,20,10,79,1,0.099502487562189,0,0
2,2.8,16,23,69,3,0.0266222961730449,0,0
1,3.0,8,22,49,1,0.0792079207920792,0,0
2,2.7,11,9,57,4,0.0183028286189683,0,1
1,3.0,4,13,46,1,0.0132890365448504,0,0
1,3.2,15,16,65,1,0.0993377483443708,0,0
2,2.5,20,13,87,2,0.0249687890137328,1,0
3,3.1,237,9,40,3,0.2367632367632367,0,1
1,3.2,10,14,74,1,0.0332225913621262,0,0
2,3.0,15,15,92,2,0.0272232304900181,0,0
2,2.9,33,15,36,2,0.0470756062767475,0,0
1,3.4,31,9,25,2,0.1029900332225913,0,0
2,3.2,121,16,49,2,0.1726105563480741,0,0
1,2.7,4,10,53,2,0.0132890365448504,0,1
2,3.9,305,14,52,4,0.4061251664447403,0,1
2,3.7,118,12,53,1,0.1963394342762063,0,0
2,3.7,60,16,16,2,0.1197604790419161,0,0
4,3.6,184,31,73,3,0.0613128957014328,1,0
1,3.8,25,12,92,1,0.1243781094527363,0,0
1,3.7,36,15,35,2,0.1791044776119403,0,0
2,3.6,66,13,56,1,0.1317365269461078,0,0
3,3.8,220,17,100,3,0.1465689540306462,1,0
1,0.0,0,18,47,2,0.0,0,0
1,0.0,3,13,61,1,0.0149253731343283,0,0
1,0.0,0,9,82,2,0.0,0,0
1,0.0,2,24,63,1,0.0049875311720698,0,0
2,2.1,39,16,68,2,0.064891846921797,0,1
1,2.1,112,10,50,2,0.2483370288248337,0,1
1,4.4,269,26,62,1,0.7663817663817664,0,1
1,4.2,92,16,65,2,0.3665338645418327,0,0
3,4.1,1653,9,27,5,1.6513486513486513,0,0
4,3.3,14,5,52,1,0.0055977608956417,1,0
4,3.8,109,9,69,2,0.0544727636181909,1,0
2,3.7,74,9,58,1,0.1055634807417974,0,0
4,4.0,304,18,62,6,0.1519240379810095,1,0
3,4.1,416,16,72,3,0.2445620223398001,0,0
3,4.1,695,13,49,2,0.3858967240421987,1,0
3,4.1,259,3,58,1,0.1725516322451699,0,0
2,2.9,7,19,91,2,0.0116472545757071,0,0
1,3.0,9,14,48,2,0.0891089108910891,0,0
2,3.0,19,10,43,1,0.0379241516966067,0,0
2,2.6,15,9,41,3,0.021398002853067,0,1
1,3.3,14,16,44,3,0.0398860398860398,0,0
1,2.8,7,29,48,2,0.0199430199430199,0,0
1,3.1,8,21,49,1,0.0265780730897009,0,0
1,3.2,7,23,72,1,0.0348258706467661,0,0
1,3.0,14,12,48,1,0.0927152317880794,0,0
2,3.0,9,19,102,2,0.0149750415973377,0,0
2,3.2,16,13,23,2,0.0319361277445109,0,0
1,3.5,40,15,30,2,0.0997506234413965,0,0
1,0.0,1,14,40,2,0.0099009900990099,0,0
1,0.0,3,11,40,1,0.0149253731343283,0,0
1,0.0,1,13,67,3,0.0039840637450199,0,0
1,0.0,0,17,73,1,0.0,0,0
2,0.0,0,18,49,3,0.0,0,0
1,0.0,1,18,30,2,0.0033222591362126,0,0
1,0.0,0,21,81,1,0.0,0,0
1,0.0,1,17,48,1,0.0049751243781094,0,0
1,0.0,2,11,96,1,0.0132450331125827,0,0
1,0.0,0,11,30,1,0.0,0,0
1,0.0,1,18,55,1,0.0099009900990099,0,0
1,0.0,0,12,65,1,0.0,0,0
1,0.0,0,32,92,1,0.0,0,0
1,2.4,8,16,56,2,0.0199501246882793,0,1
2,3.2,11,24,44,1,0.0168970814132104,0,1
1,3.2,16,19,53,2,0.1584158415841584,0,0
1,2.7,16,7,64,2,0.1059602649006622,0,0
1,3.3,38,21,53,2,0.1262458471760797,0,0
1,3.7,223,19,63,1,2.207920792079208,0,0
1,3.8,168,11,53,1,0.835820895522388,0,1
1,0.0,0,9,64,2,0.0,0,0
2,0.0,0,13,52,2,0.0,0,0
1,0.0,1,11,72,1,0.0039840637450199,0,1
1,0.0,0,21,62,1,0.0,0,0
1,0.0,1,14,81,2,0.0033222591362126,0,0
1,0.0,1,13,52,1,0.0033222591362126,0,0
1,0.0,0,20,49,1,0.0,0,0
1,2.6,23,16,71,1,0.0916334661354581,0,0
1,3.2,11,16,55,3,0.027431421446384,0,0
2,3.4,178,12,39,4,0.2539229671897289,0,0
1,3.2,82,8,28,2,0.2044887780548628,0,1
1,2.7,11,12,47,1,0.0365448504983388,0,0
2,3.2,8,7,41,1,0.0159680638722554,0,1
1,3.3,78,15,41,1,0.1729490022172949,0,0
1,3.1,6,20,45,2,0.0149625935162094,0,0
2,2.6,21,20,38,2,0.0419161676646706,0,0
2,3.2,33,11,28,1,0.0658682634730539,0,1
1,3.4,76,16,28,2,0.2524916943521594,0,0
2,3.3,62,20,27,2,0.12375249500998,0,1
1,3.0,8,13,44,1,0.0227920227920227,0,0
1,3.2,11,12,88,3,0.0365448504983388,0,0
1,3.3,31,14,49,2,0.1029900332225913,0,0
2,3.1,6,7,28,5,0.0119760479041916,0,0
2,3.3,22,14,55,2,0.0366056572379367,0,0
1,3.3,8,14,55,1,0.0792079207920792,0,0
1,2.9,20,25,44,1,0.0443458980044345,0,0
2,3.0,4,8,47,3,0.0049937578027465,0,0
1,3.2,9,15,47,2,0.0299003322259136,0,0
1,3.4,15,18,39,1,0.0746268656716417,0,0
1,2.5,23,19,47,3,0.0764119601328903,0,0
1,3.0,18,27,75,3,0.0399113082039911,0,0
1,3.0,26,16,26,1,0.1035856573705179,0,0
1,2.6,31,14,27,2,0.0687361419068736,0,0
2,3.1,27,10,66,4,0.0337078651685393,0,0
3,3.0,6,7,52,2,0.0049958368026644,0,0
1,3.4,154,9,59,2,0.4387464387464387,0,0
2,4.7,1563,19,74,6,2.600665557404326,0,0
2,3.7,216,11,64,4,0.2696629213483146,1,1
3,3.9,1316,22,80,4,0.8767488341105929,1,0
1,3.5,345,20,58,1,0.9829059829059827,0,0
2,3.7,193,11,62,2,0.3852295409181637,0,1
2,3.5,60,11,32,3,0.0998336106489184,0,1
2,3.6,23,8,28,5,0.038269550748752,0,1
2,3.8,401,15,62,4,0.8003992015968064,0,0
2,3.5,20,11,63,2,0.021030494216614,1,0
2,3.8,80,13,39,2,0.1331114808652246,0,1
2,3.6,365,9,60,3,0.6073211314475874,0,1
1,3.9,91,18,77,2,0.3023255813953488,0,0
2,3.9,363,10,80,4,0.4531835205992509,0,1
2,3.6,364,11,58,3,0.6056572379367721,0,1
2,3.9,176,30,42,3,0.2510699001426533,0,1
2,3.9,288,8,41,4,0.3595505617977528,1,1
1,3.5,27,5,45,2,0.0673316708229426,0,1
1,3.7,26,12,42,1,0.0863787375415282,0,1
1,3.5,115,15,59,2,0.3820598006644518,0,1
1,3.9,184,5,28,1,1.8217821782178216,0,0
2,3.6,67,6,56,3,0.0836454431960049,0,0
2,3.9,117,15,48,5,0.1557922769640479,1,1
1,3.6,25,9,33,1,0.099601593625498,0,0
2,3.7,43,17,77,4,0.0613409415121255,0,1
2,3.6,144,6,68,4,0.2874251497005988,0,1
2,3.7,74,15,53,2,0.0923845193508114,0,1
1,3.9,142,14,70,1,0.4717607973421927,0,0
2,3.9,35,19,52,1,0.0436953807740324,0,0
2,3.7,177,16,83,6,0.2209737827715356,1,0
2,3.6,83,8,73,4,0.1506352087114337,0,0
2,3.9,142,14,41,4,0.2362728785357737,0,1
3,3.6,244,11,28,5,0.2437562437562437,1,1
1,3.7,48,16,47,1,0.3178807947019867,0,1
1,0.0,3,8,58,2,0.0099667774086378,0,0
2,2.3,114,18,63,2,0.1423220973782771,0,1
1,2.2,41,6,87,2,0.1168091168091168,0,1
2,4.2,3311,15,59,3,5.509151414309485,0,0
1,4.1,295,13,42,2,0.7356608478802993,0,1
1,4.4,178,8,32,2,0.3946784922394678,0,1
2,4.0,49,12,27,3,0.08153078202995,0,0
2,4.1,37,15,69,4,0.0461922596754057,0,0
2,4.0,48,15,58,3,0.0798668885191347,0,0
1,4.0,44,14,73,2,0.1752988047808765,0,0
2,4.0,355,13,43,4,0.5453149001536098,0,1
2,4.2,349,35,96,5,0.5806988352745425,0,1
2,4.2,530,15,60,3,0.8818635607321131,0,1
2,4.0,107,24,38,5,0.1526390870185449,0,1
2,4.2,295,15,29,3,0.4531490015360983,0,1
2,4.1,1479,13,64,4,1.737955346650999,1,1
2,4.1,658,20,69,4,1.313373253493014,0,0
1,2.9,4,24,54,2,0.0199004975124378,0,0
2,3.1,15,13,50,2,0.0249584026622296,0,0
1,3.1,7,30,22,2,0.0232558139534883,0,0
2,3.4,53,12,45,1,0.0881863560732113,0,0
2,3.2,49,9,32,1,0.0978043912175648,0,0
2,2.6,100,33,42,2,0.1426533523537803,0,1
2,3.4,69,13,47,1,0.081081081081081,0,1
3,2.9,15,10,30,2,0.0149850149850149,0,0
2,2.5,40,11,43,3,0.072595281306715,0,1
2,3.6,104,7,32,1,0.1597542242703533,0,1
1,3.6,18,9,64,1,0.0448877805486284,0,0
1,3.7,85,13,39,1,0.4228855721393035,0,0
2,3.9,47,4,22,2,0.0586766541822721,0,0
1,0.0,1,18,50,1,0.0033222591362126,0,0
1,0.0,2,10,40,2,0.0099502487562189,0,0
1,3.1,9,15,41,2,0.0299003322259136,0,0
2,3.4,202,8,58,1,0.3361064891846921,0,1
2,3.4,271,13,46,1,0.4509151414309484,0,1
1,3.4,203,9,52,1,0.8087649402390438,0,0
2,3.4,504,11,43,1,0.7741935483870968,0,1
4,4.7,268,8,70,4,0.1339330334832583,0,0
2,3.6,99,7,55,1,0.152073732718894,0,0
2,3.9,179,10,50,3,0.2749615975422427,1,1
3,3.8,298,10,58,2,0.2382094324540367,0,1
3,3.6,392,18,54,3,0.2448469706433479,1,0
3,3.5,385,13,55,1,0.2137701277068295,1,1
1,3.9,383,9,65,1,0.9551122194513716,0,0
1,3.8,157,7,58,3,0.3915211970074813,0,1
2,3.7,217,8,71,2,0.3610648918469218,0,1
2,3.9,197,15,50,1,0.3932135728542914,0,0
2,3.9,725,9,52,1,1.0342368045649073,0,0
2,3.7,417,26,49,1,0.5948644793152639,0,0
2,3.6,127,26,61,1,0.181169757489301,0,0
2,2.2,122,14,60,3,0.1354051054384017,0,1
4,4.3,130,15,59,7,0.064967516241879,1,0
2,4.2,228,13,71,1,0.4550898203592814,0,0
3,4.0,61,20,74,3,0.0406395736175882,1,0
2,4.0,649,12,58,2,0.9258202567760342,0,0
1,4.0,734,12,49,2,2.091168091168091,0,1
2,4.0,135,9,49,2,0.2073732718894009,0,1
3,4.2,1971,12,61,2,1.0102511532547411,1,1
1,2.8,5,17,46,3,0.0248756218905472,0,0
1,3.1,14,12,46,2,0.0310421286031042,0,0
1,2.9,4,20,59,2,0.0396039603960396,0,0
1,2.9,6,6,56,1,0.0133037694013303,0,0
1,2.7,5,27,56,1,0.0331125827814569,0,0
1,3.1,19,10,46,1,0.1881188118811881,0,0
1,3.0,22,8,32,3,0.0730897009966777,0,0
2,2.8,9,23,32,2,0.0179640718562874,0,0
1,2.9,4,25,53,1,0.0396039603960396,0,0
1,3.0,10,6,87,1,0.0398406374501992,0,0
1,2.9,4,11,54,1,0.0132890365448504,0,0
2,3.0,14,15,43,2,0.0254083484573502,0,0
1,3.3,34,12,68,3,0.084788029925187,0,0
2,2.8,31,14,73,2,0.0442225392296719,0,0
1,2.9,5,6,61,1,0.0495049504950495,0,0
1,3.1,8,5,83,2,0.0199501246882793,0,0
1,3.0,6,14,46,1,0.0199335548172757,0,0
1,3.2,14,15,50,2,0.0465116279069767,0,0
2,3.3,25,7,36,1,0.0415973377703826,0,0
1,3.3,19,11,53,1,0.0945273631840796,0,0
1,3.3,27,8,40,1,0.0897009966777408,0,0
1,3.3,40,18,30,1,0.2649006622516556,0,0
1,3.4,28,11,61,2,0.1115537848605577,0,0
1,3.0,14,25,57,1,0.0696517412935323,0,0
1,2.7,18,8,62,2,0.0512820512820512,0,0
1,2.8,5,15,57,3,0.0142450142450142,0,0
1,2.8,11,22,41,2,0.0365448504983388,0,0
2,3.1,15,30,49,1,0.0272232304900181,0,0
1,2.8,6,10,65,2,0.0133037694013303,0,0
1,2.7,29,10,86,2,0.0643015521064301,0,0
1,3.0,9,12,64,2,0.0224438902743142,0,0
1,2.8,11,11,76,2,0.0365448504983388,0,0
2,2.9,10,15,41,3,0.0181488203266787,0,0
1,3.1,13,24,73,1,0.1287128712871287,0,0
1,3.2,11,26,44,1,0.0728476821192053,0,0
1,3.0,9,17,51,1,0.0596026490066225,0,0
1,2.9,6,17,47,2,0.0298507462686567,0,0
1,2.7,24,18,70,2,0.0532150776053215,0,0
2,2.9,6,13,54,4,0.0099833610648918,0,0
2,3.1,22,19,47,2,0.0399274047186932,0,0
1,3.5,14,14,29,1,0.0465116279069767,0,0
1,0.0,3,11,52,1,0.0119521912350597,0,0
2,0.0,1,9,53,1,0.0019960079840319,0,0
1,0.0,2,30,38,2,0.0099502487562189,0,0
1,0.0,2,31,55,2,0.0198019801980198,0,0
1,0.0,2,20,46,2,0.0198019801980198,0,0
1,0.0,1,20,81,2,0.0033222591362126,0,0
1,0.0,1,15,44,1,0.0066225165562913,0,0
1,0.0,1,27,57,1,0.0039840637450199,0,0
1,0.0,3,10,71,2,0.0074812967581047,0,0
2,0.0,2,23,65,2,0.0039920159680638,0,0
1,0.0,1,27,83,3,0.0033222591362126,0,0
1,0.0,1,14,49,2,0.0099009900990099,0,0
1,0.0,2,17,59,1,0.0099502487562189,0,0
1,0.0,2,6,51,2,0.0132450331125827,0,0
1,0.0,3,23,62,2,0.0099667774086378,0,0
1,0.0,3,10,78,2,0.0149253731343283,0,0
1,0.0,2,15,87,1,0.0079681274900398,0,0
1,0.0,3,6,42,3,0.0074812967581047,0,0
1,0.0,3,11,61,2,0.0099667774086378,0,0
1,0.0,3,21,57,1,0.0198675496688741,0,0
1,0.0,2,10,61,2,0.0099502487562189,0,0
1,0.0,1,13,39,1,0.0024937655860349,0,0
1,0.0,1,19,53,2,0.0099009900990099,0,0
1,0.0,1,12,57,1,0.0066225165562913,0,0
1,0.0,2,15,41,1,0.0066445182724252,0,0
1,0.0,1,18,82,1,0.0049751243781094,0,0
1,0.0,1,23,81,1,0.0049751243781094,0,0
1,0.0,2,13,54,1,0.0099502487562189,0,0
1,0.0,1,11,53,2,0.0099009900990099,0,0
1,0.0,0,11,51,2,0.0,0,0
2,0.0,3,11,47,1,0.0059880239520958,0,0
1,0.0,2,16,45,2,0.0099502487562189,0,0
2,0.0,0,8,47,2,0.0,0,0
1,0.0,2,15,46,2,0.0079681274900398,0,0
1,0.0,3,9,83,2,0.0085470085470085,0,0
1,0.0,2,9,40,1,0.0079681274900398,0,0
1,0.0,1,14,51,2,0.0066225165562913,0,0
1,0.0,2,22,35,1,0.0099502487562189,0,0
1,0.0,2,5,42,2,0.0066445182724252,0,0
1,0.0,3,23,24,3,0.0198675496688741,0,0
1,0.0,1,10,53,2,0.0049751243781094,0,0
1,0.0,0,21,52,1,0.0,0,0
1,0.0,3,16,42,2,0.0085470085470085,0,0
1,0.0,1,10,65,2,0.0024937655860349,0,0
1,0.0,2,7,41,3,0.0079681274900398,0,0
1,0.0,3,13,41,1,0.0099667774086378,0,0
2,3.4,18,23,48,1,0.0359281437125748,0,0
2,2.6,274,14,27,3,0.3908701854493581,1,1
2,3.4,112,17,29,1,0.1398252184769038,0,0
2,3.2,18,24,57,4,0.0276497695852534,0,1
1,3.4,13,13,29,1,0.0324189526184538,0,0
3,4.6,112,11,65,1,0.1017257039055404,0,1
3,3.8,56,9,27,2,0.0508628519527702,0,1
3,3.6,260,8,45,1,0.2361489554950045,1,1
2,3.5,67,15,27,2,0.0955777460770328,0,1
3,3.8,177,7,32,4,0.1473771856786011,1,1
1,3.6,43,10,44,3,0.1072319201995012,0,0
3,3.5,84,14,66,3,0.0839160839160839,1,1
2,3.6,119,13,27,1,0.1485642946317103,0,1
1,3.5,23,16,27,1,0.1144278606965174,0,0
2,3.7,40,31,22,2,0.0665557404326123,0,0
2,3.8,59,7,41,1,0.0841654778887303,0,1
2,2.3,82,16,31,2,0.1169757489300998,0,1
3,4.2,264,12,22,4,0.2637362637362637,0,1
2,4.0,24,15,22,2,0.0342368045649072,0,1
2,4.0,88,30,51,3,0.1255349500713266,0,1
2,4.0,55,13,52,1,0.0610432852386237,0,1
3,4.4,165,10,54,3,0.1648351648351648,0,1
3,4.0,134,17,74,4,0.1338661338661338,1,1
2,4.2,292,19,26,2,0.5828343313373253,0,1
2,4.4,52,21,22,2,0.0692410119840213,0,1
3,4.1,251,32,28,3,0.2507492507492507,1,0
1,3.3,13,16,33,2,0.0431893687707641,0,0
1,2.8,11,18,38,1,0.0547263681592039,0,0
1,2.9,6,9,69,1,0.0133037694013303,0,0
2,2.6,94,14,54,2,0.1876247504990019,0,0
1,3.0,7,30,40,2,0.0348258706467661,0,0
2,3.1,16,9,54,2,0.0319361277445109,0,0
1,2.9,4,18,41,2,0.0088691796008869,0,0
1,0.0,0,23,44,1,0.0,0,0
1,0.0,1,27,60,2,0.0039840637450199,0,0
1,0.0,0,15,48,1,0.0,0,0
2,0.0,0,7,39,1,0.0,0,0
1,0.0,1,12,33,2,0.0033222591362126,0,0
2,0.0,3,21,44,3,0.0059880239520958,0,0
1,0.0,0,9,38,2,0.0,0,0
1,0.0,0,14,38,1,0.0,0,0
1,0.0,1,20,52,1,0.0049751243781094,0,0
1,0.0,1,18,33,1,0.0039840637450199,0,0
1,0.0,0,8,51,1,0.0,0,0
1,0.0,0,30,39,1,0.0,0,0
1,0.0,1,23,39,1,0.0024937655860349,0,0
1,0.0,0,20,20,1,0.0,0,0
1,0.0,0,21,52,2,0.0,0,0
1,0.0,0,12,39,1,0.0,0,0
1,0.0,3,26,51,2,0.0074812967581047,0,0
1,0.0,0,24,64,1,0.0,0,0
1,0.0,0,23,41,3,0.0,0,0
1,0.0,1,11,34,2,0.0049751243781094,0,0
1,3.1,14,19,39,2,0.0398860398860398,0,0
1,2.7,11,9,52,2,0.027431421446384,0,0
1,3.4,18,19,43,1,0.0598006644518272,0,0
1,3.0,11,15,44,1,0.0438247011952191,0,0
1,2.9,8,27,44,1,0.0792079207920792,0,0
1,3.4,21,14,52,1,0.0697674418604651,0,0
1,3.0,7,16,59,3,0.0174563591022443,0,0
1,3.2,8,18,52,1,0.0398009950248756,0,0
1,3.2,24,17,51,2,0.1589403973509933,0,0
1,3.1,5,15,65,1,0.0110864745011086,0,0
2,3.0,71,17,52,2,0.101283880171184,0,1
1,3.2,9,13,61,2,0.044776119402985,0,0
1,3.0,13,21,52,1,0.037037037037037,0,0
2,3.0,28,14,94,2,0.0399429386590584,0,0
1,3.1,10,8,32,1,0.0497512437810945,0,0
1,3.3,13,5,43,2,0.0324189526184538,0,0
1,3.4,53,14,50,1,0.263681592039801,0,0
1,3.1,4,9,62,1,0.0099750623441396,0,0
1,3.0,4,12,67,1,0.0264900662251655,0,0
2,2.7,91,21,44,2,0.1816367265469061,0,0
1,3.1,9,19,49,1,0.0256410256410256,0,0
1,3.2,21,17,54,3,0.0697674418604651,0,0
1,3.4,46,17,46,2,0.1528239202657807,0,0
1,2.9,6,18,58,1,0.0397350993377483,0,0
2,3.2,28,16,43,3,0.0465890183028286,0,1
1,3.1,23,16,53,2,0.0573566084788029,0,0
1,2.9,4,24,35,2,0.0159362549800796,0,0
1,2.8,11,3,73,1,0.0438247011952191,0,0
2,3.1,4,23,53,2,0.0079840319361277,0,0
1,3.0,9,16,56,2,0.0224438902743142,0,0
2,3.1,5,11,31,2,0.0099800399201596,0,0
1,3.1,12,12,58,4,0.0597014925373134,0,0
2,3.3,13,9,53,2,0.021630615640599,0,0
1,2.8,10,8,35,1,0.0284900284900284,0,0
1,3.1,4,13,66,2,0.0099750623441396,0,0
2,2.6,46,6,49,4,0.091816367265469,0,1
1,3.3,21,17,51,2,0.0697674418604651,0,0
1,2.6,7,9,48,2,0.0155210643015521,0,1
1,3.5,79,18,51,2,0.1970074812967581,0,0
1,3.5,51,22,38,2,0.2537313432835821,0,0
2,3.5,39,10,53,2,0.0778443113772455,0,1
1,3.5,31,8,56,2,0.154228855721393,0,1
2,3.7,195,18,33,2,0.324459234608985,0,1
1,3.8,178,9,43,2,0.3946784922394678,0,0
1,3.5,31,18,34,2,0.3069306930693069,0,0
1,0.0,2,22,44,1,0.0066445182724252,0,0
1,0.0,1,15,55,1,0.0028490028490028,0,0
1,0.0,1,15,55,1,0.0022172949002217,0,0
2,0.0,0,14,41,2,0.0,0,0
1,0.0,2,11,24,1,0.0066445182724252,0,0
2,0.0,1,15,69,1,0.0019960079840319,0,1
1,0.0,3,13,43,1,0.0099667774086378,0,0
1,0.0,0,18,61,2,0.0,0,0
2,0.0,1,7,64,2,0.0019960079840319,0,0
1,0.0,1,10,31,2,0.0024937655860349,0,0
2,0.0,0,21,49,2,0.0,0,0
2,0.0,2,14,31,1,0.0033277870216306,0,1
1,0.0,2,19,43,1,0.0099502487562189,0,0
1,0.0,0,11,24,1,0.0,0,0
1,0.0,1,18,48,2,0.0039840637450199,0,0
1,0.0,0,26,61,2,0.0,0,0
1,0.0,0,27,55,1,0.0,0,0
1,0.0,0,20,58,1,0.0,0,0
1,0.0,2,13,50,1,0.0198019801980198,0,0
1,0.0,0,16,33,2,0.0,0,0
1,0.0,2,17,44,1,0.0066445182724252,0,0
1,4.0,371,9,46,3,1.056980056980057,0,1
4,3.4,27,34,60,3,0.0077120822622107,1,0
4,3.7,65,38,60,1,0.012997400519896,1,0
4,3.9,66,36,60,2,0.0131973605278944,1,0
4,4.1,68,39,68,2,0.0339830084957521,1,0
4,4.3,400,33,60,5,0.1052354643514864,1,0
1,3.4,29,15,38,1,0.0643015521064301,0,0
2,2.8,85,14,64,2,0.1212553495007132,0,0
2,0.0,3,4,71,4,0.0059880239520958,0,0
1,3.1,14,11,88,1,0.0398860398860398,0,0
4,4.0,315,34,59,1,0.0787303174206448,1,0
4,4.0,160,41,59,3,0.0533155614795068,1,0
4,4.2,327,36,59,3,0.108963678773742,1,0
2,2.5,58,14,45,2,0.0827389443651925,0,0
2,3.4,64,16,28,1,0.079900124843945,0,0
2,3.3,73,10,69,2,0.1457085828343313,0,0
2,3.3,12,3,45,3,0.0149812734082397,1,0
2,2.6,24,8,36,2,0.0479041916167664,0,1
2,3.4,167,6,48,4,0.3333333333333333,0,1
1,3.9,357,15,57,2,2.3642384105960264,0,0
2,3.5,174,17,28,3,0.1931187569367369,0,1
1,0.0,0,24,78,2,0.0,0,0
1,0.0,1,11,57,1,0.0049751243781094,0,0
1,0.0,0,11,34,1,0.0,0,0
1,0.0,0,11,34,1,0.0,0,0
2,2.3,59,15,28,3,0.0981697171381031,0,0
1,2.9,18,29,68,2,0.0448877805486284,0,0
1,2.9,13,11,58,1,0.1287128712871287,0,1
1,3.4,31,15,56,1,0.0687361419068736,0,0
1,3.2,11,13,64,2,0.0438247011952191,0,0
1,2.9,4,11,51,1,0.0132890365448504,0,0
2,3.1,11,15,73,1,0.0219560878243512,0,0
2,3.1,6,12,45,1,0.0099833610648918,0,0
2,2.9,63,14,58,2,0.0898716119828816,0,0
2,3.4,29,15,73,2,0.0482529118136439,0,0
2,3.1,20,31,64,1,0.0332778702163061,0,0
1,3.0,7,7,46,1,0.0174563591022443,0,0
2,3.2,50,17,33,1,0.0831946755407653,0,1
1,2.8,13,11,35,2,0.0324189526184538,0,0
2,2.8,17,16,52,2,0.0282861896838602,0,0
3,2.7,31,15,34,2,0.0258118234804329,1,0
1,2.8,13,19,57,2,0.0324189526184538,0,0
1,3.1,6,15,33,1,0.0397350993377483,0,0
1,3.2,14,25,64,1,0.0398860398860398,0,0
4,3.2,28,8,34,2,0.0127214902317128,1,0
1,3.8,68,16,55,2,0.1937321937321937,0,1
1,3.8,160,11,46,2,0.6374501992031872,0,0
1,3.6,29,32,47,1,0.2871287128712871,0,0
2,3.6,87,11,46,1,0.1736526946107784,0,0
2,3.8,68,12,50,1,0.1131447587354409,0,0
3,3.5,273,7,49,2,0.2479564032697547,0,0
2,3.7,89,14,28,4,0.1111111111111111,0,1
1,3.5,104,18,57,1,0.2305986696230598,0,1
2,3.5,40,6,34,3,0.0443951165371809,0,0
2,3.6,167,10,37,2,0.3333333333333333,0,1
3,3.6,177,36,37,3,0.1179213857428381,1,1
2,3.6,215,22,47,2,0.3302611367127496,0,0
3,3.8,24,6,38,6,0.0239760239760239,0,1
1,0.0,2,12,51,2,0.0132450331125827,0,0
1,0.0,3,11,33,1,0.0119521912350597,0,0
2,0.0,2,9,37,2,0.0033277870216306,0,0
1,0.0,2,9,37,3,0.0066445182724252,0,0
4,0.0,3,9,33,3,0.0014992503748125,1,0
1,0.0,1,19,83,2,0.0024937655860349,0,0
1,0.0,1,23,46,2,0.0033222591362126,0,0
3,4.0,489,6,45,3,0.3758647194465795,1,1
2,4.1,149,16,34,2,0.1860174781523096,0,1
4,3.3,179,11,72,3,0.0715713714514194,1,0
3,3.6,217,11,79,3,0.1806827643630308,1,0
2,2.6,27,13,69,1,0.0449251247920133,0,0
1,2.9,18,12,62,1,0.0448877805486284,0,1
1,3.8,72,15,60,1,0.1596452328159645,0,1
2,3.7,147,9,62,1,0.209700427960057,0,0
2,3.6,22,12,62,1,0.0439121756487025,0,1
1,3.2,17,16,46,2,0.0484330484330484,0,0
1,2.7,29,15,60,1,0.0643015521064301,0,0
2,2.5,117,4,63,3,0.1374853113983548,1,1
3,3.2,88,6,52,3,0.0799273387829246,1,0
3,3.3,131,6,63,3,0.1047162270183852,1,0
2,2.7,87,18,69,3,0.1086142322097378,0,1
3,3.3,91,15,60,3,0.0649536045681656,1,0
1,3.0,6,17,39,2,0.0239043824701195,0,0
1,2.8,5,23,50,2,0.0495049504950495,0,0
2,3.1,10,7,39,2,0.016638935108153,0,0
1,3.0,4,24,44,1,0.0199004975124378,0,0
1,3.2,10,18,39,2,0.0249376558603491,0,0
1,3.2,11,20,47,2,0.027431421446384,0,0
1,3.3,16,14,58,1,0.0796019900497512,0,0
1,3.0,5,14,55,1,0.0331125827814569,0,0
1,3.3,21,7,31,2,0.0836653386454183,0,0
1,3.1,10,25,68,2,0.0497512437810945,0,0
1,2.9,7,19,31,1,0.0199430199430199,0,0
1,2.8,16,21,43,2,0.1059602649006622,0,0
1,3.0,4,10,64,2,0.0132890365448504,0,0
1,3.3,15,16,87,2,0.0498338870431893,0,0
1,3.1,10,18,59,1,0.0662251655629139,0,0
1,2.9,8,20,71,2,0.0199501246882793,0,0
2,3.1,11,13,88,2,0.0183028286189683,0,0
2,0.0,0,7,31,1,0.0,0,0
1,0.0,2,21,50,1,0.0198019801980198,0,0
1,0.0,1,14,64,2,0.0028490028490028,0,0
1,0.0,0,26,31,1,0.0,0,0
2,0.0,0,29,84,2,0.0,1,0
1,0.0,0,13,38,2,0.0,0,0
1,0.0,3,23,48,1,0.0149253731343283,0,0
1,0.0,0,8,37,2,0.0,0,0
1,0.0,0,11,61,1,0.0,0,0
1,0.0,0,6,70,1,0.0,0,0
2,0.0,1,14,85,3,0.0019960079840319,0,0
1,0.0,0,19,24,1,0.0,0,0
1,0.0,0,10,58,1,0.0,0,0
1,0.0,0,21,31,2,0.0,0,0
1,0.0,1,20,31,1,0.0099009900990099,0,0
1,0.0,0,21,29,1,0.0,0,0
1,0.0,0,11,90,1,0.0,0,0
1,0.0,0,25,45,1,0.0,0,0
2,0.0,0,25,46,2,0.0,0,0
1,0.0,0,25,74,1,0.0,0,0
1,0.0,1,25,49,1,0.0099009900990099,0,0
1,0.0,1,27,29,1,0.0099009900990099,0,0
1,0.0,0,26,57,1,0.0,0,0
1,0.0,0,18,60,1,0.0,0,0
1,0.0,0,19,31,2,0.0,0,0
1,0.0,1,21,30,1,0.0066225165562913,0,0
1,0.0,0,14,49,1,0.0,0,0
1,0.0,2,16,59,1,0.0079681274900398,0,0
1,0.0,0,33,49,1,0.0,0,0
1,0.0,2,20,30,2,0.0099502487562189,0,1
1,0.0,0,28,64,1,0.0,0,0
1,0.0,0,20,29,1,0.0,0,0
1,0.0,0,16,73,3,0.0,0,0
1,2.4,26,13,46,1,0.074074074074074,0,0
2,3.3,173,14,39,7,0.2878535773710483,0,1
4,3.6,127,13,48,2,0.0577010449795547,1,0
2,3.7,286,7,49,1,0.5190562613430127,0,0
2,3.6,44,30,28,2,0.0627674750356633,0,0
3,0.0,3,10,40,1,0.0029970029970029,1,0
3,4.0,169,12,50,1,0.0938367573570238,1,1
4,4.0,165,8,47,4,0.0749659245797364,0,0
1,3.2,6,9,47,1,0.0149625935162094,0,0
1,3.2,24,14,52,1,0.0598503740648379,0,1
1,2.9,6,15,54,1,0.0298507462686567,0,0
1,3.0,5,13,55,1,0.0199203187250996,0,0
1,3.2,36,13,106,2,0.1434262948207171,0,0
2,3.0,4,6,81,2,0.0066555740432612,0,1
1,2.9,5,8,63,1,0.0248756218905472,0,0
1,2.9,5,13,67,1,0.0248756218905472,0,0
1,3.3,14,9,50,2,0.0310421286031042,0,0
1,3.4,55,11,68,1,0.1371571072319202,0,1
1,3.0,6,14,31,1,0.0199335548172757,0,0
1,3.0,6,28,119,2,0.0594059405940594,0,0
1,3.4,21,11,54,1,0.0836653386454183,0,0
2,3.0,5,11,64,1,0.0083194675540765,0,0
1,3.1,8,14,61,1,0.0318725099601593,0,0
3,3.5,24,24,42,3,0.0199833472106577,1,1
3,3.5,26,8,31,2,0.0259740259740259,1,0
2,3.5,54,15,24,1,0.0898502495840266,0,1
2,3.5,38,17,45,1,0.0542082738944365,0,0
2,3.8,18,14,33,2,0.0359281437125748,0,0
2,3.5,12,15,24,2,0.0239520958083832,0,1
1,0.0,1,22,66,1,0.0028490028490028,0,0
1,0.0,1,11,58,1,0.0039840637450199,0,0
1,0.0,0,12,49,1,0.0,0,0
1,0.0,1,10,55,2,0.0028490028490028,0,0
1,0.0,1,10,32,2,0.0024937655860349,0,0
1,0.0,1,24,86,1,0.0099009900990099,0,0
1,0.0,3,21,77,1,0.0149253731343283,0,0
1,0.0,2,26,115,1,0.0079681274900398,0,0
1,0.0,3,13,45,1,0.0085470085470085,0,0
1,0.0,0,24,37,2,0.0,0,0
1,0.0,1,22,70,1,0.0049751243781094,0,1
1,0.0,3,12,84,2,0.0149253731343283,0,0
1,0.0,3,21,41,1,0.0099667774086378,0,0
1,0.0,2,8,54,1,0.0099502487562189,0,0
1,0.0,2,23,87,1,0.0079681274900398,0,0
3,4.3,1252,12,38,1,0.7820112429731418,1,1
4,3.3,50,22,77,3,0.0166611129623458,1,0
4,3.7,147,27,77,1,0.0459231490159325,1,0
4,3.9,821,31,77,4,0.3282686925229908,0,0
2,3.3,152,13,61,2,0.1897627965043695,1,0
2,3.6,186,11,102,2,0.3712574850299401,0,1
3,3.6,141,9,49,3,0.1408591408591408,0,1
2,3.1,26,21,60,2,0.0518962075848303,0,0
4,3.2,48,19,75,3,0.0218082689686506,1,0
3,3.2,18,22,75,1,0.0112429731417863,0,0
4,3.7,101,20,60,2,0.0280477645098583,1,0
4,3.6,100,20,60,1,0.0270197243988111,1,0
4,4.4,609,19,75,2,0.2435025989604158,1,0
4,3.1,5,35,73,3,0.0024987506246876,0,0
4,3.5,42,20,73,1,0.0102414045354791,0,0
4,3.9,548,21,73,1,0.12741222971402,1,0
4,3.8,134,20,80,1,0.0267946410717856,1,0
4,3.7,139,25,73,2,0.0386003887808941,1,0
3,3.7,65,29,80,2,0.0649350649350649,0,0
4,4.3,800,23,73,2,0.1777382803821373,1,0
4,3.3,145,26,74,2,0.0546963410033949,1,0
4,3.6,97,30,74,3,0.0303030303030303,1,0
4,3.2,10,23,32,2,0.0049975012493753,1,0
4,3.2,12,42,32,2,0.0019996667222129,1,0
4,3.3,25,26,32,1,0.0083305564811729,1,0
4,3.9,272,19,32,4,0.0453257790368272,1,0
4,3.7,59,31,32,1,0.0147463134216445,1,0
2,3.8,45,26,32,2,0.0499445061043285,0,0
4,3.7,104,28,32,1,0.0207958408318336,1,0
4,3.6,57,25,32,2,0.0227908836465413,1,0
4,4.0,259,30,32,5,0.0431594734210964,1,0
3,3.0,90,7,72,3,0.0899100899100899,1,1
2,3.3,21,17,81,2,0.0233074361820199,1,0
1,3.4,109,9,75,3,0.4342629482071713,0,0
1,2.9,5,19,79,2,0.0166112956810631,0,0
2,2.8,19,10,56,2,0.0271041369472182,0,0
2,3.5,96,13,70,3,0.1198501872659176,1,1
1,0.0,1,18,77,1,0.0039840637450199,0,0
2,1.9,146,6,67,4,0.2914171656686626,0,1
2,3.3,46,38,56,2,0.051054384017758,0,0
3,3.2,31,35,56,1,0.0193628981886321,1,0
4,3.4,51,36,56,1,0.0113308153743612,1,0
4,3.5,45,29,56,1,0.0149950016661112,0,0
4,3.7,419,37,56,4,0.0821407567143697,1,0
4,3.9,265,29,56,3,0.0588758053765829,1,0
4,3.7,747,30,56,1,0.149370125974805,0,0
4,3.6,62,26,56,2,0.0137747167296156,1,0
4,3.9,186,49,111,2,0.068863383931877,1,0
4,3.6,48,48,111,1,0.0181063749528479,1,0
4,3.6,42,45,111,1,0.0119965724078834,1,0
4,4.0,184,46,111,1,0.0525564124535846,1,0
4,3.9,241,26,61,2,0.0602349412646838,1,0
4,3.8,199,28,61,2,0.0397920415916816,1,0
4,3.9,178,23,61,2,0.0323577531357934,1,0
4,3.7,59,30,61,2,0.0168523279063124,0,0
4,3.6,32,35,61,2,0.015992003998001,0,0
1,2.9,4,28,32,2,0.0099750623441396,0,0
4,3.8,185,16,32,3,0.0616461179606797,1,0
4,3.3,199,15,59,4,0.0663112295901366,1,0
4,3.3,169,15,59,4,0.048271922307912,1,0
4,3.8,773,15,59,3,0.1717396134192401,1,0
4,3.1,26,43,51,1,0.0086637787404198,1,0
2,3.3,19,35,51,2,0.0210876803551609,0,0
4,3.6,90,30,51,4,0.0204498977505112,0,0
4,3.7,111,29,51,3,0.0443822471011595,1,0
4,3.1,15,36,48,2,0.002999400119976,0,0
4,3.8,79,38,48,1,0.0315873650539784,0,0
4,3.9,696,28,48,3,0.1391721655668866,0,0
4,3.6,64,31,48,2,0.0152344679838133,1,0
4,3.9,183,40,48,2,0.0304949175137477,1,0
4,4.0,398,35,48,1,0.0723504817305944,1,0
4,4.2,541,26,48,2,0.1201955121084203,1,0
4,3.7,42,34,61,3,0.0209895052473763,1,0
4,3.5,24,29,61,1,0.0059985003749062,1,0
4,4.0,145,33,61,1,0.0181227346581677,1,0
3,4.0,76,33,61,1,0.050632911392405,0,0
4,3.2,28,19,42,4,0.0093302232589136,1,0
4,3.0,5,23,42,3,0.001999200319872,1,0
2,3.0,4,28,72,1,0.0079840319361277,0,0
3,3.6,350,10,86,2,0.205761316872428,1,1
3,3.8,637,16,72,2,0.3978763272954403,1,0
4,4.1,146,35,72,1,0.0583766493402638,1,0
1,0.0,0,12,56,1,0.0,0,0
1,2.9,6,21,54,2,0.0594059405940594,0,0
1,2.7,11,15,63,2,0.0438247011952191,0,0
1,2.9,5,18,41,2,0.0110864745011086,0,0
1,3.1,7,14,63,1,0.0348258706467661,0,0
1,3.1,8,15,35,1,0.0529801324503311,0,0
1,2.9,7,12,22,1,0.0463576158940397,0,0
1,3.0,7,15,43,1,0.0232558139534883,0,1
1,3.1,16,6,65,2,0.0455840455840455,0,0
1,2.9,21,16,56,2,0.0598290598290598,0,0
1,3.0,4,12,66,3,0.0132890365448504,0,0
1,2.9,5,10,61,1,0.0166112956810631,0,0
1,3.0,6,16,57,3,0.017094017094017,0,0
1,3.2,16,16,43,3,0.0455840455840455,0,0
1,3.3,26,15,49,1,0.0863787375415282,0,0
1,3.0,4,19,103,1,0.0264900662251655,0,0
1,2.6,10,19,42,1,0.0284900284900284,0,0
2,3.0,5,9,40,2,0.0099800399201596,0,0
1,2.9,8,20,43,1,0.0318725099601593,0,0
1,3.4,18,23,43,1,0.1782178217821782,0,0
2,3.0,7,13,44,1,0.0127041742286751,0,0
1,3.1,7,20,55,2,0.0348258706467661,0,0
1,3.2,26,22,53,1,0.1721854304635761,0,0
1,3.2,10,14,35,2,0.0662251655629139,0,0
1,2.9,5,16,63,2,0.0166112956810631,0,0
1,3.0,7,12,72,2,0.0232558139534883,0,0
1,3.5,17,18,45,1,0.1125827814569536,0,0
1,3.5,21,11,43,3,0.0697674418604651,0,1
1,0.0,2,16,48,1,0.0099502487562189,0,0
1,0.0,2,17,29,2,0.0132450331125827,0,0
1,0.0,3,30,54,2,0.0297029702970297,0,0
1,0.0,3,14,55,2,0.0119521912350597,0,0
1,0.0,1,13,64,1,0.0028490028490028,0,0
1,0.0,2,17,82,3,0.0099502487562189,0,0
1,0.0,3,11,46,1,0.0099667774086378,0,0
1,0.0,1,5,47,2,0.0033222591362126,0,0
1,0.0,2,26,50,2,0.0099502487562189,0,0
1,0.0,2,25,42,1,0.0079681274900398,0,0
2,0.0,1,12,64,2,0.0019960079840319,0,0
1,0.0,1,15,53,1,0.0033222591362126,0,0
1,0.0,2,13,38,3,0.0056980056980056,0,0
2,0.0,3,18,78,1,0.0059880239520958,0,0
1,0.0,2,8,45,1,0.0079681274900398,0,0
1,0.0,1,23,71,1,0.0028490028490028,0,0
1,0.0,0,14,60,2,0.0,0,0
1,0.0,1,13,54,1,0.0039840637450199,0,0
1,0.0,3,13,53,1,0.0099667774086378,0,0
2,0.0,3,13,57,3,0.0042796005706134,0,0
1,0.0,3,25,61,1,0.0119521912350597,0,0
2,0.0,3,14,55,1,0.0059880239520958,0,0
1,0.0,3,23,50,2,0.0198675496688741,0,0
1,0.0,2,16,70,1,0.0099502487562189,0,0
1,0.0,3,13,22,1,0.0099667774086378,0,0
1,0.0,2,15,60,1,0.0066445182724252,0,0
1,0.0,1,16,47,1,0.0049751243781094,0,0
1,0.0,2,12,29,1,0.0198019801980198,0,0
2,0.0,2,23,39,1,0.0039920159680638,0,1
1,0.0,3,11,55,1,0.0119521912350597,0,0
1,0.0,3,12,55,2,0.0119521912350597,0,0
1,0.0,2,15,66,1,0.0066445182724252,0,0
1,0.0,3,22,59,1,0.0074812967581047,0,0
1,0.0,1,26,43,2,0.0099009900990099,0,0
2,3.7,281,13,59,4,0.3508114856429463,0,0
2,3.4,104,20,46,1,0.1384820239680426,0,0
2,3.6,438,26,40,3,0.874251497005988,0,1
2,4.2,73,15,56,1,0.1041369472182596,0,1
1,2.9,77,9,58,2,0.2193732193732193,0,1
2,3.6,24,14,47,2,0.0342368045649072,0,0
2,3.7,59,10,41,3,0.1177644710578842,0,0
1,3.8,37,9,54,1,0.0922693266832917,0,0
1,2.3,42,13,58,1,0.1047381546134663,0,1
1,3.1,5,20,97,1,0.0248756218905472,0,1
1,2.8,5,15,81,1,0.0495049504950495,0,0
1,2.9,10,15,52,1,0.0398406374501992,0,0
2,2.9,4,9,60,3,0.0079840319361277,0,1
1,3.0,4,15,55,1,0.0199004975124378,0,0
1,2.8,4,12,57,2,0.0199004975124378,0,1
1,2.7,12,14,75,2,0.0341880341880341,0,0
1,2.9,7,15,72,2,0.0278884462151394,0,0
1,2.7,5,20,61,1,0.0166112956810631,0,1
2,2.5,6,14,77,2,0.0085592011412268,0,0
1,3.1,14,17,113,3,0.0465116279069767,0,0
1,3.0,4,15,72,1,0.0396039603960396,0,0
1,3.1,4,32,79,4,0.0132890365448504,0,0
1,3.3,12,22,39,3,0.0794701986754966,0,0
1,3.1,10,17,59,2,0.0332225913621262,0,0
1,3.0,4,20,62,3,0.0132890365448504,0,0
1,3.1,7,13,42,1,0.0693069306930693,0,0
1,3.0,5,14,47,1,0.0331125827814569,0,0
1,3.1,4,14,58,2,0.0132890365448504,0,1
1,3.2,11,13,78,2,0.0313390313390313,0,1
2,2.7,11,13,61,2,0.0219560878243512,0,1
1,3.0,6,25,65,1,0.0298507462686567,0,0
1,2.8,9,6,43,2,0.044776119402985,0,0
1,3.0,10,11,39,2,0.0249376558603491,0,0
1,2.8,6,19,55,1,0.1176470588235294,0,0
1,2.8,4,14,38,1,0.0784313725490196,0,0
1,2.9,4,19,57,4,0.0159362549800796,0,0
1,3.0,5,26,89,1,0.0166112956810631,0,0
1,2.8,7,15,76,4,0.0174563591022443,0,0
1,2.8,6,19,54,3,0.0199335548172757,0,0
1,3.0,8,25,99,3,0.0398009950248756,0,0
1,2.7,6,18,58,3,0.0149625935162094,0,1
1,2.9,7,14,43,1,0.0348258706467661,0,0
2,2.8,12,10,65,2,0.0184331797235023,0,1
1,0.0,3,20,58,1,0.0588235294117647,0,0
1,0.0,3,15,64,3,0.0149253731343283,0,0
1,0.0,3,19,67,2,0.0297029702970297,0,0
1,0.0,2,23,43,3,0.0079681274900398,0,1
1,0.0,2,10,35,1,0.0079681274900398,0,0
2,0.0,2,13,60,2,0.0033277870216306,0,1
1,0.0,0,13,62,2,0.0,0,0
1,0.0,3,16,78,2,0.0085470085470085,0,0
1,0.0,2,13,63,2,0.0079681274900398,0,0
1,0.0,2,19,63,1,0.0066445182724252,0,1
1,0.0,3,18,55,1,0.0297029702970297,0,0
1,0.0,2,21,64,2,0.0079681274900398,0,0
1,0.0,1,27,70,1,0.0049751243781094,0,0
1,0.0,3,11,44,1,0.0149253731343283,0,0
1,0.0,2,14,66,1,0.0066445182724252,0,0
1,0.0,2,12,44,1,0.0099502487562189,0,0
1,0.0,3,15,57,1,0.0074812967581047,0,0
1,0.0,2,19,44,2,0.0079681274900398,0,0
1,0.0,3,16,49,2,0.0149253731343283,0,1
1,0.0,2,13,83,2,0.0132450331125827,0,0
1,0.0,2,14,89,2,0.0044345898004434,0,1
1,0.0,3,36,64,1,0.0297029702970297,0,0
1,0.0,3,28,50,2,0.0074812967581047,0,0
1,0.0,1,11,63,2,0.0024937655860349,0,0
1,2.4,4,10,72,1,0.0099750623441396,0,1
1,2.6,33,15,50,1,0.073170731707317,0,0
1,2.6,23,18,54,2,0.0764119601328903,0,0
3,2.7,132,32,71,3,0.1099084096586178,1,0
2,3.4,25,14,62,2,0.035663338088445,0,0
1,2.9,5,8,39,1,0.0248756218905472,0,0
1,3.3,25,9,51,1,0.0623441396508728,0,0
1,3.4,99,25,32,1,0.3944223107569721,0,0
1,2.8,7,8,44,1,0.0155210643015521,0,0
2,3.4,193,12,41,2,0.3211314475873544,0,0
1,3.0,38,18,51,2,0.1513944223107569,0,1
1,2.8,5,13,44,1,0.0124688279301745,0,0
3,2.6,86,13,50,3,0.0716069941715237,1,1
1,2.5,18,13,84,1,0.0717131474103585,0,0
2,2.5,163,6,53,4,0.3253493013972056,0,1
3,2.7,307,17,38,2,0.2045303131245836,1,1
2,2.9,9,16,44,2,0.0149750415973377,0,0
2,2.5,88,13,38,2,0.1464226289517471,0,1
2,3.6,160,10,84,2,0.3193612774451098,0,1
1,3.9,96,6,53,1,0.2735042735042735,0,1
1,3.5,54,9,32,2,0.1538461538461538,0,0
1,2.3,45,20,34,1,0.1282051282051282,0,0
2,2.4,117,12,88,2,0.194675540765391,0,1
3,2.2,79,31,43,2,0.0789210789210789,1,1
3,2.4,224,9,32,3,0.2237762237762237,0,1
3,2.4,43,17,55,3,0.0286475682878081,1,0
2,2.0,191,9,37,1,0.2119866814650388,1,1
2,3.4,398,7,27,1,0.6622296173044925,0,1
3,3.0,145,8,40,4,0.1316984559491371,0,1
2,2.8,133,11,48,2,0.2212978369384359,0,1
4,3.3,89,5,50,3,0.040436165379373,1,0
1,3.7,248,20,39,3,0.7065527065527065,0,1
2,3.8,122,14,68,3,0.1874039938556067,0,1
2,3.8,123,12,22,3,0.1445358401880141,0,1
3,3.9,40,13,22,2,0.0399600399600399,0,1
3,3.8,619,12,22,2,0.6183816183816184,0,1
2,3.8,43,31,75,5,0.0477247502774694,1,1
2,3.8,286,21,75,3,0.3174250832408435,1,1
2,3.7,164,17,67,2,0.2047440699126092,0,1
2,3.5,170,8,44,2,0.212234706616729,0,1
2,3.5,95,15,75,1,0.1054384017758046,1,1
2,3.9,191,16,22,3,0.2008412197686645,0,1
3,3.6,361,7,51,2,0.240506329113924,1,1
2,3.8,141,10,49,3,0.216589861751152,0,1
3,3.8,20,8,71,1,0.0199800199800199,0,1
2,3.7,185,17,123,5,0.2639087018544935,0,1
2,0.0,2,9,22,1,0.0024968789013732,0,0
2,4.2,193,12,117,2,0.275320970042796,0,1
2,4.1,173,11,52,1,0.2657450076804915,0,1
2,4.2,62,18,22,2,0.0688124306326304,0,1
2,2.9,252,25,65,2,0.3146067415730337,0,1
2,2.8,145,14,63,2,0.2068473609129814,0,0
2,3.3,87,11,56,2,0.1447587354409318,0,0
2,3.3,199,15,61,4,0.3056835637480798,0,1
2,2.5,131,6,64,4,0.2614770459081836,0,1
2,3.9,105,13,65,2,0.1398135818908122,0,1
2,3.9,380,10,62,3,0.632279534109817,0,1
2,3.6,277,3,56,2,0.5528942115768463,0,1
2,3.7,364,11,65,2,0.4277320799059929,1,1
1,3.2,22,20,52,3,0.0626780626780626,0,1
2,3.3,47,7,45,1,0.0721966205837173,0,1
1,3.3,28,19,39,2,0.1854304635761589,0,0
1,3.1,14,13,45,3,0.0927152317880794,0,0
1,3.4,20,11,36,1,0.0498753117206982,0,0
2,2.9,6,18,34,3,0.0066592674805771,1,0
1,3.1,9,31,61,1,0.0358565737051792,0,0
3,2.8,9,8,46,6,0.00599600266489,0,1
1,3.3,23,16,29,3,0.0655270655270655,0,0
1,2.7,26,7,58,1,0.0863787375415282,0,1
1,3.1,8,8,42,2,0.0529801324503311,0,0
2,3.1,31,20,42,2,0.0515806988352745,0,0
1,3.2,28,8,65,2,0.0698254364089775,0,1
1,3.3,18,14,41,2,0.0598006644518272,0,1
2,2.8,299,14,64,3,0.4265335235378031,0,1
3,3.3,52,10,73,2,0.0472297910990009,1,1
1,3.1,9,17,71,2,0.0299003322259136,0,0
1,3.3,40,28,58,1,0.1990049751243781,0,0
1,3.5,37,5,23,2,0.1229235880398671,0,1
2,3.6,80,12,55,1,0.1331114808652246,0,0
1,3.6,34,14,47,2,0.0753880266075388,0,0
2,3.5,21,22,79,2,0.0233074361820199,0,1
3,3.7,76,13,95,3,0.0446796002351557,1,0
1,0.0,0,17,55,2,0.0,0,0
1,0.0,1,10,65,2,0.0024937655860349,0,0
1,0.0,2,15,68,1,0.0044345898004434,0,0
1,0.0,2,15,45,1,0.0066445182724252,0,0
1,0.0,3,5,60,2,0.0074812967581047,0,0
1,0.0,1,14,40,1,0.0049751243781094,0,0
3,0.0,2,15,49,1,0.0019980019980019,0,0
1,0.0,1,20,38,2,0.0049751243781094,0,0
1,0.0,0,30,28,1,0.0,0,0
2,0.0,1,19,59,2,0.0019960079840319,0,0
2,0.0,0,15,61,3,0.0,0,0
2,0.0,0,16,50,2,0.0,0,0
4,4.3,114,23,38,2,0.0569715142428785,0,0
1,2.8,7,22,45,2,0.1372549019607843,0,0
1,2.9,16,21,45,2,0.1059602649006622,0,0
1,3.0,31,8,44,2,0.0883190883190883,0,0
2,2.8,7,23,104,2,0.0139720558882235,0,0
1,3.2,13,16,78,1,0.0324189526184538,0,0
1,3.1,36,15,52,3,0.0897755610972568,0,1
2,2.6,17,14,94,2,0.0242510699001426,0,0
1,3.3,32,17,74,2,0.0709534368070953,0,0
1,3.0,5,5,60,2,0.0166112956810631,0,0
1,3.4,31,18,59,2,0.1235059760956175,0,0
1,3.3,30,8,78,2,0.0854700854700854,0,0
2,2.9,14,10,50,2,0.0254083484573502,0,0
1,2.9,4,21,58,1,0.0199004975124378,0,0
1,2.9,10,19,59,2,0.0249376558603491,0,0
1,3.1,16,10,45,1,0.1584158415841584,0,0
1,3.0,4,8,53,1,0.0199004975124378,0,0
1,3.7,32,14,71,2,0.0798004987531172,0,1
1,0.0,3,16,68,1,0.0099667774086378,0,0
1,0.0,0,23,57,2,0.0,0,0
1,0.0,0,15,97,1,0.0,0,0
1,0.0,0,15,55,2,0.0,0,0
1,0.0,0,16,51,3,0.0,0,0
1,0.0,0,17,52,1,0.0,0,0
1,0.0,0,21,68,1,0.0,0,0
1,0.0,0,19,52,1,0.0,0,0
1,0.0,0,13,43,1,0.0,0,0
1,0.0,2,8,52,1,0.0198019801980198,0,0
1,0.0,1,10,58,1,0.0028490028490028,0,0
1,0.0,1,12,81,1,0.0028490028490028,0,0
1,0.0,0,13,76,1,0.0,0,0
1,0.0,3,13,96,1,0.0099667774086378,0,0
1,0.0,0,6,53,2,0.0,0,0
1,0.0,0,14,46,1,0.0,0,0
1,0.0,0,31,74,1,0.0,0,0
1,0.0,0,16,76,1,0.0,0,0
1,0.0,0,10,80,2,0.0,0,0
1,0.0,2,7,59,1,0.0132450331125827,0,0
1,0.0,3,19,59,1,0.0297029702970297,0,0
1,0.0,1,19,53,2,0.0024937655860349,0,0
2,0.0,0,17,52,2,0.0,0,0
1,0.0,0,20,57,1,0.0,0,0
1,0.0,0,12,59,1,0.0,0,0
1,0.0,0,31,52,2,0.0,0,0
2,0.0,0,14,71,1,0.0,0,0
1,0.0,0,29,79,1,0.0,0,0
1,0.0,1,14,79,1,0.0024937655860349,0,0
1,0.0,0,20,53,2,0.0,0,0
1,0.0,0,15,78,1,0.0,0,0
1,0.0,0,16,52,1,0.0,0,0
1,0.0,0,32,71,1,0.0,0,0
1,0.0,1,24,67,2,0.0049751243781094,0,0
1,0.0,3,14,44,3,0.0119521912350597,0,0
1,0.0,0,15,68,1,0.0,0,0
1,0.0,2,17,80,1,0.0099502487562189,0,0
1,0.0,0,23,61,1,0.0,0,0
1,0.0,0,15,59,1,0.0,0,0
1,0.0,1,18,53,2,0.0099009900990099,0,0
1,0.0,0,17,89,2,0.0,0,0
1,0.0,0,23,53,2,0.0,0,0
1,0.0,0,7,53,2,0.0,0,0
1,0.0,0,20,86,2,0.0,0,0
2,0.0,0,7,70,2,0.0,0,0
2,3.3,43,12,61,3,0.0536828963795255,1,0
1,3.1,25,12,65,1,0.0830564784053156,0,0
1,3.4,43,19,70,1,0.1428571428571428,0,0
1,3.1,10,15,65,1,0.0332225913621262,0,0
1,3.0,16,9,39,1,0.0796019900497512,0,0
2,3.4,168,16,28,2,0.3353293413173652,0,1
1,3.3,12,11,43,1,0.0597014925373134,0,1
1,3.3,27,19,67,2,0.0769230769230769,0,0
1,2.9,19,12,53,1,0.0945273631840796,0,0
1,3.1,15,12,43,2,0.0374064837905236,0,1
2,3.3,732,15,44,3,0.9138576779026216,1,1
2,3.4,430,16,54,4,0.5368289637952559,1,1
2,4.6,1136,15,41,2,1.2608213096559375,0,0
1,3.8,114,12,53,2,0.3787375415282392,0,0
2,3.8,429,12,69,5,0.7138103161397671,0,0
1,3.5,65,11,77,1,0.2589641434262948,0,1
2,3.5,349,33,57,6,0.4978601997146933,0,1
2,3.6,480,14,61,3,0.9580838323353292,0,0
1,3.6,314,13,49,1,0.7830423940149626,0,0
2,3.7,344,10,58,3,0.4294631710362047,1,1
1,3.5,18,24,46,2,0.119205298013245,0,0
2,3.9,419,6,50,4,0.5230961298377028,0,1
1,3.5,27,19,59,1,0.1788079470198675,0,0
2,3.5,359,8,52,4,0.5121255349500713,0,1
2,3.6,555,21,63,5,1.1077844311377243,0,1
2,4.1,506,8,30,4,0.5615982241953386,0,0
2,4.3,3986,15,95,3,6.632279534109817,0,0
1,4.2,741,16,53,3,1.8478802992518704,0,0
2,4.1,636,16,43,4,0.7940074906367042,0,1
1,4.4,163,6,43,1,0.8109452736318408,0,1
1,4.0,90,18,43,2,0.2564102564102564,0,0
1,3.4,19,15,56,2,0.0631229235880398,0,0
1,0.0,0,15,30,2,0.0,0,0
1,3.3,15,6,44,2,0.0597609561752988,0,0
1,3.3,23,9,32,2,0.0764119601328903,0,0
1,3.4,28,12,37,2,0.0930232558139534,0,0
1,2.8,14,20,38,1,0.0927152317880794,0,0
1,3.0,41,10,55,1,0.1022443890274314,0,0
1,3.0,16,15,43,1,0.0354767184035476,0,0
1,2.7,11,11,32,1,0.0547263681592039,0,0
2,2.6,20,6,50,2,0.0399201596806387,0,0
1,3.3,55,22,50,1,0.1371571072319202,0,0
1,2.9,6,29,56,1,0.017094017094017,0,0
1,3.0,6,13,20,1,0.0149625935162094,0,0
2,3.2,20,9,74,2,0.0266311584553928,0,0
2,3.3,16,10,49,2,0.0188014101057579,1,0
1,3.2,17,11,56,2,0.1683168316831683,0,0
1,2.6,44,7,53,1,0.1253561253561253,0,0
2,3.1,5,15,20,1,0.0083194675540765,0,1
1,3.0,5,8,35,3,0.0166112956810631,0,0
1,3.3,26,19,55,1,0.2574257425742574,0,0
1,3.1,8,13,29,2,0.0792079207920792,0,0
1,3.3,21,18,48,1,0.0697674418604651,0,0
2,3.2,13,11,50,2,0.021630615640599,0,0
1,3.4,33,13,30,1,0.1096345514950166,0,0
2,2.6,33,13,57,2,0.0658682634730539,0,0
1,3.1,8,7,35,3,0.0398009950248756,0,0
1,3.3,33,11,44,2,0.1096345514950166,0,0
1,3.0,10,21,37,1,0.0497512437810945,0,0
1,2.8,31,11,38,1,0.0883190883190883,0,1
1,3.1,34,15,43,2,0.1129568106312292,0,0
2,2.8,20,6,56,2,0.0332778702163061,0,0
1,3.1,12,19,23,1,0.0398671096345514,0,0
2,3.1,24,9,51,2,0.0368663594470046,0,0
1,2.7,44,24,31,2,0.1253561253561253,0,1
1,3.3,15,7,29,1,0.0427350427350427,0,0
1,3.1,17,19,52,2,0.0423940149625935,0,0
1,2.8,37,13,44,2,0.0922693266832917,0,0
1,3.2,10,25,48,1,0.0398406374501992,0,0
1,3.2,9,21,43,2,0.0299003322259136,0,0
1,3.1,23,20,33,2,0.0573566084788029,0,0
2,3.4,23,13,45,2,0.0417422867513611,0,0
1,2.8,11,15,49,1,0.024390243902439,0,0
1,3.0,4,25,57,1,0.0396039603960396,0,0
1,3.0,4,17,30,1,0.0396039603960396,0,0
1,3.3,42,17,59,2,0.1196581196581196,0,0
1,3.4,35,16,44,1,0.1394422310756972,0,0
2,2.6,43,16,65,2,0.0536828963795255,1,0
2,2.6,28,6,41,4,0.0558882235528942,0,1
1,3.2,17,13,56,1,0.0845771144278607,0,0
3,3.4,40,15,91,2,0.0347523892267593,1,1
2,3.4,26,14,45,1,0.043261231281198,0,0
2,3.2,49,23,38,3,0.08153078202995,0,0
3,3.2,31,9,43,2,0.028156221616712,1,0
1,3.1,7,17,26,2,0.0232558139534883,0,0
1,2.6,42,20,45,1,0.4158415841584158,0,0
1,3.5,36,14,30,1,0.1196013289036544,0,0
2,3.5,56,12,46,2,0.0798858773181169,0,0
2,0.0,3,13,87,1,0.0049916805324459,0,0
1,0.0,1,12,49,2,0.0033222591362126,0,0
1,0.0,3,12,49,2,0.0149253731343283,0,0
2,0.0,2,17,69,1,0.0039920159680638,0,0
2,2.3,26,18,66,2,0.043261231281198,0,1
1,2.8,14,12,38,1,0.0398860398860398,0,0
1,2.9,5,18,41,1,0.0495049504950495,0,0
1,3.4,33,19,30,6,0.0822942643391521,0,1
1,3.3,114,24,55,2,0.2527716186252771,0,1
1,3.1,7,12,63,1,0.0199430199430199,0,1
1,3.2,12,22,49,1,0.0597014925373134,0,0
1,3.0,6,7,45,2,0.0149625935162094,0,0
1,3.3,12,15,43,2,0.0398671096345514,0,0
2,2.6,54,32,72,3,0.0898502495840266,0,0
1,3.1,5,13,73,2,0.0110864745011086,0,0
1,2.5,51,7,44,2,0.1271820448877805,0,0
1,3.3,21,26,62,2,0.0523690773067331,0,0
1,3.2,10,12,61,1,0.0249376558603491,0,0
1,2.9,4,13,63,2,0.0099750623441396,0,0
2,3.5,37,15,65,2,0.0738522954091816,0,1
2,3.8,122,10,71,2,0.2029950083194675,0,1
2,3.6,126,12,59,2,0.1573033707865168,0,1
1,3.6,35,20,44,2,0.1162790697674418,0,1
2,3.6,26,22,47,2,0.0518962075848303,0,0
2,3.6,168,12,66,2,0.2795341098169717,0,0
1,0.0,0,18,71,1,0.0,0,0
1,0.0,0,12,44,2,0.0,0,0
2,0.0,0,17,63,3,0.0,0,0
1,0.0,0,12,45,1,0.0,0,0
1,0.0,0,14,38,1,0.0,0,0
1,0.0,0,19,65,1,0.0,0,0
1,0.0,0,10,45,1,0.0,0,0
1,0.0,1,22,56,1,0.0033222591362126,0,0
1,0.0,0,19,67,1,0.0,0,0
1,0.0,0,23,69,1,0.0,0,0
1,0.0,0,12,58,2,0.0,0,0
1,0.0,0,13,44,2,0.0,0,0
1,0.0,0,16,31,1,0.0,0,0
1,2.4,29,20,53,6,0.0826210826210826,0,0
1,2.2,64,10,45,3,0.1596009975062344,0,1
1,2.4,10,17,60,2,0.0332225913621262,0,1
1,2.6,19,10,83,1,0.0631229235880398,0,0
1,3.4,35,19,44,4,0.0872817955112219,0,0
1,3.0,24,18,72,3,0.095617529880478,0,0
1,3.2,8,14,52,3,0.0529801324503311,0,0
1,0.0,0,9,42,1,0.0,0,0
1,0.0,0,14,54,1,0.0,0,0
1,3.4,86,20,54,1,0.245014245014245,0,0
2,2.1,152,6,57,4,0.3033932135728543,0,1
3,3.5,178,17,48,3,0.1185876082611592,1,0
2,3.4,86,3,55,2,0.1716566866267465,0,1
1,3.5,216,14,38,1,0.5386533665835411,0,0
1,3.7,83,7,81,1,0.2069825436408977,0,1
1,4.1,491,9,32,2,1.2244389027431422,0,1
1,3.1,5,9,77,1,0.0124688279301745,0,0
2,3.2,17,28,56,2,0.0282861896838602,0,0
2,3.1,25,6,55,4,0.0499001996007984,0,1
1,3.1,8,9,45,1,0.0227920227920227,0,0
3,3.6,22,13,64,2,0.0219780219780219,0,0
2,0.0,3,18,46,1,0.0059880239520958,0,0
2,0.0,3,11,55,8,0.0054446460980036,0,0
2,0.0,3,11,49,1,0.0049916805324459,0,0
1,0.0,1,10,54,2,0.0033222591362126,0,0
1,0.0,0,12,55,3,0.0,0,0
2,0.0,3,9,63,2,0.0049916805324459,0,1
3,0.0,1,7,46,2,0.0009990009990009,0,0
2,0.0,2,11,77,2,0.0030721966205837,0,0
2,0.0,0,18,46,3,0.0,0,0
2,0.0,3,8,53,4,0.0042796005706134,0,0
2,2.7,33,6,30,2,0.0549084858569051,0,1
1,3.3,39,9,96,1,0.2582781456953642,0,0
1,3.1,9,21,64,1,0.0224438902743142,0,0
1,3.3,28,6,37,2,0.1115537848605577,0,0
1,3.1,30,16,57,3,0.0854700854700854,0,0
2,2.7,5,31,43,1,0.0083194675540765,0,0
1,2.7,52,26,42,1,0.1727574750830564,0,0
1,2.9,5,11,52,1,0.0142450142450142,0,0
2,3.2,46,17,25,2,0.0765391014975041,0,0
3,3.0,42,17,52,3,0.0419580419580419,1,0
1,2.7,128,10,74,1,0.3192019950124688,0,1
1,3.2,30,15,38,2,0.0665188470066518,0,0
1,2.7,8,5,73,1,0.0199501246882793,0,0
1,3.0,25,10,53,1,0.0554323725055432,0,0
1,3.9,109,16,55,2,0.7218543046357616,0,0
2,3.7,334,9,48,3,0.6666666666666666,0,1
1,0.0,2,9,43,1,0.0132450331125827,0,0
1,0.0,3,20,61,1,0.0099667774086378,0,0
1,0.0,0,15,49,1,0.0,0,0
1,0.0,0,12,43,3,0.0,0,0
1,0.0,1,10,42,1,0.0033222591362126,0,0
1,0.0,1,26,28,2,0.0049751243781094,0,0
1,0.0,1,13,45,1,0.0022172949002217,0,0
1,0.0,0,11,81,1,0.0,0,0
1,0.0,0,10,54,2,0.0,0,0
1,0.0,0,15,42,1,0.0,0,0
1,0.0,0,11,64,1,0.0,0,0
1,0.0,0,19,33,1,0.0,0,0
1,0.0,1,15,40,1,0.0066225165562913,0,0
1,0.0,0,16,41,2,0.0,0,0
1,0.0,0,10,69,2,0.0,0,0
2,0.0,0,25,38,1,0.0,0,0
1,0.0,1,9,79,2,0.0049751243781094,0,0
2,0.0,0,11,84,2,0.0,0,0
1,0.0,0,12,100,3,0.0,0,0
1,0.0,0,14,58,1,0.0,0,0
1,0.0,0,18,40,1,0.0,0,0
1,0.0,1,15,29,1,0.0039840637450199,0,0
2,0.0,1,20,35,1,0.0012484394506866,0,0
2,3.1,15,14,61,2,0.029940119760479,0,0
2,3.4,50,16,59,1,0.0831946755407653,0,1
2,2.9,6,14,61,2,0.0074906367041198,1,0
1,3.2,45,20,74,1,0.0997782705099778,0,0
2,0.0,3,14,56,3,0.0049916805324459,0,0
1,3.1,47,28,46,4,0.1561461794019933,0,0
1,3.5,94,18,49,1,0.4676616915422885,0,1
1,3.7,331,19,51,2,0.8254364089775561,0,1
1,3.8,603,20,46,1,2.0033222591362128,0,0
4,3.0,579,10,41,4,0.2226066897347174,1,0
2,3.5,169,10,40,7,0.281198003327787,0,0
3,3.5,278,19,46,3,0.2524977293369664,1,1
4,2.4,221,25,51,5,0.1104447776111944,1,0
3,3.4,120,25,57,2,0.108991825613079,1,0
3,3.4,215,26,53,4,0.1432378414390406,1,0
1,2.7,212,9,64,2,0.603988603988604,0,0
1,4.5,324,13,46,1,1.290836653386454,0,0
2,4.5,147,20,49,2,0.209700427960057,0,0
2,3.5,23,7,51,1,0.0353302611367127,0,0
3,3.9,199,11,42,3,0.1325782811459027,1,1
2,3.8,458,10,55,3,0.7035330261136713,0,1
1,3.9,124,7,72,2,0.3092269326683292,0,0
3,3.9,173,19,53,6,0.1234832262669521,1,1
2,3.7,64,12,46,1,0.1064891846921797,0,0
2,3.7,86,14,46,3,0.1430948419301164,0,0
2,3.7,214,10,47,2,0.2375138734739178,0,1
1,3.8,169,9,47,1,0.4214463840399002,0,0
3,3.9,749,16,53,4,0.4158800666296502,0,0
3,3.9,173,9,46,3,0.1728271728271728,0,0
3,3.9,366,12,46,2,0.2286071205496564,1,1
1,3.9,232,9,47,1,0.5785536159600998,0,0
2,3.6,397,9,64,2,0.720508166969147,0,1
1,3.7,22,18,56,2,0.0626780626780626,0,0
2,3.5,13,5,46,2,0.0259481037924151,0,0
1,3.7,518,7,54,2,1.2917705735660847,0,1
3,3.8,67,4,55,4,0.0418488444722048,1,1
3,4.1,567,18,46,3,0.3777481678880746,1,0
3,4.1,750,19,46,3,0.4996668887408394,1,1
3,4.1,322,14,59,2,0.2145236508994004,1,0
3,4.3,428,8,53,3,0.2673329169269207,1,1
2,4.0,91,9,46,2,0.1397849462365591,0,1
3,4.0,121,7,46,3,0.0895632864544781,0,0
3,4.0,617,20,46,2,0.474250576479631,0,0
2,4.2,316,14,58,3,0.4207723035952064,0,1
3,3.4,67,33,54,2,0.0446369087275149,1,0
4,3.2,27,34,49,1,0.0134932533733133,1,0
1,3.4,96,9,68,1,0.2735042735042735,0,0
2,3.1,112,11,54,3,0.1720430107526881,0,1
1,2.6,12,16,53,3,0.0341880341880341,0,1
2,2.5,24,20,59,2,0.0399334442595673,0,0
3,3.3,129,9,47,3,0.0859427048634243,1,1
2,3.9,44,11,40,1,0.0675883256528417,0,1
3,3.7,330,14,56,3,0.2747710241465445,0,0
2,0.0,3,13,40,3,0.0049916805324459,0,1
3,3.4,299,10,34,5,0.1660188784008884,1,0
1,3.6,46,7,90,2,0.1147132169576059,0,1
2,3.7,481,14,71,3,0.800332778702163,0,1
4,3.8,240,17,39,3,0.1199400299850075,1,0
3,3.8,240,36,69,4,0.1262493424513414,1,0
1,0.0,0,14,48,1,0.0,0,0
1,0.0,3,15,45,1,0.0066518847006651,0,0
1,0.0,1,12,48,3,0.0033222591362126,0,0
2,0.0,1,14,48,3,0.0016638935108153,0,0
1,0.0,0,15,44,1,0.0,0,0
2,0.0,2,3,39,3,0.0039920159680638,0,1
3,0.0,0,9,44,3,0.0,0,0
3,4.1,111,9,70,2,0.0853189853958493,1,1
2,4.0,59,9,46,1,0.0841654778887303,0,0
2,0.0,0,11,18,1,0.0,0,0
3,3.3,19,23,76,2,0.015820149875104,1,0
1,2.5,6,7,68,2,0.0149625935162094,0,1
2,2.6,36,6,98,2,0.0718562874251497,0,1
1,2.5,4,20,48,1,0.0199004975124378,0,1
1,2.8,24,15,68,1,0.0532150776053215,0,0
2,3.2,24,18,20,1,0.0399334442595673,0,1
2,3.1,17,21,55,2,0.0212234706616729,1,0
1,3.2,20,16,72,3,0.0569800569800569,0,0
1,3.1,37,13,78,1,0.1229235880398671,0,1
2,2.8,16,25,82,4,0.0266222961730449,0,0
1,2.8,9,18,42,1,0.0891089108910891,0,0
2,3.0,9,11,81,2,0.0179640718562874,0,1
2,2.8,21,11,74,2,0.0349417637271214,0,0
1,2.8,18,13,49,3,0.0717131474103585,0,1
1,2.6,12,11,56,2,0.0299251870324189,0,1
2,2.9,4,11,100,1,0.0079840319361277,0,0
2,3.1,8,13,59,2,0.0088790233074361,1,0
2,2.7,25,10,53,2,0.0415973377703826,0,1
3,2.9,43,7,81,3,0.0429570429570429,1,1
2,2.5,10,5,84,3,0.016638935108153,0,0
2,2.8,50,5,68,2,0.0831946755407653,0,0
2,3.5,56,14,80,2,0.0798858773181169,0,0
1,3.8,80,18,44,3,0.2279202279202279,0,0
2,3.5,28,13,72,1,0.0558882235528942,0,0
1,0.0,3,14,55,1,0.0099667774086378,0,1
1,0.0,2,20,66,2,0.0198019801980198,0,0
1,0.0,1,10,71,2,0.0024937655860349,0,0
1,0.0,0,5,60,2,0.0,0,1
1,0.0,3,9,67,1,0.0099667774086378,0,1
1,0.0,3,12,48,2,0.0085470085470085,0,1
1,0.0,0,20,74,1,0.0,0,0
1,0.0,3,16,82,1,0.0099667774086378,0,0
2,0.0,2,12,48,2,0.0039920159680638,0,0
1,0.0,3,17,65,1,0.0099667774086378,0,0
1,0.0,1,15,78,1,0.0033222591362126,0,1
3,0.0,3,10,76,2,0.0029970029970029,1,0
1,0.0,1,25,53,1,0.0099009900990099,0,0
1,0.0,2,14,78,2,0.0099502487562189,0,0
2,2.9,55,10,66,2,0.1097804391217564,0,1
2,2.7,10,11,92,2,0.0199600798403193,0,1
1,3.1,16,10,65,1,0.0531561461794019,0,0
3,3.0,7,13,80,3,0.005380476556495,1,0
4,0.0,0,8,80,4,0.0,1,0
3,0.0,0,24,80,1,0.0,1,0
3,2.6,192,7,48,3,0.1918081918081918,1,1
2,2.8,109,21,37,3,0.217564870259481,0,1
1,3.2,49,13,42,2,0.1396011396011396,0,1
2,2.6,44,17,41,3,0.0732113144758735,0,0
1,3.4,29,20,62,2,0.0723192019950124,0,1
1,3.1,21,11,42,2,0.0697674418604651,0,0
2,2.7,33,16,43,3,0.0549084858569051,0,0
1,3.6,97,11,36,1,0.2763532763532763,0,0
1,3.5,24,12,32,1,0.095617529880478,0,1
2,3.9,40,10,42,3,0.0798403193612774,0,1
1,3.6,280,19,51,1,1.854304635761589,0,1
2,3.6,582,11,37,3,0.8940092165898618,0,1
1,0.0,2,10,40,1,0.0066445182724252,0,0
3,3.4,29,30,57,1,0.0289710289710289,0,0
4,3.2,20,22,57,1,0.0099950024987506,1,0
2,2.9,14,26,57,1,0.0155382907880133,0,0
4,3.5,79,22,57,1,0.022564981433876,1,0
3,3.3,29,26,56,2,0.0193204530313124,1,0
4,0.0,1,37,56,1,0.0004543389368468,1,0
2,3.3,14,11,62,2,0.0279441117764471,0,1
2,3.0,18,12,51,3,0.0299500831946755,0,1
2,3.1,6,24,79,2,0.0119760479041916,0,0
1,3.4,16,9,74,1,0.0531561461794019,0,0
2,3.2,6,10,49,2,0.0063091482649842,0,0
2,2.9,7,12,62,2,0.0116472545757071,0,0
2,2.5,15,3,73,3,0.029940119760479,0,1
1,3.2,13,15,74,1,0.0288248337028824,0,1
2,3.0,10,6,74,1,0.014265335235378,0,0
3,2.6,7,9,74,3,0.0069930069930069,0,0
2,2.6,5,6,71,4,0.0099800399201596,0,1
1,2.8,5,11,75,2,0.0142450142450142,0,0
1,2.8,6,7,74,1,0.0133037694013303,0,0
3,3.5,18,13,63,2,0.0179820179820179,0,0
3,3.8,46,15,69,6,0.038301415487094,0,0
1,3.5,34,9,71,1,0.084788029925187,0,0
2,3.6,20,8,70,2,0.0332778702163061,0,1
1,0.0,1,14,74,1,0.0033222591362126,0,0
1,0.0,3,11,63,2,0.0099667774086378,0,0
1,0.0,1,10,71,2,0.0039840637450199,0,0
2,0.0,0,12,71,1,0.0,0,0
1,0.0,0,12,67,3,0.0,0,0
1,0.0,1,15,71,1,0.0033222591362126,0,0
1,0.0,1,12,74,2,0.0033222591362126,0,0
1,0.0,1,11,64,2,0.0033222591362126,0,0
1,0.0,0,22,74,2,0.0,0,0
1,0.0,0,7,72,1,0.0,0,0
1,0.0,0,16,74,1,0.0,0,0
2,2.3,8,13,75,1,0.0133111480865224,0,1
1,2.3,27,7,51,1,0.0673316708229426,0,1
1,0.0,0,22,64,2,0.0,0,0
1,0.0,0,7,64,1,0.0,0,0
4,3.2,135,22,36,3,0.0613357564743298,1,0
3,3.3,61,24,36,2,0.0358612580834803,1,0
1,2.9,9,12,38,1,0.044776119402985,0,1
1,2.7,5,6,65,2,0.0110864745011086,0,1
2,3.1,5,10,55,3,0.0062421972534332,0,0
2,3.2,6,12,30,2,0.0108892921960072,0,1
1,2.8,19,8,69,3,0.0473815461346633,0,1
1,3.5,83,14,54,1,0.2069825436408977,0,1
1,0.0,2,12,44,1,0.0198019801980198,0,0
4,0.0,0,11,92,3,0.0,1,0
2,3.4,25,21,43,1,0.0499001996007984,0,0
4,3.2,32,28,43,1,0.015992003998001,1,0
4,4.1,228,26,43,3,0.0813995001785076,1,0
4,3.5,218,19,41,4,0.0681037175882536,1,0
1,0.0,0,10,27,2,0.0,0,0
1,0.0,2,12,43,3,0.0049875311720698,0,0
1,2.9,12,22,48,1,0.0597014925373134,0,0
1,2.9,6,16,23,1,0.0594059405940594,0,0
2,0.0,2,12,22,3,0.0039920159680638,0,0
1,0.0,0,8,34,1,0.0,0,0
1,0.0,0,13,21,1,0.0,0,0
1,0.0,1,26,42,1,0.0028490028490028,0,0
2,4.0,76,21,23,2,0.1516966067864271,0,1
2,2.7,90,7,62,3,0.1497504159733777,0,1
2,3.3,34,15,38,2,0.0424469413233458,1,1
1,2.6,70,9,59,3,0.2325581395348837,0,1
2,3.4,190,7,42,3,0.3161397670549085,0,1
2,3.7,38,14,48,3,0.0421753607103218,0,1
1,0.0,0,15,54,2,0.0,0,0
2,0.0,0,10,55,1,0.0,0,1
1,0.0,2,10,55,2,0.0049875311720698,0,1
1,3.2,33,19,80,3,0.0822942643391521,0,0
2,3.4,33,18,64,3,0.0658682634730539,0,1
3,3.1,9,7,48,2,0.0081743869209809,1,0
1,2.6,11,8,63,2,0.027431421446384,0,1
3,2.5,12,10,63,3,0.0085653104925053,0,1
1,2.9,4,13,46,2,0.0099750623441396,0,0
1,2.9,19,17,26,1,0.0473815461346633,0,0
1,2.8,10,20,44,1,0.0332225913621262,0,0
1,2.6,16,16,50,2,0.0796019900497512,0,0
1,2.9,7,16,18,3,0.0199430199430199,0,0
1,3.3,13,18,66,3,0.0324189526184538,0,0
2,2.5,36,15,71,1,0.059900166389351,0,1
1,2.6,26,10,25,2,0.1721854304635761,0,0
2,2.7,18,24,46,3,0.0359281437125748,0,0
3,2.6,26,13,101,3,0.0259740259740259,0,1
2,2.6,25,12,22,1,0.0499001996007984,0,1
2,3.2,7,11,42,2,0.0099857346647646,0,1
2,3.3,13,30,49,2,0.0259481037924151,0,0
2,2.7,36,21,24,2,0.059900166389351,0,1
2,3.4,13,10,61,3,0.0162297128589263,0,1
2,3.1,8,18,56,3,0.0099875156054931,1,0
2,3.2,27,12,54,2,0.0490018148820326,0,1
3,3.5,367,23,36,3,0.3666333666333666,1,1
2,3.8,99,14,41,1,0.1796733212341197,0,1
2,3.7,115,10,62,2,0.1766513056835637,0,1
1,3.6,18,15,88,1,0.0448877805486284,0,1
2,3.6,72,36,67,2,0.0799112097669256,0,1
2,3.6,56,5,72,1,0.0658049353701527,0,1
2,3.6,108,21,104,2,0.1438082556591211,0,1
1,3.5,21,17,89,2,0.0523690773067331,0,1
1,0.0,0,8,59,2,0.0,0,0
1,0.0,0,7,47,1,0.0,0,0
2,0.0,0,14,55,4,0.0,0,0
1,0.0,1,18,34,3,0.0024937655860349,0,0
2,0.0,1,10,55,4,0.0014265335235378,0,0
2,0.0,3,9,17,1,0.0042796005706134,0,0
2,0.0,0,11,86,3,0.0,0,0
2,0.0,1,6,96,1,0.0016638935108153,0,0
1,0.0,0,7,40,1,0.0,0,0
1,0.0,0,22,38,2,0.0,0,0
1,0.0,0,13,59,3,0.0,0,1
2,0.0,0,22,98,4,0.0,0,0
1,0.0,2,13,58,1,0.0079681274900398,0,0
1,0.0,3,8,62,2,0.0099667774086378,0,0
1,0.0,1,14,54,1,0.0024937655860349,0,0
1,0.0,0,13,70,1,0.0,0,0
1,0.0,0,24,59,2,0.0,0,0
2,2.1,84,14,32,2,0.1198288159771754,0,0
2,2.4,76,8,30,3,0.0948813982521847,1,1
2,2.3,94,18,51,2,0.1173533083645443,0,1
2,2.4,51,6,49,4,0.1017964071856287,0,0
1,2.4,63,17,32,3,0.250996015936255,0,1
2,4.0,175,20,62,2,0.2184769038701623,1,0
1,3.0,9,21,55,1,0.0891089108910891,0,0
1,3.0,5,13,76,1,0.0199203187250996,0,1
1,2.8,31,16,55,1,0.0883190883190883,0,0
1,3.0,7,13,43,1,0.0174563591022443,0,0
2,2.6,34,10,48,1,0.0678642714570858,0,1
1,3.0,4,17,36,1,0.0132890365448504,0,0
2,2.7,26,18,25,4,0.0471869328493647,0,0
1,3.1,30,13,33,2,0.0854700854700854,0,1
3,3.7,1182,7,21,2,1.0735694822888284,0,1
1,0.0,2,19,51,1,0.0099502487562189,0,0
2,0.0,0,13,39,2,0.0,0,0
1,0.0,0,15,34,2,0.0,0,1
2,0.0,1,10,50,3,0.0019960079840319,0,0
1,0.0,1,20,51,1,0.0049751243781094,0,0
1,0.0,3,31,29,2,0.0198675496688741,0,0
1,0.0,1,15,33,2,0.0066225165562913,0,0
1,0.0,0,22,25,2,0.0,0,0
1,0.0,0,16,34,2,0.0,0,0
2,0.0,3,14,55,2,0.0049916805324459,0,0
1,0.0,1,10,23,1,0.0049751243781094,0,1
1,0.0,1,10,35,1,0.0049751243781094,0,0
1,2.3,15,19,78,2,0.0993377483443708,0,1
1,2.6,26,10,78,4,0.0576496674057649,0,1
2,3.4,55,7,45,3,0.0998185117967332,0,0
1,3.9,64,11,40,1,0.3184079601990049,0,0
2,3.9,132,15,75,6,0.2395644283121597,0,1
1,3.6,20,4,35,1,0.0498753117206982,0,1
1,0.0,0,12,54,2,0.0,0,0
1,0.0,0,19,44,3,0.0,0,0
1,0.0,1,17,40,2,0.0024937655860349,0,0
1,0.0,1,11,31,2,0.0033222591362126,0,0
1,3.0,4,5,56,3,0.0132890365448504,0,0
1,2.9,5,8,34,3,0.0110864745011086,0,0
1,3.1,19,17,58,2,0.0473815461346633,0,1
1,2.5,6,8,71,2,0.0149625935162094,0,1
2,2.9,4,15,64,2,0.0066555740432612,0,0
2,2.5,27,14,47,2,0.0385164051355206,0,0
1,3.0,4,10,78,2,0.0099750623441396,0,0
3,2.8,7,24,49,2,0.0049964311206281,0,0
1,2.8,9,13,68,1,0.044776119402985,0,1
1,3.2,19,9,61,1,0.0473815461346633,0,0
1,2.8,8,14,70,2,0.0199501246882793,0,0
2,2.6,13,6,94,4,0.0259481037924151,0,1
1,2.9,6,15,39,2,0.0199335548172757,0,0
1,0.0,3,23,82,2,0.0099667774086378,0,0
2,0.0,2,21,80,3,0.0033277870216306,0,0
2,0.0,0,8,93,1,0.0,0,0
1,0.0,3,15,53,1,0.0066518847006651,0,0
1,0.0,0,15,87,1,0.0,0,0
1,0.0,0,11,91,3,0.0,0,0
1,0.0,0,10,91,3,0.0,0,0
2,0.0,2,9,67,1,0.0028530670470756,0,0
1,0.0,0,10,48,1,0.0,0,0
2,0.0,0,12,83,1,0.0,0,0
1,0.0,0,11,80,1,0.0,0,0
1,0.0,2,9,89,2,0.0049875311720698,0,0
2,0.0,1,10,57,1,0.0019960079840319,0,0
1,0.0,1,28,59,3,0.0049751243781094,0,0
1,0.0,1,12,48,1,0.0039840637450199,0,0
1,0.0,1,11,47,2,0.0028490028490028,0,0
1,0.0,1,19,82,1,0.0099009900990099,0,0
1,0.0,0,14,48,1,0.0,0,0
1,0.0,3,17,39,1,0.0149253731343283,0,0
2,0.0,3,9,55,2,0.0042796005706134,0,0
2,0.0,1,6,79,2,0.0019960079840319,0,0
2,0.0,0,6,69,4,0.0,0,0
1,0.0,3,16,44,1,0.0074812967581047,0,0
1,0.0,0,15,50,1,0.0,0,0
1,0.0,1,10,47,2,0.0049751243781094,0,0
1,0.0,0,21,17,2,0.0,0,0
1,0.0,0,17,75,2,0.0,0,0
2,0.0,1,4,81,2,0.0019960079840319,0,0
2,0.0,3,15,55,4,0.0059880239520958,0,1
3,4.2,108,29,87,3,0.0830130668716372,1,0
1,2.9,7,13,37,1,0.0463576158940397,0,0
2,2.8,84,7,69,2,0.1676646706586826,0,1
1,2.8,6,9,45,2,0.0149625935162094,0,0
1,2.9,4,13,65,1,0.0199004975124378,0,0
1,3.1,27,11,46,1,0.0769230769230769,0,0
1,2.9,5,32,27,1,0.0331125827814569,0,0
2,3.3,57,13,67,3,0.0711610486891385,1,1
1,3.4,23,20,25,1,0.0916334661354581,0,0
1,3.0,10,10,35,1,0.0332225913621262,0,0
1,3.0,43,15,29,2,0.1713147410358565,0,1
2,2.7,8,8,69,4,0.0159680638722554,0,0
1,3.2,12,14,21,2,0.0299251870324189,0,0
1,3.2,48,8,52,1,0.2388059701492537,0,0
2,3.5,14,13,40,2,0.0199714693295292,0,1
3,3.6,328,11,58,4,0.2185209860093271,1,1
1,0.0,0,12,29,1,0.0,0,0
1,0.0,0,12,32,1,0.0,0,0
1,0.0,2,11,27,1,0.0132450331125827,0,0
1,0.0,0,25,46,1,0.0,0,0
1,0.0,2,16,36,2,0.0066445182724252,0,0
1,0.0,1,10,68,2,0.0024937655860349,0,0
1,0.0,1,15,41,2,0.0022172949002217,0,0
1,0.0,1,9,32,1,0.0028490028490028,0,0
1,0.0,1,9,35,1,0.0039840637450199,0,0
1,0.0,1,18,30,1,0.0033222591362126,0,0
1,0.0,2,11,41,1,0.0056980056980056,0,0
1,0.0,1,7,32,1,0.0049751243781094,0,0
1,0.0,2,20,46,1,0.0066445182724252,0,0
1,0.0,1,13,44,2,0.0022172949002217,0,0
2,2.9,22,7,43,1,0.0337941628264208,0,0
2,3.0,31,14,59,3,0.0442225392296719,0,1
1,3.3,13,9,21,2,0.0431893687707641,0,1
2,3.4,55,6,64,4,0.1097804391217564,0,0
1,3.5,45,15,82,1,0.2238805970149253,0,1
2,3.7,135,10,36,2,0.2694610778443114,0,1
1,0.0,2,15,65,1,0.0044345898004434,0,0
2,0.0,2,14,75,3,0.0033277870216306,0,0
1,0.0,0,22,39,1,0.0,0,0
1,0.0,0,18,58,1,0.0,0,0
3,4.3,1670,15,58,3,1.0430980637101812,0,0
1,3.3,61,8,53,4,0.1521197007481296,0,1
3,2.5,106,20,25,2,0.0814757878554957,1,0
3,3.4,431,10,61,3,0.3588676103247294,1,1
1,3.1,213,19,21,3,1.4105960264900663,0,0
2,2.5,357,23,39,2,0.5092724679029957,0,1
1,2.5,103,7,38,1,0.4103585657370518,0,0
1,2.8,30,34,39,1,0.297029702970297,0,0
3,2.6,521,7,58,2,0.3471019320453031,1,0
3,3.3,198,13,47,4,0.1236727045596502,1,0
2,3.3,36,11,22,5,0.059900166389351,0,0
3,3.3,446,7,37,2,0.3713572023313905,1,0
2,2.7,608,3,61,3,1.2135728542914173,0,1
1,3.2,76,18,41,2,0.1895261845386533,0,0
2,2.5,211,14,51,7,0.3510815307820299,0,1
2,3.3,19,20,16,2,0.0316139767054908,0,1
2,3.4,68,10,16,3,0.1044546850998463,0,1
2,3.0,139,19,22,2,0.1542730299667036,0,1
3,2.6,19,23,56,3,0.0189810189810189,1,0
2,2.6,89,15,57,2,0.1269614835948644,0,1
2,3.2,277,11,45,3,0.4608985024958402,0,1
2,3.3,97,6,22,2,0.1613976705490848,0,1
2,3.4,19,11,21,3,0.0316139767054908,0,1
3,3.2,80,8,41,3,0.0571020699500356,1,1
1,3.2,47,11,82,2,0.1339031339031339,0,1
1,3.4,45,17,30,2,0.1495016611295681,0,0
3,3.2,37,18,22,2,0.0284396617986164,1,0
3,3.0,203,17,22,3,0.1448965024982155,1,1
3,3.4,286,5,40,4,0.2041399000713775,1,1
3,3.4,223,19,38,3,0.2227772227772227,1,0
1,3.9,205,20,22,3,0.584045584045584,0,1
3,3.5,326,28,22,4,0.2413027387120651,1,1
1,3.6,40,12,55,3,0.132890365448505,0,1
3,3.9,515,13,23,3,0.3216739537788882,1,1
3,3.6,235,17,50,3,0.1956702747710241,0,0
2,3.7,331,11,61,8,0.6007259528130672,0,1
2,3.8,612,16,43,3,0.7640449438202247,1,1
2,3.7,833,13,33,5,0.9245283018867924,1,1
1,3.6,125,15,22,1,0.2771618625277162,0,1
2,3.5,430,21,33,3,0.6605222734254992,0,1
3,3.8,2019,10,33,2,1.4411134903640257,0,1
3,3.8,477,13,33,2,0.4765234765234765,0,1
1,3.5,196,3,49,2,0.5584045584045584,0,1
2,3.6,547,14,24,2,0.7803138373751783,0,0
1,3.8,402,20,22,1,1.3355481727574752,0,1
2,3.8,285,13,22,3,0.2996845425867508,1,1
2,3.8,154,9,54,1,0.1922596754057428,0,1
1,3.5,147,15,16,4,0.3665835411471321,0,1
1,3.5,47,15,22,2,0.2338308457711442,0,1
2,3.9,204,4,47,5,0.3394342762063227,0,0
2,3.6,30,6,59,2,0.059880239520958,0,1
3,3.6,425,12,57,4,0.2740167633784655,1,0
3,3.7,743,14,55,1,0.4125485841199334,1,1
2,3.9,403,10,35,1,0.8043912175648703,0,1
2,3.8,418,11,24,5,0.8343313373253493,0,1
2,3.6,703,12,42,2,1.1697171381031617,0,1
3,3.9,320,27,33,4,0.3196803196803197,1,0
2,3.7,302,12,32,1,0.3770287141073657,1,1
2,3.9,250,14,53,3,0.499001996007984,0,1
4,3.7,770,17,22,2,0.384807596201899,1,1
1,3.5,22,10,56,3,0.0730897009966777,0,0
2,3.8,268,6,39,4,0.5349301397205589,0,1
3,3.6,415,7,45,5,0.2764823451032644,1,0
4,3.5,214,22,49,3,0.0910250957039557,1,1
4,3.5,540,23,40,2,0.2453430258973194,1,0
3,3.6,332,20,42,1,0.2073703935040599,1,1
3,3.5,247,20,33,4,0.1645569620253164,1,0
3,3.7,222,17,75,2,0.1386633354153654,1,1
1,3.5,420,10,35,2,2.08955223880597,0,1
1,3.6,324,13,50,1,0.9230769230769232,0,1
2,2.2,81,10,38,4,0.115549215406562,0,1
1,2.3,31,8,45,1,0.0687361419068736,0,1
1,2.1,74,11,59,2,0.164079822616408,0,1
4,2.4,103,15,42,2,0.0514742628685657,1,0
1,4.2,235,15,49,1,0.5210643015521065,0,1
1,4.0,1055,9,47,1,3.504983388704319,0,0
1,2.8,18,18,45,1,0.0512820512820512,0,0
1,3.6,165,7,16,1,0.4114713216957606,0,1
2,0.0,1,14,16,1,0.0019960079840319,0,0
2,0.0,0,14,22,3,0.0,0,0
1,2.9,4,18,21,2,0.0132890365448504,0,0
3,2.5,221,8,52,5,0.2007266121707538,1,1
2,3.6,103,12,21,3,0.2055888223552894,0,1
1,0.0,0,11,22,2,0.0,0,0
2,0.0,3,9,20,2,0.0059880239520958,0,0
3,0.0,2,13,15,2,0.0018165304268846,0,1
1,0.0,0,15,24,1,0.0,0,0
1,0.0,2,14,29,1,0.0099502487562189,0,0
1,0.0,0,20,22,1,0.0,0,0
2,2.6,17,13,55,2,0.0339321357285429,0,1
1,3.0,5,6,52,1,0.0124688279301745,0,0
1,0.0,3,12,22,1,0.0099667774086378,0,0
1,3.3,27,11,56,2,0.0897009966777408,0,0
2,3.0,26,23,48,2,0.043261231281198,0,1
1,0.0,1,17,114,1,0.0039840637450199,0,0
1,3.0,10,18,43,1,0.0398406374501992,0,0
2,3.0,7,15,52,3,0.0139720558882235,0,1
1,2.5,17,25,59,2,0.0376940133037694,0,1
2,0.0,0,36,43,2,0.0,0,0
1,0.0,0,18,48,1,0.0,0,0
1,0.0,0,14,46,1,0.0,0,0
1,0.0,0,24,63,2,0.0,0,0
2,0.0,0,10,44,1,0.0,0,0
1,0.0,1,16,45,1,0.0066225165562913,0,0
1,3.4,102,18,42,1,0.2905982905982906,0,1
2,3.1,16,12,57,3,0.029038112522686,0,1
2,2.6,59,18,80,2,0.1177644710578842,0,0
1,3.0,37,19,52,2,0.0922693266832917,0,0
2,0.0,2,15,53,1,0.0039920159680638,0,0
1,0.0,0,25,61,1,0.0,0,0
1,2.5,4,15,32,2,0.0132890365448504,0,1
1,0.0,0,8,40,3,0.0,0,0
2,4.1,112,12,42,2,0.2235528942115768,0,1
2,3.3,159,9,41,3,0.2645590682196339,0,1
1,3.0,6,13,32,1,0.0149625935162094,0,0
1,2.7,15,21,52,2,0.0746268656716417,0,0
2,3.4,79,26,41,2,0.1314475873544093,0,1
1,2.9,5,22,67,1,0.0110864745011086,0,0
1,3.0,10,21,25,1,0.0662251655629139,0,0
1,3.1,8,28,40,1,0.0318725099601593,0,0
1,3.0,5,15,25,1,0.0124688279301745,0,0
1,2.6,13,11,41,2,0.0288248337028824,0,1
1,3.1,12,11,16,3,0.0266075388026607,0,0
1,3.2,12,15,58,1,0.0597014925373134,0,0
1,2.8,8,15,41,1,0.0265780730897009,0,1
1,2.9,7,21,77,1,0.0174563591022443,0,0
1,2.9,4,17,41,2,0.0113960113960113,0,0
1,3.6,19,13,40,2,0.0473815461346633,0,1
1,3.5,23,12,44,2,0.1144278606965174,0,0
1,3.5,57,16,61,3,0.14214463840399,0,0
1,0.0,2,12,41,2,0.0066445182724252,0,0
1,0.0,1,6,30,2,0.0066225165562913,0,0
1,0.0,1,13,66,1,0.0099009900990099,0,0
1,0.0,1,17,40,1,0.0066225165562913,0,0
1,0.0,1,12,29,1,0.0066225165562913,0,1
1,0.0,0,13,62,1,0.0,0,0
1,0.0,0,15,32,1,0.0,0,0
2,2.3,62,18,54,3,0.0774032459425717,0,1
2,2.0,74,10,40,1,0.1477045908183632,0,1
2,2.8,58,17,37,2,0.0965058236272878,0,1
1,3.2,20,11,44,1,0.099502487562189,0,0
1,3.1,14,11,48,1,0.1386138613861386,0,0
2,2.9,43,18,52,2,0.0858283433133732,0,1
1,3.2,15,16,47,1,0.1485148514851485,0,0
1,3.5,85,5,49,3,0.2119700748129676,0,0
1,3.2,46,10,45,1,0.1528239202657807,0,0
2,3.0,12,12,58,2,0.0199667221297836,0,1
1,3.4,37,14,16,2,0.1229235880398671,0,0
2,3.5,144,11,16,1,0.2874251497005988,0,1
1,3.7,31,13,59,1,0.0883190883190883,0,0
1,0.0,0,21,54,2,0.0,0,0
1,0.0,0,12,33,1,0.0,0,0
2,2.8,8,6,37,3,0.0159680638722554,0,1
1,3.0,5,8,41,1,0.0248756218905472,0,0
1,3.9,140,18,20,2,0.4651162790697674,0,0
1,0.0,3,9,21,3,0.0099667774086378,0,0
1,0.0,3,19,21,2,0.0099667774086378,0,0
2,3.7,164,14,57,4,0.2728785357737104,0,1
2,3.7,131,19,48,5,0.16354556803995,1,1
1,3.0,4,12,78,1,0.0199004975124378,0,0
2,2.7,20,11,38,1,0.0332778702163061,0,0
1,3.1,5,13,23,1,0.0124688279301745,0,0
1,2.6,32,9,75,1,0.0911680911680911,0,0
1,3.7,49,17,42,2,0.2437810945273631,0,0
1,0.0,0,9,34,3,0.0,0,0
2,0.0,1,13,41,2,0.0019960079840319,0,0
1,0.0,0,13,42,1,0.0,0,0
1,3.0,8,20,43,2,0.0265780730897009,0,0
1,3.2,15,14,63,1,0.0332594235033259,0,0
1,3.4,22,9,68,1,0.054862842892768,0,0
1,0.0,1,11,42,1,0.0033222591362126,0,0
1,0.0,2,17,51,2,0.0066445182724252,0,0
2,2.8,28,14,26,3,0.0558882235528942,0,0
1,3.1,4,12,63,2,0.0132890365448504,0,0
2,2.6,37,19,58,3,0.0671506352087114,0,1
2,2.5,20,20,52,3,0.0362976406533575,0,0
2,2.9,7,13,61,3,0.0077691453940066,1,0
1,3.0,5,26,45,1,0.0166112956810631,0,0
1,3.6,18,7,84,2,0.0448877805486284,0,1
1,3.7,70,13,53,2,0.155210643015521,0,1
1,0.0,0,10,52,2,0.0,0,0
2,0.0,0,11,64,1,0.0,0,0
1,0.0,0,12,87,3,0.0,0,0
1,0.0,0,13,46,1,0.0,0,0
3,0.0,3,13,63,1,0.0023980815347721,0,0
1,3.0,6,14,52,1,0.0594059405940594,0,0
2,2.8,239,8,27,3,0.2983770287141074,1,1
2,3.4,15,13,51,2,0.029940119760479,0,0
2,2.9,7,10,60,3,0.0139720558882235,0,1
2,3.4,23,10,34,2,0.0459081836327345,0,0
1,2.9,8,19,43,2,0.0199501246882793,0,0
1,3.1,6,13,49,2,0.0149625935162094,0,1
1,3.7,72,7,42,2,0.1596452328159645,0,1
2,3.8,113,9,52,1,0.1611982881597717,0,1
1,3.6,111,7,33,3,0.2461197339246119,0,1
1,3.7,68,11,40,2,0.1937321937321937,0,1
2,3.7,26,9,51,1,0.0324594257178526,1,1
1,3.5,27,8,42,2,0.0673316708229426,0,0
1,3.6,47,16,39,3,0.1172069825436409,0,1
1,3.7,92,13,51,2,0.2294264339152119,0,1
1,3.8,34,18,64,2,0.0968660968660968,0,1
1,3.7,80,8,42,2,0.199501246882793,0,1
1,3.9,66,18,41,2,0.2629482071713147,0,0
2,0.0,0,12,51,2,0.0,0,0
1,0.0,2,22,72,1,0.0056980056980056,0,0
1,0.0,3,14,38,3,0.0074812967581047,0,0
2,0.0,0,13,32,1,0.0,0,0
1,4.3,1005,9,43,2,2.506234413965087,0,0
2,4.3,96,9,52,2,0.1916167664670658,0,1
1,4.1,632,6,38,2,3.144278606965174,0,0
1,2.8,63,17,65,2,0.1571072319201995,0,0
2,3.0,26,7,62,1,0.0399385560675883,0,0
2,3.2,13,11,71,2,0.0259481037924151,0,1
1,3.1,7,9,43,1,0.0174563591022443,0,0
3,3.7,53,21,60,1,0.0407378939277478,1,0
2,3.5,53,10,77,2,0.1057884231536926,0,0
1,0.0,2,14,60,1,0.0066445182724252,0,1
1,0.0,1,12,48,1,0.0099009900990099,0,0
1,0.0,0,13,70,1,0.0,0,0
1,0.0,0,33,41,1,0.0,0,0
1,0.0,0,24,83,1,0.0,0,0
2,2.4,70,14,63,2,0.0998573466476462,0,0
2,4.0,183,9,48,3,0.3652694610778443,0,1
2,3.4,69,17,37,3,0.1059907834101382,0,1
2,3.0,7,29,40,2,0.0116472545757071,0,1
1,3.0,4,15,32,1,0.0099750623441396,0,0
2,3.3,10,9,21,7,0.0199600798403193,0,1
1,0.0,1,24,21,1,0.0066225165562913,0,0
1,3.4,24,20,16,3,0.0598503740648379,0,0
1,0.0,0,16,16,2,0.0,0,0
2,3.2,364,14,31,3,0.6056572379367721,0,1
1,3.3,12,14,61,1,0.0398671096345514,0,1
1,3.1,16,24,41,2,0.0455840455840455,0,0
1,3.1,9,13,32,2,0.0299003322259136,0,1
1,2.9,22,9,32,1,0.054862842892768,0,0
2,2.5,27,8,54,2,0.0385164051355206,0,0
1,3.4,117,14,36,2,0.7748344370860927,0,0
2,3.2,5,9,16,2,0.0099800399201596,0,1
2,3.1,10,6,25,2,0.016638935108153,0,1
1,2.7,25,16,25,3,0.0712250712250712,0,0
1,2.9,56,24,36,4,0.1241685144124168,0,0
1,3.2,41,28,32,4,0.1362126245847176,0,0
1,2.9,4,9,86,1,0.0099750623441396,0,0
1,3.3,39,14,41,3,0.0972568578553615,0,0
2,3.3,15,5,16,3,0.0249584026622296,0,1
2,3.2,34,20,16,2,0.0617059891107078,0,1
2,3.3,26,15,16,2,0.0518962075848303,0,1
2,3.4,21,14,39,1,0.0349417637271214,0,1
1,2.5,13,11,54,2,0.0288248337028824,0,1
3,3.0,6,22,16,4,0.0046118370484242,0,1
1,3.4,66,11,36,2,0.188034188034188,0,0
1,3.0,6,17,36,2,0.0199335548172757,0,0
1,2.8,10,7,25,1,0.0332225913621262,0,1
2,3.6,43,10,25,2,0.0613409415121255,0,1
2,3.5,63,15,16,1,0.1048252911813644,0,1
2,3.7,27,10,54,3,0.0538922155688622,0,1
1,3.6,38,18,43,1,0.0947630922693266,0,1
1,3.5,29,15,43,4,0.0723192019950124,0,1
2,3.5,63,13,45,2,0.0898716119828816,0,1
2,0.0,1,7,16,1,0.0019960079840319,0,0
2,0.0,3,6,43,4,0.0059880239520958,0,0
2,0.0,1,13,71,1,0.0016638935108153,0,0
1,0.0,2,13,16,1,0.0099502487562189,0,1
1,0.0,0,9,45,1,0.0,0,0
1,0.0,2,9,59,1,0.0049875311720698,0,0
2,0.0,0,7,54,2,0.0,0,0
1,0.0,1,29,16,2,0.0028490028490028,0,0
1,0.0,0,15,57,2,0.0,0,0
2,0.0,2,7,86,3,0.0033277870216306,0,0
2,0.0,3,22,49,2,0.0049916805324459,0,1
2,0.0,0,7,54,1,0.0,0,0
1,0.0,0,14,16,2,0.0,0,0
2,2.4,52,26,32,2,0.0741797432239657,0,0
2,2.4,5,27,16,2,0.0062421972534332,0,1
2,4.1,43,19,30,2,0.0858283433133732,0,1
1,2.7,6,14,63,1,0.0298507462686567,0,1
2,3.0,4,7,35,2,0.0079840319361277,0,0
2,2.9,52,16,49,3,0.1037924151696606,0,0
2,3.2,11,7,51,1,0.013732833957553,0,0
2,3.1,9,18,16,2,0.0149750415973377,0,1
1,2.5,19,9,61,1,0.0945273631840796,0,1
2,3.4,18,9,49,2,0.0299500831946755,0,1
1,2.9,15,12,59,1,0.0332594235033259,0,0
1,3.0,7,18,51,1,0.0348258706467661,0,0
1,2.8,8,20,54,1,0.0199501246882793,0,0
2,3.7,431,10,55,4,0.7822141560798548,0,1
2,3.7,47,13,26,3,0.0782029950083194,0,1
2,3.8,40,21,30,3,0.0614439324116743,0,1
2,0.0,0,9,26,2,0.0,0,1
1,0.0,3,14,16,1,0.0074812967581047,0,0
2,0.0,1,18,47,3,0.0019960079840319,0,0
1,0.0,0,9,41,2,0.0,0,0
2,0.0,0,21,42,2,0.0,0,0
1,0.0,0,13,44,1,0.0,0,0
1,0.0,0,14,40,2,0.0,0,0
1,0.0,0,16,38,1,0.0,0,0
2,0.0,0,28,61,3,0.0,1,0
1,0.0,1,19,48,2,0.0099009900990099,0,0
2,3.3,49,12,61,3,0.075268817204301,0,1
1,3.3,11,23,35,2,0.0313390313390313,0,0
2,3.1,80,11,65,2,0.1451905626134301,0,1
2,2.9,4,12,24,2,0.0079840319361277,0,0
1,0.0,1,26,68,1,0.0049751243781094,0,0
1,0.0,2,14,39,1,0.0066445182724252,0,1
1,0.0,0,14,51,1,0.0,0,0
1,0.0,0,19,44,1,0.0,0,0
1,0.0,0,12,74,2,0.0,0,0
1,3.0,9,18,16,1,0.0299003322259136,0,0
2,3.4,20,14,55,3,0.0307219662058371,0,0
1,0.0,0,10,23,1,0.0,0,0
2,0.0,0,14,99,1,0.0,0,0
1,0.0,3,26,39,1,0.0149253731343283,0,0
1,0.0,1,12,16,1,0.0066225165562913,0,0
1,2.8,5,25,49,2,0.0124688279301745,0,0
2,2.9,4,37,61,2,0.0072595281306715,0,0
2,3.0,27,14,47,3,0.0490018148820326,0,0
2,3.0,5,14,16,1,0.007132667617689,0,0
2,3.1,7,9,44,2,0.0139720558882235,0,0
1,3.4,22,14,64,1,0.0876494023904382,0,1
1,0.0,1,15,83,2,0.0033222591362126,0,0
1,0.0,0,15,16,1,0.0,0,0
2,2.3,38,14,83,2,0.0542082738944365,0,0
1,2.4,7,11,36,2,0.0155210643015521,0,1
2,3.0,11,8,31,2,0.0219560878243512,0,0
1,3.2,61,16,56,1,0.1521197007481296,0,1
1,3.5,76,17,46,2,0.1685144124168514,0,1
1,0.0,0,16,68,3,0.0,0,0
1,3.8,89,7,33,2,0.3545816733067729,0,0
1,3.5,87,16,34,1,0.2890365448504983,0,1
1,0.0,0,24,42,1,0.0,0,0
1,2.7,42,15,29,1,0.0931263858093126,0,0
1,3.4,18,11,22,1,0.0399113082039911,0,0
2,2.7,340,25,40,2,0.4244694132334581,0,1
1,3.1,10,27,25,3,0.0249376558603491,0,0
2,3.3,141,11,29,1,0.281437125748503,0,1
2,3.4,369,7,45,3,0.4913448735019973,0,1
2,2.5,206,17,55,2,0.2571785268414482,1,0
1,2.7,53,26,53,1,0.1321695760598503,0,0
1,3.4,51,9,43,2,0.1130820399113082,0,1
1,3.0,11,12,57,2,0.0365448504983388,0,0
1,3.4,29,22,40,2,0.0723192019950124,0,0
2,2.8,113,14,40,1,0.2255489021956087,0,1
2,2.5,165,6,72,4,0.3293413173652694,0,0
2,3.2,48,20,32,5,0.087114337568058,0,1
2,2.6,147,13,16,4,0.2258064516129032,0,1
3,2.5,252,9,24,1,0.1936971560338201,0,1
1,3.6,69,6,39,2,0.2749003984063745,0,0
2,3.5,203,19,40,1,0.289586305278174,0,1
1,0.0,0,11,32,2,0.0,0,0
1,0.0,0,15,52,2,0.0,0,0
2,0.0,2,17,29,3,0.0033277870216306,0,0
1,0.0,0,19,41,1,0.0,0,0
1,0.0,0,19,50,2,0.0,0,0
1,0.0,0,16,22,1,0.0,0,0
2,2.3,91,10,40,3,0.1136079900124844,1,1
2,2.4,161,14,40,2,0.2296718972895863,0,0
2,2.3,12,12,32,2,0.0199667221297836,0,1
2,2.3,115,15,53,2,0.2295409181636726,0,1
2,2.3,173,18,40,3,0.215980024968789,0,1
3,2.4,56,11,40,2,0.04304381245196,1,1
2,2.4,137,18,40,3,0.1824234354194407,1,0
2,2.4,21,27,16,2,0.0262172284644194,0,1
2,4.1,126,15,16,2,0.1797432239657632,0,1
3,4.3,150,24,44,2,0.1152959262106072,1,1
2,4.1,516,5,40,3,1.029940119760479,0,0
2,2.7,27,16,16,2,0.0414746543778801,0,0
1,3.0,5,8,22,1,0.0142450142450142,0,0
1,2.8,11,10,16,3,0.0728476821192053,0,0
1,2.7,9,16,24,3,0.0256410256410256,0,0
2,3.1,29,15,56,2,0.0445468509984639,0,1
2,3.6,19,12,22,2,0.0379241516966067,0,1
2,3.7,142,10,22,4,0.2362728785357737,0,1
2,3.6,33,12,62,4,0.0549084858569051,0,0
2,3.6,49,16,22,2,0.0889292196007259,0,1
2,3.5,61,10,55,3,0.1217564870259481,0,1
1,0.0,0,19,56,3,0.0,0,0
2,0.0,0,14,16,2,0.0,0,0
2,0.0,0,21,22,1,0.0,0,0
2,0.0,2,12,46,3,0.0039920159680638,0,0
1,0.0,0,21,22,2,0.0,0,0
2,0.0,0,12,16,2,0.0,0,0
2,0.0,0,19,54,2,0.0,0,0
1,0.0,1,13,55,1,0.0066225165562913,0,0
1,0.0,2,12,46,2,0.0049875311720698,0,0
1,0.0,2,13,49,2,0.0066445182724252,0,0
1,0.0,1,15,15,3,0.0022172949002217,0,0
1,0.0,0,16,47,1,0.0,0,0
1,0.0,1,9,16,2,0.0099009900990099,0,0
2,0.0,0,29,16,2,0.0,0,0
2,0.0,3,11,32,2,0.0037453183520599,1,0
2,0.0,2,20,46,2,0.0036297640653357,0,1
2,0.0,0,12,37,2,0.0,0,1
2,2.3,230,14,35,3,0.3281027104136947,0,1
2,3.2,65,13,66,1,0.0811485642946317,0,0
1,2.9,11,13,47,1,0.0728476821192053,0,0
1,0.0,2,15,32,2,0.0066445182724252,0,0
1,0.0,2,18,30,1,0.0066445182724252,0,0
1,0.0,0,16,63,1,0.0,0,0
2,2.9,6,18,17,2,0.0074906367041198,0,1
2,2.9,25,8,44,4,0.0415973377703826,0,0
2,3.1,39,14,48,4,0.0599078341013824,0,1
2,3.2,193,7,54,4,0.2964669738863287,0,1
2,2.6,9,15,50,3,0.0179640718562874,0,1
2,3.8,200,8,42,4,0.3992015968063872,0,1
2,3.5,123,7,34,1,0.2046589018302828,0,1
1,0.0,0,12,24,2,0.0,0,0
1,0.0,1,18,46,2,0.0024937655860349,0,0
1,0.0,2,8,61,1,0.0056980056980056,0,0
1,0.0,0,24,34,1,0.0,0,0
2,0.0,2,13,53,1,0.0039920159680638,0,1
1,0.0,0,17,34,1,0.0,0,0
1,0.0,0,26,34,1,0.0,0,0
1,0.0,0,17,24,1,0.0,0,0
1,0.0,3,8,46,1,0.0119521912350597,0,0
1,0.0,0,13,60,3,0.0,0,0
1,2.1,56,12,65,1,0.1595441595441595,0,1
2,2.3,23,12,46,2,0.0459081836327345,0,1
1,2.9,4,12,36,1,0.0264900662251655,0,0
1,0.0,0,20,32,1,0.0,0,0
1,2.9,4,17,42,1,0.0132890365448504,0,0
2,3.1,144,12,39,3,0.2874251497005988,0,1
2,2.5,7,16,42,2,0.0139720558882235,0,1
1,0.0,0,8,24,1,0.0,0,0
1,0.0,0,25,23,1,0.0,0,0
1,0.0,0,17,82,2,0.0,0,0
2,3.0,7,7,41,1,0.010752688172043,0,0
2,2.9,5,7,35,1,0.0076804915514592,0,0
2,3.3,15,17,33,2,0.0249584026622296,0,1
1,3.1,29,43,63,2,0.0963455149501661,0,0
1,2.7,15,19,32,2,0.0374064837905236,0,1
2,0.0,0,13,44,1,0.0,0,0
1,0.0,0,21,54,2,0.0,0,0
1,0.0,0,15,47,2,0.0,0,0
1,0.0,2,21,35,2,0.0066445182724252,0,0
1,0.0,1,11,32,1,0.0049751243781094,0,0
1,0.0,2,24,44,1,0.0132450331125827,0,0
1,0.0,0,12,30,1,0.0,0,0
1,0.0,0,6,58,1,0.0,0,0
2,2.7,8,10,42,3,0.0122887864823348,0,1
1,2.7,15,17,53,2,0.0498338870431893,0,0
1,2.9,12,16,55,3,0.0341880341880341,0,0
1,3.1,10,11,37,1,0.0284900284900284,0,0
2,0.0,1,11,53,3,0.0014265335235378,0,0
1,0.0,2,7,56,3,0.0099502487562189,0,0
1,0.0,0,15,55,2,0.0,0,0
1,3.1,7,19,54,1,0.0463576158940397,0,0
1,0.0,2,17,56,3,0.0079681274900398,0,0
1,0.0,0,15,16,1,0.0,0,0
2,0.0,0,12,37,2,0.0,0,1
1,3.4,30,10,22,2,0.0996677740863787,0,0
2,3.1,6,11,16,1,0.0092165898617511,0,1
1,0.0,0,15,38,1,0.0,0,0
1,0.0,0,8,44,3,0.0,0,0
1,0.0,3,25,42,1,0.0099667774086378,0,0
1,3.2,19,18,33,1,0.0945273631840796,0,1
3,3.2,325,16,53,3,0.2951861943687556,1,0
1,3.0,4,7,86,2,0.0099750623441396,0,0
1,2.7,11,10,45,1,0.0728476821192053,0,0
1,3.0,26,15,49,1,0.0576496674057649,0,0
1,3.0,14,15,57,1,0.0310421286031042,0,0
1,3.2,16,16,43,3,0.0399002493765586,0,0
2,3.2,17,10,56,2,0.0339321357285429,0,0
1,3.1,10,10,43,1,0.0398406374501992,0,0
1,2.9,5,22,62,1,0.0248756218905472,0,0
1,2.7,9,17,73,2,0.0299003322259136,0,0
3,3.1,56,22,41,3,0.0373084610259826,0,1
2,3.2,33,11,33,2,0.0470756062767475,0,1
2,2.6,118,14,40,2,0.1683309557774607,0,0
1,2.8,12,14,63,1,0.0299251870324189,0,0
1,3.2,15,12,88,4,0.0498338870431893,0,0
1,2.5,38,14,63,3,0.1082621082621082,0,1
1,3.4,16,7,55,2,0.0796019900497512,0,1
1,3.1,7,13,16,1,0.0174563591022443,0,0
1,3.2,11,12,39,1,0.0313390313390313,0,1
1,2.9,4,11,37,1,0.0159362549800796,0,0
2,3.3,15,16,38,3,0.029940119760479,0,0
1,2.9,6,15,64,2,0.0149625935162094,0,0
1,2.8,14,20,41,1,0.0696517412935323,0,0
2,2.7,17,14,31,4,0.0261136712749615,0,1
1,3.0,5,13,16,1,0.0248756218905472,0,0
1,3.1,9,8,36,1,0.0224438902743142,0,0
2,3.3,50,7,35,1,0.0768049155145929,0,0
3,3.1,13,24,48,3,0.0086608927381745,1,0
1,3.0,5,11,47,3,0.0166112956810631,0,0
3,3.1,147,9,39,2,0.1468531468531468,0,1
2,3.2,10,7,69,2,0.0124843945068664,0,1
1,3.1,17,19,33,2,0.0423940149625935,0,0
2,2.9,56,18,52,2,0.0745672436750998,0,0
1,2.8,5,13,47,1,0.0199203187250996,0,1
2,3.4,155,8,41,3,0.3093812375249501,0,1
2,2.5,28,6,41,4,0.0558882235528942,0,1
2,2.8,13,4,42,3,0.0144284128745837,1,0
1,2.9,9,13,70,1,0.0299003322259136,0,0
2,3.0,9,15,39,2,0.0149750415973377,0,0
2,3.4,30,11,60,2,0.059880239520958,0,1
1,3.5,33,13,47,2,0.0822942643391521,0,0
1,3.5,182,7,36,2,0.4538653366583541,0,1
1,3.8,401,9,47,1,1.3322259136212624,0,0
2,3.5,215,13,47,1,0.4291417165668663,0,1
2,3.6,114,11,41,2,0.1339600470035252,0,1
1,0.0,3,37,44,2,0.0297029702970297,0,0
1,0.0,0,24,73,1,0.0,0,0
1,0.0,2,22,54,1,0.0079681274900398,0,0
1,0.0,0,15,64,1,0.0,0,0
1,0.0,1,8,38,1,0.0039840637450199,0,0
1,0.0,0,24,46,1,0.0,0,0
1,0.0,0,19,34,1,0.0,0,0
1,0.0,0,11,63,1,0.0,0,0
1,0.0,0,11,16,2,0.0,0,0
1,0.0,1,10,54,2,0.0049751243781094,0,0
1,0.0,0,12,71,2,0.0,0,0
1,0.0,1,16,40,3,0.0028490028490028,0,0
2,0.0,0,13,49,1,0.0,0,0
2,0.0,0,23,78,3,0.0,0,0
2,0.0,2,19,39,3,0.0036297640653357,0,0
2,0.0,1,13,38,1,0.0016638935108153,0,1
1,0.0,1,12,27,1,0.0028490028490028,0,0
1,0.0,1,46,67,1,0.0028490028490028,0,0
1,0.0,0,27,48,1,0.0,0,0
2,0.0,2,19,40,2,0.0039920159680638,0,1
1,0.0,2,13,43,2,0.0066445182724252,0,0
2,0.0,2,20,38,1,0.0039920159680638,0,0
1,0.0,0,32,48,1,0.0,0,0
1,0.0,0,31,46,1,0.0,0,0
1,0.0,2,23,64,1,0.0049875311720698,0,0
1,0.0,0,16,46,1,0.0,0,0
1,0.0,0,9,29,1,0.0,0,0
2,2.4,49,12,32,4,0.08153078202995,0,1
2,2.4,77,14,36,6,0.1536926147704591,0,0
2,2.4,88,6,43,4,0.1756487025948103,0,1
2,2.6,4,22,46,3,0.0053262316910785,0,1
1,2.6,11,14,22,3,0.024390243902439,0,1
1,0.0,0,10,25,2,0.0,0,0
1,0.0,1,21,22,1,0.0033222591362126,0,0
1,0.0,0,8,64,1,0.0,0,0
1,0.0,0,15,36,1,0.0,0,0
1,0.0,0,14,22,1,0.0,0,0
1,0.0,0,21,40,1,0.0,0,0
1,0.0,2,6,37,2,0.0056980056980056,0,0
2,0.0,0,15,47,3,0.0,1,0
1,0.0,0,17,71,2,0.0,0,0
2,0.0,0,4,16,4,0.0,0,0
1,2.8,8,21,32,2,0.0265780730897009,0,0
1,3.2,11,13,49,1,0.027431421446384,0,1
1,0.0,2,12,42,3,0.0049875311720698,0,0
2,0.0,0,19,37,1,0.0,0,0
2,0.0,0,15,56,2,0.0,0,0
1,0.0,2,15,51,1,0.0066445182724252,0,1
2,2.7,9,16,15,2,0.0128388017118402,0,1
2,3.3,114,15,22,2,0.2275449101796407,0,1
1,0.0,0,12,21,1,0.0,0,0
2,3.1,10,11,39,2,0.0199600798403193,0,0
1,2.9,6,16,32,1,0.0298507462686567,0,0
1,0.0,0,12,39,2,0.0,0,0
1,0.0,0,19,48,1,0.0,0,0
1,0.0,0,11,16,1,0.0,0,0
1,0.0,2,10,43,1,0.0132450331125827,0,0
2,0.0,0,11,77,1,0.0,0,0
1,2.9,4,9,71,3,0.0099750623441396,0,0
2,3.4,20,11,59,2,0.0399201596806387,0,0
1,3.3,12,14,67,4,0.0341880341880341,0,0
1,3.1,10,13,67,1,0.0662251655629139,0,1
2,3.0,10,10,54,2,0.016638935108153,0,1
1,3.0,5,16,59,1,0.0124688279301745,0,0
2,2.7,34,14,102,4,0.0678642714570858,0,1
2,2.9,8,5,42,2,0.0094007050528789,0,0
2,3.0,5,10,64,3,0.0099800399201596,0,0
1,2.9,4,9,61,1,0.0099750623441396,0,0
2,2.9,4,10,57,2,0.0072595281306715,0,0
2,3.4,21,16,68,1,0.0262172284644194,0,1
1,3.2,12,14,55,3,0.0266075388026607,0,0
2,2.9,12,7,69,4,0.0184331797235023,0,0
1,3.1,8,11,53,2,0.0529801324503311,0,0
2,3.1,6,14,57,2,0.0119760479041916,0,0
2,3.0,4,10,53,3,0.0079840319361277,0,0
1,2.7,4,18,67,1,0.0113960113960113,0,1
1,3.1,8,15,57,2,0.0265780730897009,0,0
1,2.9,10,15,68,2,0.0249376558603491,0,0
2,3.1,11,15,36,2,0.0219560878243512,0,1
2,3.7,51,10,90,3,0.0848585690515806,0,1
2,3.5,42,14,67,3,0.064516129032258,0,1
2,3.5,31,15,67,3,0.0387016229712858,1,0
1,0.0,1,2,58,3,0.0039840637450199,0,0
1,0.0,0,21,71,2,0.0,0,0
1,0.0,0,12,23,2,0.0,0,0
2,0.0,0,18,16,3,0.0,0,0
1,0.0,1,17,77,2,0.0049751243781094,0,0
1,0.0,2,18,41,1,0.0066445182724252,0,0
2,0.0,0,13,52,2,0.0,0,0
1,0.0,0,15,52,2,0.0,0,0
1,0.0,0,12,45,1,0.0,0,0
2,0.0,1,12,86,3,0.0016638935108153,0,0
1,0.0,0,12,67,2,0.0,0,0
2,0.0,2,14,128,2,0.0028530670470756,0,0
2,0.0,3,14,50,2,0.0059880239520958,0,0
1,0.0,0,11,43,1,0.0,0,0
1,0.0,0,13,74,3,0.0,0,0
1,0.0,0,26,63,1,0.0,0,0
1,0.0,2,16,58,3,0.0056980056980056,0,0
2,0.0,2,15,67,3,0.0028530670470756,0,1
2,0.0,0,12,34,3,0.0,0,0
1,0.0,0,24,59,1,0.0,0,0
1,0.0,1,14,59,1,0.0049751243781094,0,0
1,0.0,0,13,58,1,0.0,0,0
2,0.0,1,26,70,2,0.0016638935108153,0,0
1,0.0,2,7,55,3,0.0066445182724252,0,0
1,0.0,3,12,53,2,0.0099667774086378,0,0
1,0.0,0,17,59,1,0.0,0,0
1,0.0,0,15,63,1,0.0,0,0
1,0.0,0,17,40,2,0.0,0,0
2,0.0,1,10,60,3,0.0012484394506866,1,0
2,0.0,0,9,67,1,0.0,0,0
1,0.0,1,35,73,3,0.0024937655860349,0,0
1,0.0,3,7,63,1,0.0099667774086378,0,0
1,0.0,1,7,61,1,0.0039840637450199,0,0
1,0.0,3,17,76,1,0.0297029702970297,0,0
2,0.0,3,16,59,3,0.0049916805324459,0,0
1,2.4,11,9,78,2,0.027431421446384,0,1
3,2.1,22,10,49,3,0.0157030692362598,0,1
1,3.2,9,11,23,1,0.0224438902743142,0,0
1,0.0,1,10,21,1,0.0049751243781094,0,0
1,3.2,15,7,23,1,0.0746268656716417,0,0
1,3.2,20,8,53,2,0.0498753117206982,0,1
1,2.9,4,23,45,1,0.0132890365448504,0,0
1,3.4,23,6,92,2,0.1144278606965174,0,0
2,3.1,10,12,25,2,0.0199600798403193,0,0
2,3.1,140,9,16,2,0.232945091514143,0,1
2,3.0,7,20,41,2,0.0139720558882235,0,0
2,3.1,45,15,66,3,0.0561797752808988,1,1
2,3.1,9,25,83,2,0.0179640718562874,0,0
2,3.0,5,12,24,2,0.0099800399201596,0,0
2,3.6,210,14,16,3,0.3811252268602541,0,1
1,3.6,34,9,69,2,0.1129568106312292,0,1
1,0.0,0,14,57,1,0.0,0,0
1,0.0,2,14,40,1,0.0066445182724252,0,0
1,0.0,0,16,18,2,0.0,0,0
1,0.0,0,27,35,2,0.0,0,0
1,0.0,0,12,36,1,0.0,0,0
2,0.0,1,15,37,1,0.0012484394506866,0,0
1,2.4,54,17,57,1,0.1538461538461538,0,0
1,3.1,8,7,62,2,0.0199501246882793,0,0
2,0.0,1,10,48,3,0.0016638935108153,0,1
1,3.0,7,12,46,1,0.0693069306930693,0,0
2,3.2,36,18,62,2,0.0653357531760435,0,0
1,3.0,8,9,46,1,0.0227920227920227,0,0
3,3.4,144,9,61,3,0.1438561438561438,0,0
2,2.6,32,14,69,1,0.0638722554890219,0,0
2,3.4,93,6,75,4,0.18562874251497,0,1
2,3.6,301,10,57,7,0.5008319467554077,0,0
3,3.9,1088,17,51,5,0.8362797847809378,0,0
1,0.0,0,13,34,1,0.0,0,0
1,0.0,1,5,63,1,0.0024937655860349,0,0
1,0.0,1,14,48,1,0.0033222591362126,0,0
2,0.0,3,5,46,2,0.0059880239520958,0,0
2,0.0,2,12,70,4,0.0039920159680638,0,0
2,0.0,3,17,46,1,0.0054446460980036,0,0
4,2.2,116,7,70,3,0.0463814474210315,1,0
2,2.2,134,8,76,2,0.205837173579109,0,1
2,3.2,35,11,63,2,0.0582362728785357,0,1
2,2.5,23,7,41,1,0.0353302611367127,0,0
1,3.0,10,18,58,3,0.0497512437810945,0,0
4,3.1,129,18,41,2,0.0644677661169415,1,1
3,2.5,28,31,53,3,0.0279720279720279,1,1
2,2.5,79,8,64,2,0.1051930758988016,1,1
2,3.1,147,12,54,2,0.2445923460898502,0,1
3,3.3,113,9,55,3,0.1128871128871128,0,1
2,2.6,75,16,56,3,0.0936329588014981,1,1
3,3.0,120,15,60,2,0.0999167360532889,1,1
2,2.6,76,14,58,2,0.108416547788873,0,1
2,2.7,15,5,56,2,0.0249584026622296,0,1
2,3.2,160,12,78,2,0.2903811252268602,0,1
1,3.5,105,14,54,4,0.2328159645232816,0,1
1,0.0,3,12,66,1,0.0297029702970297,0,0
2,0.0,1,14,58,2,0.0018148820326678,0,0
2,2.4,98,14,55,2,0.1398002853067047,0,0
2,2.3,155,11,50,3,0.2579034941763727,0,1
2,2.3,24,6,49,4,0.0479041916167664,0,1
2,3.3,57,7,60,1,0.0875576036866359,0,0
2,3.0,38,16,55,5,0.0758483033932135,0,0
1,2.7,18,15,70,1,0.0399113082039911,0,0
1,2.7,34,15,65,1,0.0753880266075388,0,0
1,3.4,67,7,58,2,0.1670822942643391,0,1
2,2.8,102,15,53,2,0.1697171381031613,0,0
1,3.0,8,12,80,3,0.0265780730897009,0,0
2,3.2,60,14,62,2,0.0855920114122681,0,0
1,3.1,32,12,57,2,0.1274900398406374,0,0
2,3.2,106,12,50,2,0.1763727121464226,0,1
2,3.4,70,10,68,2,0.1397205588822355,0,0
2,3.3,793,13,73,2,0.9900124843945068,1,1
3,3.1,372,16,78,1,0.3097418817651957,1,0
2,2.6,55,26,84,1,0.0784593437945791,0,0
1,3.4,11,27,78,1,0.0438247011952191,0,0
3,2.6,334,9,74,1,0.2567255956956187,0,1
1,3.5,41,14,78,1,0.1362126245847176,0,0
2,3.5,211,11,73,2,0.4211576846307385,0,0
2,3.5,110,12,61,1,0.1830282861896838,0,0
3,3.6,507,13,68,2,0.4604904632152589,1,1
1,3.5,37,14,76,1,0.2450331125827814,0,0
3,3.7,517,14,73,1,0.3444370419720186,1,0
2,3.6,179,12,73,2,0.2978369384359401,0,1
3,3.7,189,9,64,3,0.1888111888111888,0,0
2,3.5,139,13,68,3,0.1735330836454432,0,0
4,3.5,1147,12,82,2,0.4586165533786485,1,1
3,3.5,249,11,83,2,0.2487512487512487,0,0
1,0.0,0,9,68,1,0.0,0,0
1,0.0,0,26,71,2,0.0,0,0
1,0.0,1,18,64,1,0.0066225165562913,0,0
1,0.0,1,10,54,2,0.0066225165562913,0,0
2,0.0,1,10,74,1,0.0011750881316098,0,0
3,0.0,0,16,62,3,0.0,1,0
1,2.0,161,7,62,4,0.3569844789356984,0,0
4,2.0,230,13,89,3,0.0957934194085797,1,0
3,2.0,108,31,74,2,0.08992506244796,1,1
3,4.0,395,24,80,2,0.3288925895087427,1,0
2,2.6,34,9,39,2,0.0485021398002853,0,1
1,0.0,1,13,53,1,0.0024937655860349,0,0
2,0.0,3,13,34,1,0.0049916805324459,0,0
2,0.0,0,8,52,2,0.0,0,0
1,0.0,1,9,33,2,0.0039840637450199,0,0
4,4.2,843,13,28,3,0.4212893553223388,0,0
2,3.5,42,24,73,4,0.0838323353293413,0,0
1,3.4,111,11,54,2,0.3687707641196013,0,0
3,3.5,65,14,48,1,0.046395431834404,0,0
4,3.5,32,33,63,2,0.0213191205862758,0,0
3,3.5,150,17,77,3,0.1498501498501498,0,0
2,3.4,16,18,55,8,0.0266222961730449,0,0
2,3.3,49,3,74,1,0.0978043912175648,0,0
2,3.4,60,10,86,1,0.1197604790419161,0,0
2,3.6,99,13,51,2,0.1976047904191616,0,0
4,3.7,43,26,49,4,0.0268582136164896,0,0
3,3.4,45,8,73,3,0.0561797752808988,0,0
2,3.6,69,10,74,3,0.1529933481152993,0,0
3,3.3,162,13,63,2,0.1618381618381618,0,0
2,3.3,74,9,54,3,0.1231281198003327,0,0
3,3.6,107,18,62,3,0.1068931068931069,0,0
2,3.6,75,16,43,2,0.124792013311148,0,0
3,3.5,151,10,45,4,0.1257285595337219,0,0
2,3.4,61,7,107,2,0.0870185449358059,0,0
2,3.1,64,15,57,3,0.1277445109780439,0,0
2,3.5,45,9,79,2,0.0641940085592011,0,0
1,3.8,173,16,35,1,1.145695364238411,0,0
4,3.8,513,14,63,2,0.5124875124875125,0,0
2,3.7,36,16,76,3,0.1434262948207171,0,0
4,3.5,328,7,62,3,0.2341184867951463,0,0
3,3.8,199,8,40,2,0.2838801711840228,0,0
3,3.6,97,7,78,2,0.1613976705490848,0,0
3,3.6,275,20,40,1,0.3052164261931188,0,0
2,4.1,791,12,38,2,1.972568578553616,0,0
2,4.2,656,13,40,1,2.179401993355482,0,0
4,3.8,189,30,57,7,0.1259160559626915,0,0
4,3.8,192,24,57,4,0.1279147235176549,0,0
4,3.9,535,12,56,1,0.3564290473017988,0,0
2,3.1,875,7,54,1,1.9401330376940131,0,0
4,3.4,228,11,74,3,0.1898417985012489,0,0
3,3.7,124,12,43,1,0.1548064918851435,0,0
3,3.5,298,13,43,1,0.3720349563046192,0,0
4,3.8,456,10,44,3,0.3037974683544304,0,0
4,3.5,225,26,39,4,0.1873438800999167,0,0
3,3.8,495,24,59,1,0.8983666061705989,0,0
1,4.2,163,27,66,1,1.0794701986754969,0,0
3,4.5,1099,17,84,2,0.7321785476349101,1,0
3,3.6,507,9,60,3,0.4221482098251457,1,0
4,4.3,375,17,54,4,0.1874062968515742,0,1
3,4.8,2510,10,84,2,2.507492507492508,0,0
3,4.3,868,10,64,1,0.5782811459027315,0,0
3,4.2,306,17,49,3,0.2184154175588865,1,0
3,4.1,1143,20,41,4,1.141858141858142,1,0
3,4.3,1531,17,41,4,0.8500832870627429,0,1
2,4.4,635,5,82,6,0.704772475027747,1,0
2,4.2,583,16,89,3,0.6850763807285546,0,1
3,4.1,140,15,56,6,0.0932711525649566,1,0
3,4.0,1583,23,63,3,1.5814185814185815,0,0
3,4.5,1439,7,57,3,0.7990005552470849,1,1
3,4.5,2847,15,61,2,1.6737213403880071,0,0
3,4.2,487,10,61,3,0.324450366422385,1,1
3,4.2,1531,16,59,3,1.2747710241465446,1,0
2,4.1,997,15,59,3,1.2446941323345817,1,1
4,3.6,1566,23,52,3,0.7453593526891956,1,1
3,4.1,377,6,61,1,0.3766233766233766,1,0
3,4.4,208,14,64,1,0.2077922077922078,1,0
3,3.3,65,8,53,2,0.0649350649350649,0,0
1,3.2,51,9,49,3,0.1271820448877805,0,0
3,3.7,81,5,62,4,0.0809190809190809,0,0
1,3.3,89,11,27,2,0.2219451371571072,0,0
2,3.4,117,19,46,1,0.1797235023041474,0,0
1,4.0,370,30,56,4,0.8203991130820399,0,0
3,3.7,116,15,67,3,0.1158841158841158,0,0
3,3.6,119,31,79,2,0.1188811188811188,0,0
2,3.1,26,28,78,3,0.0518962075848303,0,0
2,3.2,125,3,77,1,0.249500998003992,0,0
1,3.5,112,18,24,1,0.5572139303482587,0,0
2,3.3,20,10,71,2,0.0307219662058371,0,0
1,3.4,102,30,48,4,0.2261640798226164,0,0
2,3.3,19,8,77,5,0.0379241516966067,0,0
1,3.4,13,8,40,3,0.0324189526184538,0,0
1,3.7,92,10,77,3,0.2294264339152119,0,0
3,3.6,95,15,48,3,0.0949050949050949,0,0
4,3.4,62,25,41,2,0.0309845077461269,0,0
2,3.5,66,9,100,1,0.094151212553495,0,0
3,3.5,67,25,56,3,0.0446369087275149,0,0
2,4.4,494,14,45,2,0.5804935370152762,1,1
2,4.6,1408,10,49,2,1.7578027465667916,1,0
3,3.8,201,31,78,4,0.223085460599334,0,0
3,3.9,226,11,93,3,0.282147315855181,0,0
2,4.1,70,9,65,1,0.1397205588822355,0,0
3,3.9,191,13,79,5,0.2384519350811485,0,0
3,4.2,197,13,62,1,0.2459425717852684,0,0
1,4.0,279,11,43,1,1.1115537848605577,0,0
2,4.0,223,38,68,2,0.3425499231950845,0,0
2,4.3,479,14,66,2,0.7357910906298003,0,0
3,4.1,164,16,61,4,0.1820199778024417,0,0
3,3.7,209,11,82,3,0.2609238451935081,0,0
3,4.2,319,37,76,3,0.2276945039257673,0,0
2,3.9,153,21,49,1,0.2776769509981851,0,0
2,3.9,28,8,70,2,0.0558882235528942,0,0
3,4.1,221,12,61,2,0.2207792207792207,0,0
3,4.1,216,9,54,1,0.2696629213483146,0,0
4,4.1,204,18,52,4,0.1359093937375083,0,0
4,3.4,47,12,53,1,0.0313124583610926,0,0
1,3.6,87,12,60,2,0.3466135458167331,0,0
3,3.6,66,12,35,3,0.0732519422863485,0,0
3,3.8,87,12,54,4,0.1086142322097378,0,0
2,4.5,344,13,65,1,0.85785536159601,0,0
2,3.8,130,13,60,2,0.21630615640599,0,0
2,3.8,71,12,89,4,0.1417165668662674,0,0
2,3.9,145,8,67,2,0.3615960099750623,0,0
4,4.3,332,15,66,2,0.2211858760826116,0,0
3,4.1,202,12,58,1,0.2017982017982018,0,0
3,4.0,93,6,71,4,0.0774354704412989,0,0
4,4.4,276,10,40,3,0.1838774150566289,0,0
3,3.8,107,11,109,3,0.1335830212234706,0,0
2,4.0,191,29,56,1,0.3178036605657238,0,0
3,3.8,149,14,90,4,0.1860174781523096,0,0
3,3.5,82,24,80,1,0.0819180819180819,0,0
3,4.6,321,33,65,2,0.2467332820906994,0,0
3,3.5,96,17,89,5,0.1198501872659176,0,0
1,3.9,50,11,106,1,0.1661129568106312,0,0
3,3.9,243,17,96,2,0.3033707865168539,0,0
2,4.3,92,14,65,1,0.1530782029950083,0,0
2,4.2,132,26,97,1,0.18830242510699,0,0
2,4.1,269,9,58,2,0.4475873544093178,0,0
3,4.1,395,8,82,4,0.3946053946053946,0,0
2,3.4,59,21,50,1,0.130820399113082,0,0
3,3.7,149,21,28,2,0.2125534950071326,0,0
3,3.2,60,15,55,2,0.0921658986175115,0,0
2,3.7,96,10,70,1,0.3189368770764119,0,0
2,3.6,125,11,37,1,0.4152823920265781,0,0
2,3.7,68,12,57,1,0.1507760532150776,0,0
1,3.8,78,18,47,1,78.0,0,0
2,3.5,48,9,48,1,0.106430155210643,0,0
1,4.1,158,18,27,1,1.0463576158940395,0,0
3,3.3,96,24,41,1,0.1198501872659176,0,0
2,3.4,85,13,70,2,0.2119700748129676,0,0
3,3.5,172,11,40,1,0.2861896838602329,0,0
2,3.4,96,11,72,2,0.2735042735042735,0,0
3,3.6,63,13,42,2,0.1048252911813644,0,0
3,3.3,34,25,48,3,0.0565723793677204,0,0
4,3.3,67,40,48,2,0.0608537693006357,0,0
4,3.5,83,22,36,4,0.0829170829170829,0,0
3,3.2,26,26,81,3,0.0518962075848303,0,0
1,3.5,109,15,57,2,109.0,0,0
3,3.5,57,26,71,2,0.0813124108416547,0,0
2,4.6,289,9,65,2,0.480865224625624,0,0
2,4.3,230,9,74,2,0.3826955074875208,0,0
1,4.2,270,18,59,2,0.8970099667774086,0,0
3,4.4,73,24,58,6,0.0561106840891621,0,0
4,4.1,125,26,47,2,0.0734861845972957,0,0
1,3.7,240,11,125,2,0.7973421926910299,0,0
4,4.9,345,15,104,3,0.2154903185509057,0,0
3,3.8,27,11,86,3,0.0269730269730269,0,0
2,3.8,175,12,48,1,0.3880266075388026,0,0
2,3.6,154,16,58,5,0.2562396006655574,0,0
2,3.5,124,13,86,3,0.2063227953410981,0,0
2,3.6,84,23,60,5,0.1676646706586826,0,0
2,3.7,57,10,97,1,0.1137724550898203,0,0
2,4.1,75,11,84,5,0.124792013311148,0,0
2,4.0,169,26,73,2,0.3747228381374722,0,0
2,3.6,193,8,53,5,0.3211314475873544,0,0
2,3.7,85,8,76,3,0.2119700748129676,0,0
2,4.3,172,7,42,3,0.2861896838602329,0,0
4,3.8,74,16,83,4,0.0493004663557628,0,0
3,4.4,316,24,115,1,0.2255531763026409,0,0
3,4.2,22,22,37,3,0.0001466656888954,0,0
2,3.7,783,9,40,3,0.0111855544920786,0,0
3,4.0,1159,10,45,2,0.0046359814560741,0,0
3,4.9,1662,16,22,2,0.0083099584502077,0,0
3,4.6,1476,11,42,5,0.008945400330907,0,0
3,3.9,137,4,60,1,0.0006849965750171,0,0
3,4.6,903,10,80,3,0.0045149774251128,0,0
3,4.1,1498,4,56,2,0.0018724976593779,0,0
3,4.6,873,24,36,3,0.0010912486359392,0,0
3,4.2,259,5,91,3,0.0010359958560165,0,0
3,4.4,841,5,87,3,0.0042049789751051,0,0
3,4.9,605,10,32,2,0.0012099975800048,0,0
3,4.3,458,26,68,2,0.0015266615777947,0,0
3,4.2,395,14,35,1,0.0008777758271648,0,0
3,4.4,410,11,38,1,0.0034166381946817,0,0
3,4.9,1640,16,60,2,0.0081999590002049,0,0
3,3.4,152,11,67,2,0.0015199848001519,0,0
3,4.0,331,11,46,2,0.0033099669003309,0,0
3,4.3,243,27,49,2,0.0006942837306179,0,0
3,3.7,155,7,59,1,0.0005166649444501,0,0
3,4.9,2212,16,79,2,0.0110599447002764,0,0
2,4.3,133,9,38,1,3.2439024390243905,0,0
1,4.7,617,5,38,2,29.38095238095238,0,0
3,4.9,754,5,70,1,14.784313725490197,0,0
3,4.1,431,7,74,1,6.53030303030303,0,0
4,4.8,598,27,47,2,6.571428571428571,0,0
3,4.6,696,20,46,2,11.40983606557377,0,0
1,4.9,281,5,37,1,10.807692307692308,0,0
3,4.5,213,18,42,1,4.630434782608695,0,0
4,4.2,61,18,39,2,0.6703296703296703,0,0
4,2.3,402,28,41,1,3.98019801980198,0,0
3,4.4,223,11,38,2,4.372549019607843,0,0
2,4.3,212,32,41,1,5.888888888888889,0,0
3,4.0,381,7,40,2,6.245901639344262,0,0
4,4.2,271,15,40,2,2.978021978021978,0,0
4,3.5,86,13,42,7,1.2112676056338028,0,0
3,4.0,31,14,35,1,0.6078431372549019,0,0
3,4.5,166,15,75,3,2.9642857142857144,0,0
3,4.0,414,9,82,1,6.786885245901639,0,0
4,4.7,412,25,55,1,2.157068062827225,0,0
4,4.6,413,7,67,1,3.413223140495868,0,0
3,4.3,127,12,73,2,2.4901960784313726,0,0
3,4.1,114,13,90,1,1.8688524590163933,0,0
1,4.5,195,12,40,1,7.5,0,0
4,4.5,152,5,40,1,2.140845070422535,0,0
3,4.6,171,10,46,1,3.3529411764705883,0,0
3,4.1,116,13,42,1,2.071428571428572,0,0
3,4.1,103,14,42,1,2.019607843137255,0,0
4,4.3,143,9,43,1,1.4158415841584158,0,0
3,4.0,94,11,44,4,1.843137254901961,0,0
3,4.4,242,7,40,3,4.745098039215686,0,0
2,4.3,96,17,39,2,2.341463414634146,0,0
4,4.2,170,10,40,2,1.6037735849056605,0,0
4,4.4,125,27,63,2,0.6218905472636815,0,0
3,4.4,161,13,40,1,3.156862745098039,0,0
4,4.2,113,7,40,2,1.3950617283950617,0,0
2,4.3,157,17,40,1,3.829268292682927,0,0
4,4.2,146,5,40,3,1.8024691358024687,0,0
4,3.7,131,8,61,2,1.8450704225352117,0,0
4,4.3,141,26,96,1,1.2702702702702702,0,0
4,4.1,229,14,66,2,2.5164835164835164,0,0
1,2.8,26,16,52,1,2.363636363636364,0,0
1,3.7,13,12,49,2,0.8125,0,0
3,4.0,133,4,49,2,2.180327868852459,1,0
2,3.9,22,10,82,1,0.7096774193548387,1,0
2,3.7,21,19,79,2,0.5833333333333334,0,0
3,3.9,53,15,66,1,1.03921568627451,0,0
3,4.6,100,6,48,1,2.4390243902439024,0,0
3,4.2,148,9,47,1,3.217391304347826,0,0
4,4.5,265,9,64,1,2.190082644628099,0,0
2,3.8,38,18,48,2,1.809523809523809,0,0
3,4.0,40,16,46,2,0.7843137254901961,0,0
2,3.6,9,19,48,1,0.2903225806451613,0,0
2,4.2,55,10,44,1,1.7741935483870968,0,0
4,4.1,213,16,93,1,2.6296296296296298,0,0
2,0.0,3,22,38,3,0.1428571428571428,0,0
3,4.0,63,11,45,2,1.3695652173913044,0,0
1,3.1,11,6,50,3,0.6875,0,0
2,3.8,55,12,63,2,2.619047619047619,0,0
3,3.7,32,13,45,2,0.6956521739130435,0,0
2,4.0,93,10,69,1,4.428571428571429,0,0
3,3.9,63,21,53,2,2.032258064516129,0,0
3,4.5,329,11,44,1,10.612903225806452,0,0
3,4.6,130,16,34,3,3.611111111111111,0,0
3,4.7,163,17,46,2,3.5434782608695654,0,0
4,4.4,275,11,46,2,3.021978021978022,0,0
3,3.8,31,9,46,1,1.0,0,0
4,4.3,61,10,56,1,1.196078431372549,1,0
3,4.0,154,14,45,1,3.7560975609756095,0,0
3,4.0,36,13,48,2,0.8780487804878049,0,0
2,3.8,73,17,47,2,3.4761904761904763,0,0
2,3.8,32,7,44,3,1.2307692307692308,0,0
3,3.7,27,9,56,2,0.75,0,0
3,3.9,81,18,48,1,2.6129032258064515,0,0
3,3.5,31,15,45,1,0.8611111111111112,0,0
2,4.1,57,11,42,2,3.5625,0,0
2,4.4,279,19,49,1,10.73076923076923,0,0
4,4.1,200,32,54,3,1.98019801980198,1,0
2,4.1,84,17,45,2,4.0,0,0
2,4.0,76,26,44,2,3.619047619047619,0,0
4,4.2,64,5,45,3,1.1428571428571428,0,0
4,4.7,214,8,44,3,2.6419753086419755,1,0
3,4.5,571,13,38,1,12.41304347826087,0,0
2,4.9,309,9,36,1,8.583333333333334,0,0
3,4.9,706,13,61,1,12.607142857142858,0,0
3,4.5,305,7,44,3,5.446428571428571,0,0
4,4.7,1326,8,44,2,14.571428571428571,1,0
3,4.6,436,4,46,2,7.147540983606557,0,0
4,4.7,320,24,47,1,1.3852813852813852,0,0
4,4.5,148,14,49,2,1.465346534653465,0,0
2,4.1,316,11,48,2,10.193548387096774,1,0
3,4.5,313,18,40,2,7.634146341463414,0,0
2,4.9,161,3,41,2,7.666666666666667,0,0
2,3.8,400,9,45,2,12.903225806451612,0,0
4,4.8,395,8,41,2,3.2644628099173554,1,0
4,4.4,311,4,43,2,3.0792079207920797,1,0
3,4.5,367,9,49,2,7.978260869565218,1,0
2,4.1,473,11,62,2,15.258064516129032,0,0
2,4.7,964,7,57,4,26.77777777777778,0,0
3,4.3,271,15,57,1,5.313725490196078,0,0
3,4.6,418,12,41,2,10.195121951219512,0,0
2,3.3,14,28,56,4,0.4516129032258064,0,0
2,3.3,23,6,75,2,1.0952380952380951,0,0
4,4.0,52,16,59,1,0.6046511627906976,0,0
3,4.4,704,22,42,3,12.571428571428571,0,0
2,3.9,150,6,52,4,4.166666666666667,0,0
3,3.9,88,15,49,1,1.7254901960784317,0,0
4,4.3,422,10,62,1,5.943661971830986,1,0
3,4.9,162,6,53,3,3.176470588235294,0,0
3,4.0,86,21,56,2,2.097560975609756,0,0
2,4.1,82,15,54,3,2.6451612903225805,0,0
3,4.1,98,6,53,2,2.130434782608696,0,0
1,3.4,25,7,67,2,1.5625,0,0
3,3.6,101,20,62,2,1.9803921568627447,0,0
2,4.5,110,6,46,2,3.055555555555556,0,0
2,3.7,48,6,49,2,1.8461538461538465,0,0
4,4.5,602,6,54,2,7.432098765432099,0,0
2,4.2,383,6,55,1,12.35483870967742,0,0
2,4.3,745,9,57,1,28.653846153846157,0,0
3,4.2,67,40,56,3,1.1964285714285714,1,0
4,4.3,114,39,56,1,0.7080745341614907,0,0
4,3.4,74,20,126,2,0.4900662251655629,0,0
3,3.4,350,19,75,1,4.320987654320987,0,0
4,4.6,348,25,54,1,1.1561461794019934,0,0
3,4.0,322,30,56,4,5.278688524590164,0,0
4,4.2,189,4,42,1,1.105263157894737,0,0
3,3.8,263,8,70,3,2.603960396039604,0,0
4,3.8,155,10,52,2,0.7013574660633484,0,0
4,4.9,182,25,63,1,0.7250996015936255,0,0
3,3.6,115,9,60,1,1.036036036036036,0,0
2,4.3,211,25,61,1,4.137254901960785,0,0
4,4.0,180,25,85,2,1.1920529801324504,0,0
4,3.7,58,29,80,1,0.1157684630738523,0,0
4,4.0,41,15,61,2,0.1633466135458167,0,0
3,3.8,83,17,55,1,1.0246913580246917,0,0
4,4.7,114,8,56,1,0.4541832669322709,1,0
4,3.9,197,7,37,5,0.9800995024875622,0,0
4,4.4,67,20,45,1,0.1215970961887477,0,0
4,4.3,73,40,67,1,0.163677130044843,0,0
4,4.5,145,10,76,1,0.3615960099750623,0,0
4,3.9,109,11,73,1,0.6770186335403726,0,0
3,3.7,22,18,37,2,0.0745762711864406,0,0
4,4.1,88,10,52,2,0.292358803986711,0,0
4,3.7,255,9,31,2,0.7063711911357341,0,0
2,4.2,266,12,31,2,1.4696132596685083,0,0
2,4.4,514,12,36,1,3.403973509933775,0,0
3,3.9,239,7,36,3,0.952191235059761,0,0
3,4.0,185,22,41,4,0.9203980099502488,0,0
4,4.5,356,18,35,1,1.0142450142450143,0,0
3,4.4,281,18,45,2,1.1195219123505975,0,0
3,3.8,127,12,57,1,0.5059760956175299,0,0
4,3.8,619,6,53,4,1.2355289421157685,0,0
3,3.6,131,9,38,3,0.5219123505976095,0,0
2,4.5,328,12,50,2,2.954954954954955,0,0
4,4.0,110,15,56,4,0.2052238805970149,1,0
3,4.8,319,7,36,2,1.380952380952381,0,0
2,4.4,157,8,36,4,1.246031746031746,0,0
4,3.8,280,19,58,3,0.6208425720620843,0,0
4,4.1,374,6,57,2,1.165109034267913,0,0
3,4.1,298,31,66,3,1.099630996309963,0,0
4,4.4,466,16,57,3,0.8161120840630472,0,0
4,4.9,441,22,66,2,0.2861778066190785,0,0
4,4.9,194,10,52,1,0.2767475035663338,0,0
4,4.3,180,12,37,3,0.5980066445182725,0,0
4,4.1,1207,5,61,2,3.438746438746439,0,0
4,4.0,861,7,56,3,2.452991452991453,0,0
4,4.1,1024,12,39,2,2.917378917378917,0,0
4,4.2,212,12,44,1,0.4108527131782946,1,0
4,4.5,222,6,65,8,0.2322175732217573,0,0
4,4.7,373,5,38,1,0.8270509977827051,0,0
4,4.1,84,13,34,3,0.2326869806094182,0,0
4,4.4,147,22,56,1,0.4579439252336448,0,0
4,3.9,150,9,40,6,0.3836317135549872,0,0
4,4.2,20,18,75,8,0.0399201596806387,0,0
4,4.3,116,12,56,1,0.3853820598006645,0,0
4,3.8,57,17,87,3,0.1893687707641196,0,0
3,4.4,301,26,76,5,1.4975124378109452,0,0
4,4.3,43,26,51,5,0.1339563862928348,0,0
4,4.4,84,16,85,1,0.1397670549084858,0,0
4,3.9,153,14,84,6,0.3815461346633416,0,0
3,3.4,111,8,80,5,0.5522388059701493,0,0
4,4.0,235,19,89,2,0.5717761557177615,0,0
4,4.5,287,14,94,3,0.6363636363636364,0,0
4,4.1,232,15,95,4,0.5785536159600998,0,0
3,4.0,158,11,105,6,0.6294820717131474,0,0
3,4.5,97,27,42,7,0.3391608391608391,0,0
3,3.9,135,15,57,4,0.5378486055776892,0,0
3,4.1,258,8,61,2,1.0278884462151394,0,0
4,4.9,85,30,90,1,0.0264715042042977,0,0
3,4.3,618,11,58,1,3.074626865671642,0,0
4,4.8,542,18,109,2,1.2017738359201773,0,0
3,4.0,504,14,86,3,2.00796812749004,0,0
4,4.4,499,21,111,6,1.2443890274314215,0,0
3,4.2,581,6,70,1,2.314741035856574,0,0
4,4.1,251,15,59,1,0.6259351620947631,0,0
4,4.3,430,13,67,5,1.0723192019950123,0,0
4,4.6,892,15,65,2,1.6336996336996337,0,0
4,4.3,488,19,87,1,1.4743202416918428,0,0
4,4.4,90,24,87,1,0.2990033222591362,0,0
4,4.4,743,15,72,1,1.647450110864745,0,0
4,3.8,390,19,77,2,1.080332409972299,0,0
3,3.4,118,19,48,1,0.0589705147426286,0,0
2,2.4,240,23,48,3,0.1332593003886729,0,0
3,3.7,157,15,47,3,0.0627748900439824,0,0
3,3.6,83,14,46,2,0.041479260369815,0,0
3,4.0,209,11,47,4,0.0835665733706517,0,0
3,4.0,114,7,74,1,0.0455817672930827,0,0
2,3.5,80,16,35,3,0.0532978014656895,0,0
4,4.0,166,15,31,2,0.0414896275931017,0,0
2,4.5,146,28,58,2,0.1122213681783243,0,0
3,3.8,81,10,50,3,0.0231362467866323,0,0
3,2.5,93,12,46,3,0.0464767616191904,0,0
3,4.2,158,15,61,2,0.0658059142024156,0,0
2,4.2,49,15,38,2,0.0489510489510489,0,0
2,4.1,122,18,54,2,0.1218781218781218,0,0
3,4.2,171,17,39,3,0.0569810063312229,0,0
4,4.0,196,25,64,2,0.0435458786936236,0,0
3,4.2,286,10,44,4,0.0953015661446184,0,0
4,4.9,203,16,44,1,0.0507373156710822,0,0
3,4.1,58,12,65,2,0.0289855072463768,0,0
2,4.1,199,13,44,1,0.1988011988011988,0,0
3,4.2,134,11,62,1,1.887323943661972,0,0
3,4.6,124,22,59,1,1.7464788732394363,0,0
3,4.2,212,20,57,2,2.099009900990099,0,0
2,4.3,126,15,69,2,3.5,0,0
2,3.4,115,4,71,2,2.2549019607843137,0,0
3,4.5,231,25,70,1,2.287128712871287,0,0
3,4.4,296,17,62,2,4.852459016393443,0,0
3,4.9,95,12,68,1,1.1728395061728396,0,0
4,4.4,115,7,66,3,0.7615894039735099,0,0
4,4.1,97,7,85,1,0.2418952618453865,0,0
3,4.3,106,8,86,2,1.7377049180327868,0,0
3,4.2,79,11,92,1,1.1126760563380282,0,0
2,4.6,109,24,64,2,2.658536585365854,0,0
2,4.4,72,13,65,3,1.411764705882353,0,0
3,3.8,123,9,54,1,1.5185185185185186,0,0
3,4.2,103,9,65,2,1.0198019801980198,0,0
2,4.3,103,11,82,1,2.019607843137255,0,0
3,4.4,131,11,59,3,1.8450704225352117,0,0
3,4.2,152,11,68,3,2.140845070422535,0,0
2,4.7,104,15,58,1,2.5365853658536586,0,0
2,4.7,1311,19,89,1,25.705882352941178,0,0
2,4.9,1042,9,68,1,33.61290322580645,0,0
3,4.2,874,7,71,2,10.790123456790123,0,0
4,4.9,522,16,74,1,3.984732824427481,0,0
3,4.2,877,15,67,3,11.539473684210526,0,0
3,3.7,506,14,68,1,6.246913580246914,0,0
2,4.5,761,12,84,1,21.13888888888889,0,0
2,4.7,1305,21,100,2,31.82926829268293,0,0
3,4.3,870,8,99,2,9.56043956043956,0,0
3,4.1,788,11,103,1,9.728395061728396,0,0
3,4.2,1034,12,77,3,9.754716981132075,0,0
4,3.7,661,5,73,2,3.865497076023392,0,0
4,4.0,901,11,75,1,7.446280991735537,0,0
2,4.0,591,24,65,1,10.553571428571429,0,0
